{
  "type": "FeatureCollection",
  "features": [
    {
      "type": "Feature",
      "id": 95130,
      "geometry": {
        "type": "Point",
        "coordinates": [
          148.386062,
          -35.753159
        ],
        "collections": []
      },
      "properties": {
        "webLinks": [
          {
            "linkText": "Snowy 2.0 roads and access",
            "linkURL": "https://www.snowyhydro.com.au/snowy-20/roads-and-access/"
          }
        ],
        "headline": "",
        "periods": [
          {
            "closureType": "ROAD_CLOSURE",
            "roadextent": "Closed",
            "roadtype": "Road",
            "direction": "Both directions",
            "finishTime": "",
            "fromDay": "Every Day",
            "startTime": "all day",
            "toDay": ""
          }
        ],
        "speedLimit": -1,
        "weblinkUrl": null,
        "expectedDelay": -1,
        "ended": false,
        "isNewIncident": false,
        "publicTransport": "",
        "impactingNetwork": false,
        "subCategoryB": null,
        "arrangementAttachments": [],
        "isInitialReport": false,
        "created": 1623975269000,
        "isMajor": false,
        "name": null,
        "subCategoryA": "null",
        "adviceA": "Plan your journey",
        "adviceB": "Use an alternative route",
        "adviceC": " ",
        "end": 1801393200000,
        "hideEndDate": false,
        "incidentKind": "Planned",
        "mainCategory": "CHANGED TRAFFIC CONDITIONS",
        "lastUpdated": 1770552021647,
        "otherAdvice": "<p><strong>Snowy 2.0 construction vehicles only will be allowed access.</strong></p>",
        "arrangementElements": [],
        "diversions": "",
        "additionalInfo": [],
        "weblinkName": null,
        "attendingGroups": null,
        "encodedPolylines": [
          {
            "levels": "",
            "direction": "BOTH_DIRECTIONS",
            "coords": "fpsxEae{h[PCF?B?B?B@BDDFDFDJHVJZ@DJ^L`@Jb@DRDLBFBDBBFBB@D?HCXGPGb@KRGLCLAJANA^E^Ib@K\\K|@Sx@UTGDAVIl@QXMXKXOJGRILGv@[\\M`@OJEJCNCJAP?NAPAp@?\\CXATA^GHEFCDEFEBCLOFI@ALYRq@Re@DIDGFILG^QLE\\G^INCLENIXOb@YDAVMXQLGBC^MNEHCLGHGDEFIBIVg@BKDGRWFGLMJI@CROFCNKh@SLIHELEHAXEH?F?HBF@D@JDNF@?LBH@NBF?RC@?XEj@KD?LCJCHEJEJILIHGDG@CDEHYP_@Tg@Pi@FSDMBC@EFKFIDC@CFEFCFCDAJCPCB?PAV?V?d@?B?TAL?TALCDA\\KZKBALELGHEHGHIHKLQDEDGHKHIDE^[VM@Ap@UXKVIVIREVE|AMn@CD?VAh@Ef@Ct@APAT?Z@TAP?T?^AF?d@AX@J@l@Bb@B^B`@Lf@Tf@ZB@j@Xp@X\\NB@`Ab@^Np@XPFj@Px@TPFNDVJLDl@RZPp@d@RLJF^Xx@n@\\VLJl@`@d@^BBh@^DDd@VXNNF^Jb@NXB\\AlACh@KTAN?f@@d@?L?n@@|@@dADjADbA@L?h@Ar@@`@CL?TE@?XEVGPG\\Q@At@e@b@Uf@OXKb@OfAg@RKHEFCPGFALATCPCTG\\Kb@K^K`@Kb@KHAv@QRELEB?HARCD?h@?n@?p@HB?b@?\\AD?b@?|@CHA^CnAIp@@N?`@?V@LBVBVDVBN@P@PAPCNAREXGj@Gv@Kn@EB?h@GZCLAh@Mj@M`@KRI`@IRE@ARC^IPAVCx@?|@Dt@Hr@Hb@DfADLDD@DD@?BBDDDHLRJXZv@JVFRJN@DFJHPLVN\\J`@Rt@DLDNBFBDFLNh@Jx@?@PvA?BLr@H`@FPFHDFBBB@B@D?FA@?BAVEVGVGRCF@B?PDRJNLLNPPt@v@@@VTBDf@h@vAfA`@ZJH@@LHPJ|@f@?@zAx@b@Xp@b@pAbAPN\\VZRFFNJh@^NJn@ZXL@?FBLBRBb@D@?d@@H?l@DB@R@Z?N?RAB?^AN@JBLBLDJ@P@NAB?NC`@IFAVGTA@?RB^FPDZHl@Lb@LRHFBLHVZPPRNJBF@P@P?XI@?XQ`@Yj@k@XWJQBELOJKNEB?HAL?LEPEXMTGRGPCTAR@TBJFHDRN?@FDDB@D@B@B?D@J?PAb@@H@TDRDH?@BBDDBBLFB?J@V@B?TAFAPC`@MXGNGHEBENODGLQR_@T_@b@a@f@]@A^S\\UX[Z_@DE^_@POFGVMRKHEz@a@DEp@c@LGVQFAZKt@IpAMn@IF?~AId@Ab@AV?B?vA?ZBx@FLBTBF@d@NTLHFJLDFBD@B?D@F?HAFERELGRITa@nACHKZK\\Ob@CJ?@AD?F?F?BBH@DBLBX?b@?J?b@A\\?TAF@J@H@J@FDHBDBDB@B@@@B@D@B?B?B?DABABADANKPOPKj@_@RKd@WZULGHEB?DAL@N?D?JAHAFAFEHGNQTYTQFELIPGLGNEB?LCLENCVEH?F@DBBBBBDHFRNVDHFHLHL@J?LAJ?NBPHRJLF@?NDV@NATCVGb@QHCTODCVKNAJ?LDNDLH@?TPTRLNHPDL?@@H?LCJCJIL_@f@CDKPCFABAB?D@D?B@DBFDJ?@FH`@v@R\\JPHPFRBVFXBRHLJNLLHHHDHDPL@BHLHPDTBR?T?TDTDT@@DPDJDD@?DBD?B?D?FCDCJCFELCHAXC^CD?^A\\CB@R@b@HNBN@b@DP@z@JlAHb@BB?T@`@BN@P@XAXC@?L?N?D@L@LBDDHDLRJVHNHRJLBDNJLJLBNBN@RAPAPE@?VKf@QRIn@]\\QNIb@S`@O`@MLCb@GdAMf@Gh@En@MHE`@ODAn@Qb@IFAD?@?@@F@B@BBBBBBBDHLHZF\\BDHPLJBBLDTDTBF?F?P?LAF?D?B@B@FFDHFLDPDRFNJTFL@FBH@D?F?B?B?@A??@CBA@KBKBIFGJKHEDKHOFWHE@MBw@RA@_ARq@Lg@RMFEHEDADADAF?B?@?F@J@N@R@\\?TCVG\\I\\IXCLCN?TB\\?PBTFh@D`@@J@NDNBH@BHHLJNHPHFB^LZFJB`@@XANAXCLCJAB@B?HBFBFDLNPPTJZHNBVDRBNBH@B@HBDBBB@@BD@D@D?D@N@H?D@\\Hf@@HHb@Hp@DZ@L@BBNBLBDBFHJLHNJLFRFPDZDB?`@Dj@Bz@?DA^?B?VATEHADAD@@@B@FDBDBDDN@J?N?J?BAL?L@LBHBDFFDBLD\\JB@B@B@?@@@?@?@@?AB?BA@AHGPCHCFQd@Sh@Up@ENIX?H?DAD@LDTHVTl@Rb@NTNPLJPFJBNBZDd@FH@RDVFLDHFFHDH@RBX@`@@b@@VBRFNFRDRBN@BDRBN?@DJDHBB@??@B?@?@?@?@ABABAHGFGDCJMLOTYBCV_@FIJM@AFIFKDODOLc@Fc@HSHONMHEHEXIXMXUFEHKLO@AHGLKLENAJ@D?NAJAJEHGFKFKBM@M?ADQBMDQFQFMHMLMLKNIBANGHG@ABCHKJSR_@FMFIFGBA@AB?D?F@D?BBB@@@BB@D@D@D@NBP@LBD@@BB@@HBJBL@JDFF@?FJFNDN@XBP?N@R@RFN@BHHNRBBNNFFB@HHH@H?LELIPMJQ@CT]HOP_@JWLUFMNUNQPQPQJKDCLIJEFCZGd@C^APA^CTA@?TGRIPIDATKPITO@ALQLYPe@L]FOHK@CLMLMDEf@[x@a@VOXQDA`@QDATKLAL@HB@?HFJJDF@DFNDVBX@J?H@R@X@ZDTBXDT@T@PAR?BCPCZCXCPAJEFEDEDGDGBIDQBIDGDCDEHAJAXAXAX?R?DABA@ABA@C@EBODKDIDEFIJEJCFABAFGlAAV?`ACtACl@?FIh@Gb@CPQz@Kl@?@Ib@Cj@ADCh@A^?L@N@Z@BBTDRHPHNNPRPHJDD?B@@?B@DAB?DC@ABCDGHEJENAJALAN@B?L@NDVF`@J~@FR@JHT@DFNJPFRDR@B?HAPEREREREZCXCZAPGv@?L?^Df@@NBPFXLZBFRd@Vf@NZ@BDPDT?X?P?N?p@@b@@V@D@FBHDHDFDFHBJDD?B@L@L?BAF?NAJCBATGPIRQNOVg@DIZo@JW@AHOLODEBADCB?DAD@JBJDdAl@b@THFTJBBNDFBH@J@H@D?@@@?@@B@@@@D@F?F?F?B?L?PAF?P@XBxA@XDhB@j@?D@PBJ@D@@BDDBB@JBB?D@V@XBRBNFJFB@JHHJ@BJZFLJLBDFBJ@RBHDJJFRDPBP@D?N?V?BC\\CXGZGXCTEPAL?D@B?HBJ@J@J@DAHAJAJENGNGJINMNILIFGFKJKFOHQHOJONKJEBIHKDA?G@O@G?IAKCQIQGKCA?I?QBG?I@KDMFOFGDEBCFCB?BAD?B@D@B@B?@BDHHHJNNTNPP@@HJLP?@LRDN@@DNDj@D\\Ld@L`@?@@@JVHJBDBBFBF@B?@?F?FADCFCDEDGNUNSFIFILKDE@C@?BABABAB?D@@?B@@@DBLLHHLRJNLV@DHPHPBBDHFDBBDBB@@@D?F?FADCHCJIHIHOFMBC@ABA@?B?B@B@@BBBBB@@DHFLLXDLBHBN?FAHAJEHEJINIPEJAJAb@AZ?T@J@LDF?BFHHJJLHLJJHFD@JBf@LJ@JBJDDBTP@?PPZZFPBL@P@N?R@L@HBHDFDFDH@D@@?B@DAD?FAJELCFAD?@GNENAHAH@F?DBFDDD@B@F?H?NCPE^I^GDAHAB?B?@@B@@@@@@B@BBF@J?J?R?TC\\?L?B@B@B@B@B@B@@@?@?@@BAD?DA?AFCJIJMJSN[HQBEHOJOLIFEFAFAF@F?N?H@HAFCFEDEFM@EBO@[?E?CBo@B]?OB[@O?KAM?OAO@O?K?OCSEWMa@EQGOGUAAEQAK?I@GBGBGFI@AJKPOTSDCNI\\OXKJGJIJMX_@JQLSHMDI?ANWNWHUDSDYD]DWBO?CDQBI@E@A@CBCBCBAB?BAB@B?@@D@@@HDLJLHNDRFR@R?T@NAFAFALAHE@?FCFGHIBE@CDOBQBK@OBO?A@K@EDO@CBIDEBEBA@AB?@?B?B@DBFFDHLVTf@BFT`@HXBV?\\@d@AJA`@C\\EVADAJETABI`@ABK^KZMZGVCNAL?JBHDLFJDDFJ@BHNNXNZJR?@DDDDDBD?D?@?JCHCHEFEj@[d@Y`@Yf@WNGF?JCJ?T?N?H@JDJDHHBFBF?B@\\@Z@BD^JZ@BJRLTZ`@LRFJRV@?FJDJBHBJ@P?T?R@VDTBFBHHLJHLHNFBBVJRJNLHLHNFPDNBHBJFRJTNXHRDZBN@F?ZCb@Eb@Gb@ADIj@AT?NBNDNFLJLHDJHZTPJB@@?D@D?B?FCHENKLIJIh@[^SLIRGJAP?H@\\?@?L?F?FAFCDCFIJMDODSBOBa@Be@JyBByADiA@W?]?M?i@Am@?AAc@?S?M@I@C?A?A@A@CBA@?DAD@B@JDHDLJnAdAVVTLH@H?L?VIPODEFGJKVSRUNS@AFKHSLa@Ne@Pa@Ro@L]HSFMBEFE?AHELEFGFIFMHQHSPc@FKBIJU@EPe@BEL_@BIDI@EBEBCBADCDAPEB?XIXKJE@?FEBAFGFE?ABCBG@C@C@C@A@A@?@A@?@?@?@?D@HBXDH?H?F?JCJGLIXUTUJQFOBQFUDMFI@AFEBANGJA@?H?F@FDDDBBFJHNJN?@NNTVVRLHXPB@NLLHFFRPNNr@j@f@\\RJB@F@DAHA??Z}@\\uA^iAJUTa@HGHELERCL?HBVDPJPJt@z@HFVRLJFDF@F?L?NAXOHGJIDGFQFYBK?G@QE_@Om@Yy@Oa@AUCQ@SBWJWFMJIJILCRC^AZHPJLN\\d@^\\PLNDRDJAN?NELIJKFKDGBMBOBa@A_@EUQa@iAqAOSuA}AQa@K]E[@[@U@KHQHQJOJIHGLGLCF?P@PBv@`@|@p@tAjAhAdAb@h@z@rA^f@\\b@VNTJVHFB\\F^?b@GTGVIPKJGXYLYRg@Pq@P}@@MP_BXiCJo@DQ@KPYn@y@x@s@VQPQNWL[Nc@Nk@NeAJq@V}ATgBRw@DQh@oAd@w@f@o@p@o@f@Y~@WzAMxAKj@Ej@EvAMn@@`@FXB|A\\d@Df@@b@CLAJGPM@Ad@e@JOFOJe@De@FgB?e@?{@@k@PcALa@T]ZW??NPT^^d@DDRRJNJH@@FFDHDHBJ@FBHBLDJBFHJBFBH@J?J?LCJCNCNAH?L?@@F@H@FFJBFTf@N`@HRL\\HPLRBBVb@PZJT@DDL@D?D?DADCDCBEDMFMFODA?YJSFC?IFEDA@GFEHGJGFGHGFKFSHo@ZKDGFEDEFCJCJKt@?R@JBHBHFFJFVBX?h@GVGb@Mh@SNGJCH?D?H@N@LBLBNDZ@TAH?X?D?\\@`@DN@l@Dz@Fd@Hd@LLBXHH@ZFL?L@LEJGLM@CNYT]L_@JWHWBKPm@R{@DOFOJMJMLIRGTEBAZGd@Gf@IXEZ?^?L?B?J@NBTFRDNDJBL@FBHBJBH@L?N@PBLBNDJFJFHFHBFBF?F@HAL?d@?X?PBNFFB\\TPRBBRTJJJFHBL@TAD?P?TAHCNKFEFEFKBKFKDMHOHU@EBG@G@E@E?E@GAA?CGKAGEEIGCAIEMIIIGK?AKOEMAQCWCY?ECOCUACCOCQAQ?M?O@E?EBMBGBEJKLKFCJG@ANITINGHEDEDGBIDKBQ@QBKDMDMJQRYRYTSVW@ARUHKFKDG@EBIBKBMDOHWLYVe@\\m@?AJOHMFGFGBIBK?ABM?CBM@M?OAKCG?AAAAAAAAAAAA?CAA?G?I?MBUFOBQBO?C?KAGCCACAACAEEI?A?C?C?IBSBQBQ@K@CBQDQFMHMDEDEPONOPKNILI@CFIJMFOFSDMDKHKRSXSROPMPKHGDIBG?A@A?E?E?A?AAC?AGGW[CGAEAG@G@I@IDKN]LUFMBKBO@IAYAKCGCCCCECE?WAMBG@GAECCCAAAC?E?C?E?A?C?CBKJSHWJ[F[BG?CDW@O@OAKAICKCKEICE?AAEAC?A?C?A?C@A@G@A@C@CDCDCJAJCHCHEFIDGFMDE@CFKFS?ABIBGBEBCDABA@AB?B@B@HDHFDFDHBJFHFFHHB@DDHBJ@H@H?J@FBFDBHBHBPFPBJDHHFJDLDPBNDL@J@L@LAJAFAFCDC@A@A@A@C@E?C?E@E@E@IDGDEFAFAB?DAB?H@N@VBJ?B@B@D@BBFDDHFJBJDHDFDFFDFBLFNBB@D?P@PAPCJ?DALANCFCB?TIHEHAH?HA\\Bn@DV@RDPBJ@N?NANARARAVB^BPBN@b@NPB@?H?JALCHCF?F@PFLH^TTLPDRDR@ZBX@TDJ@N?T?L@HBHDHDJFDBF@B@BA@?@ABAHGNMRQDEHGPKNGPGBARINGTOXQJGJGRKJGDAD?B@D?B@@BFDFDBFDJDLFN@BDBB@B?H?DA@ANE\\Mj@U^STGLAF@D?D@B@BBB@@D@B@H?J?TAb@?\\@VDPFJDFBBFLDN?P?TAZ@V@DD`@H\\BLFRJTJPNN@?NHFBPFNFPH^JP@D@PAJCDA@?XK@?^MNGh@QLGLIHMHEHCJAH?N?LELGd@[`@[XUDEDGDEJUN_@Lg@Pe@BEVc@BCT]XSDCZKLCr@Or@Ih@KNEh@Mj@QNEREb@Ep@Ad@?fA@D?@?bACPAJ@JBHHFJDDNZFN`@|@X\\TPDBLJTHXDf@DH@n@DT@NBJDHFNJPRTPNJLFNBJ?DAF?NCBALCVKVMPOPIRMLILMFG@CBE@?@A@AB?@?B?J?PA\\GRCHAJ?D@F@PLPF@@NBN@NARGTMXKRITCP@VFB?R@TATAF?LCPABADAFANITITCV?VAb@GVKXMHCZSXURY@CR_@@C@EJ]L_@Na@HKDGRURQNOJKJQHWBEBGHSDIN[Xi@?AVo@Pi@JY@EFQJUBIFKDCBCNGB?FA?@H@FBRFVL^Nh@Ph@LXHF@XB\\?FAXE`@GPANAf@CF?N?R@J?V@D?XD\\FXDPDP@L?B@L?H@JD?@PNPPf@p@Z`@d@h@Pb@XZDFNTXb@@BT`@PXLPHHBBHFTJVLTLRP@@XTVRXRl@^LDNBNARCVERAx@KXEVEHAZCRCTGNERIVQVUHGJIVORITGTCHAd@CD?LARBNFB@NFVRVNVJFBNDRD@@ZHB?ZHRDz@NH@pA\\JBHBd@LV@F@^Av@Ml@MFATEv@Sb@On@_@PIjB}@v@]PG\\M\\MXC\\@^DZDd@B\\BB?N@RETENINSDMBKBMBS@y@?u@Cq@@sA?c@?_@BUD]Ng@FOJQHU`@gA^eBZuAPy@@qA?A?_CCo@Ck@AKAe@?Y@SDODO@?HIHGJGH?"
          },
          {
            "levels": "",
            "direction": "BOTH_DIRECTIONS",
            "coords": "lmxyEkxyh[BAP?R@X@f@Hj@LJDXHv@VT@f@B`AAd@@X@j@Dh@Fh@DVFH@XBXEFCPIVUTUTYHKZi@FMXs@d@s@?APQJKNINErCuArBgAlAq@f@c@xAgA~BuAt@e@p@[`AWd@OPG`@KNCHA\\A\\@@?XFZNLD@@TPNPLZFb@@FBZFb@@\\A\\?F@B@B@BDDDBFDHJHPr@~@DDb@f@TZTTVV^X\\RTDP?FAZEl@MRMHEVQh@W`@KVCJAb@Ff@Lp@Rb@Fb@DTBn@GRCbAMd@WHIPUFGVWNYN]J]Hc@FY@O@Q?Y?EQk@w@cBg@uAOy@Cq@Fq@L]VUd@a@NQBEXQ\\U@A`@Ub@_@f@[JE`Ac@h@Ut@WBA`@SRUN[P_@Zc@JMJKPI`@QTM|@QbA[PG^MlAW\\Cb@C`@Ol@StA_AZMf@SVSBAVWRYBGHQHQDKJa@FiADmB@_ALs@Tk@t@}@|Ao@hBg@tCc@bCKB?P?TBPB^FV?P?LAHCNI@CFKJQL_@BKDMBWDg@@W@[HyAh@}Bp@mAbAkAx@m@LEPAL?B?J@d@BPBB?P@L?N@JBL?PCJ?LBJDDBFBJDH?H?@?FAH?HAHAJCJ?LAZAZKb@IRGN@JBLDHBLFPJB@JFNLRLNDJBZ@f@EXINC\\IXCHA\\EVCRCNELGNONQPORQ`Au@BC@?b@Sj@]r@_@vCgAr@WpAw@ZY\\Y?ADGLQFOFOPg@Ny@@GBOFQBEFIJMVQLE@?VCN?PBLFNFNHDBT@j@D@?TDPFLFJDn@\\ZRn@^TL`@Pd@JJDNBHBF?B?BABABEBEP["
          }
        ],
        "duration": null,
        "start": 1550559600000,
        "displayName": "CHANGED TRAFFIC CONDITIONS Snowy 2.0 road closure",
        "roads": [
          {
            "conditionTendency": "",
            "crossStreet": "Snowy Mountains Highway",
            "delay": "",
            "impactedLanes": [],
            "locationQualifier": "between",
            "mainStreet": "Lobs Hole Ravine Road",
            "quadrant": "",
            "queueLength": 0,
            "region": "Snowy Mountains",
            "secondLocation": "Link Road",
            "suburb": "Yarrangobilly to Cabramurra",
            "trafficVolume": ""
          }
        ],
        "isLocalRoad": "Local road",
        "CategoryIcon": "ChangedConditions"
      }
    },
    {
      "type": "Feature",
      "id": 222355,
      "geometry": {
        "type": "Point",
        "coordinates": [
          152.3422904,
          -31.415138
        ],
        "collections": [
          {
            "type": "Point",
            "coordinates": [
              152.016007,
              -31.33652
            ]
          }
        ]
      },
      "properties": {
        "webLinks": [
          {
            "linkText": "Oxley Highway flood recovery",
            "linkURL": "https://www.transport.nsw.gov.au/projects/current-projects/oxley-highway-flood-recovery"
          }
        ],
        "headline": "",
        "periods": [],
        "speedLimit": 60,
        "weblinkUrl": null,
        "expectedDelay": -1,
        "ended": false,
        "isNewIncident": false,
        "publicTransport": "",
        "impactingNetwork": false,
        "subCategoryB": null,
        "arrangementAttachments": [],
        "isInitialReport": false,
        "created": 1738242967000,
        "isMajor": false,
        "name": null,
        "subCategoryA": "null",
        "adviceA": "Plan your journey",
        "adviceB": "Reduced speed limit",
        "adviceC": " ",
        "end": 1798695000000,
        "hideEndDate": false,
        "incidentKind": "Planned",
        "mainCategory": "CHANGED TRAFFIC CONDITIONS",
        "lastUpdated": 1775015867526,
        "otherAdvice": "<p>For sections, single lane traffic conditions will be in place. Motorists are advised to allow extra travel time.</p>",
        "arrangementElements": [],
        "diversions": "",
        "additionalInfo": [],
        "weblinkName": null,
        "attendingGroups": null,
        "encodedPolylines": [],
        "duration": null,
        "start": 1766035800000,
        "displayName": "CHANGED TRAFFIC CONDITIONS",
        "roads": [
          {
            "conditionTendency": "",
            "crossStreet": "Forbes River Road",
            "delay": "",
            "impactedLanes": [],
            "locationQualifier": "between",
            "mainStreet": "Oxley Highway",
            "quadrant": "",
            "queueLength": 0,
            "region": "North Coast NSW",
            "secondLocation": "Fenwicks Road (18km east of Yarrowitch)",
            "suburb": "Mount Seaview",
            "trafficVolume": ""
          }
        ],
        "isLocalRoad": "State road",
        "CategoryIcon": "ChangedConditions"
      }
    },
    {
      "type": "Feature",
      "id": 274882,
      "geometry": {
        "type": "Point",
        "coordinates": [
          149.1345826,
          -36.2193488
        ],
        "collections": []
      },
      "properties": {
        "webLinks": [],
        "headline": "",
        "periods": [
          {
            "closureType": "ROAD_CLOSURE",
            "roadextent": "Closed",
            "roadtype": "Bridge",
            "direction": "Both directions",
            "finishTime": "",
            "fromDay": "Every Day",
            "startTime": "all day",
            "toDay": ""
          }
        ],
        "speedLimit": -1,
        "weblinkUrl": null,
        "expectedDelay": -1,
        "ended": false,
        "isNewIncident": true,
        "publicTransport": "",
        "impactingNetwork": false,
        "subCategoryB": null,
        "arrangementAttachments": [],
        "isInitialReport": false,
        "created": 1779152525000,
        "isMajor": false,
        "name": null,
        "subCategoryA": "null",
        "adviceA": "Use diversions",
        "adviceB": " ",
        "adviceC": " ",
        "end": 1843372800000,
        "hideEndDate": true,
        "incidentKind": "Planned",
        "mainCategory": "CHANGED TRAFFIC CONDITIONS",
        "lastUpdated": 1779152526374,
        "otherAdvice": "",
        "arrangementElements": [],
        "diversions": "<p>Access to and from the Monaro Hwy available via Wangie St, Yareen Rd and Polo Flat Rd to the north or Wangie St and Yareen Rd to the south.</p>",
        "additionalInfo": [],
        "weblinkName": null,
        "attendingGroups": null,
        "encodedPolylines": [],
        "duration": null,
        "start": 1779656400000,
        "displayName": "CHANGED TRAFFIC CONDITIONS",
        "roads": [
          {
            "conditionTendency": "",
            "crossStreet": "",
            "delay": "",
            "impactedLanes": [],
            "locationQualifier": "at",
            "mainStreet": "Thurrung St",
            "quadrant": "",
            "queueLength": 0,
            "region": "Snowy Mountains",
            "secondLocation": "",
            "suburb": "Cooma",
            "trafficVolume": ""
          }
        ],
        "isLocalRoad": "State road",
        "CategoryIcon": "ChangedConditions"
      }
    },
    {
      "type": "Feature",
      "id": 117337,
      "geometry": {
        "type": "Point",
        "coordinates": [
          148.6138996,
          -35.9282462
        ],
        "collections": []
      },
      "properties": {
        "webLinks": [
          {
            "linkText": "Snowy Hydro 2.0",
            "linkURL": "https://www.snowyhydro.com.au/snowy-20/roads-and-access/"
          },
          {
            "linkText": "Future Generation",
            "linkURL": "https://www.futuregenerationjv.com.au/traffic"
          }
        ],
        "headline": "",
        "periods": [
          {
            "closureType": "ROAD_CLOSURE",
            "roadextent": "Affected",
            "roadtype": "",
            "direction": "Both directions",
            "finishTime": "",
            "fromDay": "Every Day",
            "startTime": "all day",
            "toDay": ""
          }
        ],
        "speedLimit": 50,
        "weblinkUrl": null,
        "expectedDelay": -1,
        "ended": false,
        "isNewIncident": false,
        "publicTransport": "",
        "impactingNetwork": false,
        "subCategoryB": null,
        "arrangementAttachments": [],
        "isInitialReport": false,
        "created": 1648163263000,
        "isMajor": false,
        "name": null,
        "subCategoryA": "null",
        "adviceA": "Reduced speed limit",
        "adviceB": "Check signage",
        "adviceC": " ",
        "end": 1909108800000,
        "hideEndDate": true,
        "incidentKind": "Planned",
        "mainCategory": "CHANGED TRAFFIC CONDITIONS",
        "lastUpdated": 1785388675096,
        "otherAdvice": "<p>A reduced speed limit is in place on Tantangara Rd for safety due to construction work associated with Snowy 2.0.</p>",
        "arrangementElements": [],
        "diversions": "",
        "additionalInfo": [],
        "weblinkName": null,
        "attendingGroups": null,
        "encodedPolylines": [],
        "duration": null,
        "start": 1650837600000,
        "displayName": "CHANGED TRAFFIC CONDITIONS Snowy 2.0",
        "roads": [
          {
            "conditionTendency": "",
            "crossStreet": "Snowy Mountains Highway",
            "delay": "",
            "impactedLanes": [],
            "locationQualifier": "between",
            "mainStreet": "Tantangara Road",
            "quadrant": "",
            "queueLength": 0,
            "region": "Snowy Mountains",
            "secondLocation": "Tantangra Dam",
            "suburb": "Kosciuszko National Park",
            "trafficVolume": ""
          }
        ],
        "isLocalRoad": "State road",
        "CategoryIcon": "ChangedConditions"
      }
    },
    {
      "type": "Feature",
      "id": 206983,
      "geometry": {
        "type": "Point",
        "coordinates": [
          150.0249197,
          -33.784505
        ],
        "collections": [
          {
            "type": "Point",
            "coordinates": [
              150.021696,
              -33.820145
            ]
          }
        ]
      },
      "properties": {
        "webLinks": [
          {
            "linkText": "Jenolan Caves Road project information",
            "linkURL": "https://roads-waterways.transport.nsw.gov.au/projects/west-region-projects/jenolan-caves-road/index.html"
          },
          {
            "linkText": "Driving to Jenolan",
            "linkURL": "https://www.jenolancaves.org.au/"
          }
        ],
        "headline": "",
        "periods": [
          {
            "closureType": "ROAD_CLOSURE",
            "roadextent": "Closed",
            "roadtype": "Road",
            "direction": "Both directions",
            "finishTime": "",
            "fromDay": "Every Day",
            "startTime": "all day",
            "toDay": ""
          }
        ],
        "speedLimit": -1,
        "weblinkUrl": null,
        "expectedDelay": -1,
        "ended": false,
        "isNewIncident": false,
        "publicTransport": "",
        "impactingNetwork": true,
        "subCategoryB": null,
        "arrangementAttachments": [],
        "isInitialReport": false,
        "created": 1725427473000,
        "isMajor": false,
        "name": null,
        "subCategoryA": "null",
        "adviceA": "Check signage",
        "adviceB": "Use diversions",
        "adviceC": "Plan your journey",
        "end": 1909103400000,
        "hideEndDate": true,
        "incidentKind": "Planned",
        "mainCategory": "CHANGED TRAFFIC CONDITIONS",
        "lastUpdated": 1785469184323,
        "otherAdvice": "<p><strong>There is no access to Jenolan Caves.</strong></p>",
        "arrangementElements": [],
        "diversions": "",
        "additionalInfo": [],
        "weblinkName": null,
        "attendingGroups": null,
        "encodedPolylines": [
          {
            "levels": "",
            "direction": "BOTH_DIRECTIONS",
            "coords": "|nlmEqbtr[a@[SSKIQMQQIICCGKCGCIAMAKEOCIMUACOQGMGGMUEKGY?CCWBWHc@BMJYAWBg@?CBe@Bk@?I@_@@[@O@ODU@CFSJOFGBADAJ?@ARCHEBADCBC@A@C@E?E?IKe@EWIOAAMQKQEYCGEMAM?I?C?E@G@I@G?E?C?ICIEGGGKMIQA?GQEQAAAWAS?A?Y?M?CBUBOJYFKBGHUBEFMLS@?LOFGBCJKJGDABAJ?P?@?J@RBRBR@D?TDBAB?D?ZHLBD@D?DAB??A@?@C@C?E?C?I?GAAAECGAIGOOi@W_@KMKGKGSO_@WECc@UMESCUBc@La@NQFs@Nu@N_@D]HK?EAEAA?AACCCCCGCO?M?M@M?ADg@AUAKCMCGEEIECCGCKEGCCCCAe@W[UMSIMEKCQ?CAM?W?A@Q@K@K@G@M?S?ACSGMACGGKIGGAA[U]YKEICKCKEKCKCOCICGAMAA?GAM?K?A?K@SFq@bAKRGHCDQNONOLOJOLIDGDK@C?IAKEICAAMGGEa@MIEMESECAOEG?E?A?C@C@CBADCFAFAB?ZAJCRK^ERCFEHEJEJA@AHCNENOTKLKHIFC@IBKDGBA@IBIDGFCBA@CDADAD?L@NFTBJ@LAJABCDABEDMHGBE@KDMDE@MDEBGDA@IHIHCDEBEBIFEBC?A@EAICGEECECIGGCGEIEICI?C?C?OFKHCBKLKHEBIBGBI@G@K?G?EACAE?EAG?GAC?K@MBIBGBQJEFEDEBGBI?QCOEQGOIAAICI?G?C?C@GBE@MJKLWVCBE?C?C?CAYIGCKCKAIAIAOEICIEKGEIAAIIKGECCCKEKECAGAMAKAA?MAM?OCECECCGCEACAIAG?IBI@EBIBGHKFKRM\\UDEXQVODCHCPMLONOHGPS@APWPYHKDGNYTa@NYDI@C@IBI?I?E?C?ICGAGCGAACCCAECSCYGGAgAOGAYIIEUKGEUSSSGEm@c@g@]EC[U?A[[OMc@e@CCW_@?AQa@CGO_@Ke@AICS?K?W@S?CFe@BKTi@`@u@DIHIJE^SBCZOJGPMPKLE`@MFAXK`@O`@MNGPCb@I`@Ib@I\\Gd@M^K@ARGLCHGNS@AJOFQ?ADS@O?E?QCSACGMKMCCEEMG[QOEA?a@EKAUGUIKEKEm@YEC_@UECKEOEMESAc@CEA]@c@?A?a@BO@QFa@PA?M@]FWBA?a@AUAMAICWCA?KCUCCASCK@E@S?Y?U?W?U?W?UAMAGASCG?MAI?U?SBE?O?Q@A?KBODOBEBA@GDGHEJETKZCJELKTEHKZA?ITGVCJERABAJEXCVCPC`@AFAJ?P@L@HFPPZLJDDXN@?XLB@^N\\LBB^T?@PJJFB@HJDJ@D@DDJBHB\\CX?FO`AIf@Oj@Uh@IPIPSb@?@S`@?@W\\A@[d@QVCFSX?@WXA@QREJGNITCFMZABM`@CHE\\CHCFCHEJU`@EDQXYd@o@v@Y\\UVCDABENERE^AHEj@EXK\\KRMR[h@Wd@A@MTGBC@A@I@KAIEC?KCSKSGKCGAS?SDUFGBYJMDKHONOPABWVA?SLGBGBK?IAG?CAICKCGCMCUCMCKAKAM?Q@A?K?MCKEIIMIMEMCI?E@M@MDQJEFCDABM^?@KXEJEJMVGJKJEBOJQDa@J?@a@FC@O?ICE?GAIEGEECCAEGIGKIQKQIYKOEg@QKGUMGG]WGEA?CEGKKUKSGGGGICICIAK?I@I?U@I?K?SCEAYEIAIASEC?QCUA{@EG?S?OAC?SAWEEAGEEEEGCMAIAG?CAW?M?K?YAK?M@I@K?AHUFMBEP[T_@?AR[BCHOHS@?BKBKBK?C@U?U?ACYAKAAAIEIEICEAEOQEGQQGEAAOKOGCAIESGSGSGICIAIAUAU?]Ae@BW@E?Q@QC[AOCUICAMKYMICIAUCU?I?U@SDOBC@UFGBKBIBq@Pw@Xo@j@i@xAYbAS`ASzA?ZCVENILe@f@i@XOTQj@EXEh@A`AE^YbAc@z@m@d@sChAiAbAW^m@l@yBjBy@^{@\\mBj@_ANs@@"
          },
          {
            "levels": "",
            "direction": "BOTH_DIRECTIONS",
            "coords": "twfmEkbvr["
          }
        ],
        "duration": null,
        "start": 1725372000000,
        "displayName": "CHANGED TRAFFIC CONDITIONS Slope instability",
        "roads": [
          {
            "conditionTendency": "",
            "crossStreet": "Binoomea Ridge Trail",
            "delay": "",
            "impactedLanes": [],
            "locationQualifier": "between",
            "mainStreet": "Jenolan Caves Road",
            "quadrant": "",
            "queueLength": 0,
            "region": "Blue Mountains",
            "secondLocation": "Jenolan Caves House",
            "suburb": "Jenolan",
            "trafficVolume": ""
          }
        ],
        "isLocalRoad": "State road",
        "CategoryIcon": "ChangedConditions"
      }
    },
    {
      "type": "Feature",
      "id": 233839,
      "geometry": {
        "type": "Point",
        "coordinates": [
          150.5208424,
          -34.7273229
        ],
        "collections": []
      },
      "properties": {
        "webLinks": [
          {
            "linkText": "Hampden Bridge",
            "linkURL": "https://www.transport.nsw.gov.au/projects/current-projects/hampden-bridge#:~:text=June%202025%20%E2%80%93%20Community%20update%20June,heavy%20loads%20across%20the%20bridge."
          }
        ],
        "headline": "",
        "periods": [
          {
            "closureType": "ROAD_CLOSURE",
            "roadextent": "Affected",
            "roadtype": "",
            "direction": "Both directions",
            "finishTime": "",
            "fromDay": "Every Day",
            "startTime": "all day",
            "toDay": ""
          }
        ],
        "speedLimit": -1,
        "weblinkUrl": null,
        "expectedDelay": -1,
        "ended": false,
        "isNewIncident": false,
        "publicTransport": "",
        "impactingNetwork": true,
        "subCategoryB": null,
        "arrangementAttachments": [],
        "isInitialReport": false,
        "created": 1746599074000,
        "isMajor": false,
        "name": null,
        "subCategoryA": "null",
        "adviceA": "Plan your journey",
        "adviceB": " ",
        "adviceC": " ",
        "end": 1830287760000,
        "hideEndDate": true,
        "incidentKind": "Planned",
        "mainCategory": "CHANGED TRAFFIC CONDITIONS",
        "lastUpdated": 1785969344028,
        "otherAdvice": "<p><strong>A reduced load limit is in place on Hampden Bridge.</strong></p><p>Heavy vehicles over 23 tonnes are restricted from using the bridge and will need to plan a suitable detour.</p><p>All other vehicles will not be affected and can continue to use the bridge.</p><p>Emergency services vehicles over 23 tonnes will still be able to use the bridge at all times.</p><p>Heavy Vehicle operators of Class 1,2, and 3 vehicles travelling under notice must consult their relevant enforceable <a href=\"https://maps.nhvr.gov.au/?networkLayerContext=NATIONAL_MAP&amp;view=Category\" rel=\"noopener noreferrer\" target=\"_blank\">network map</a> to confirm a suitable and approved detour route.</p>",
        "arrangementElements": [],
        "diversions": "",
        "additionalInfo": [],
        "weblinkName": null,
        "attendingGroups": null,
        "encodedPolylines": [],
        "duration": null,
        "start": 1778105760000,
        "displayName": "CHANGED TRAFFIC CONDITIONS Load limit",
        "roads": [
          {
            "conditionTendency": "",
            "crossStreet": "Hampden Bridge",
            "delay": "",
            "impactedLanes": [],
            "locationQualifier": "on",
            "mainStreet": "Moss Vale Road",
            "quadrant": "",
            "queueLength": 0,
            "region": "South Coast",
            "secondLocation": "",
            "suburb": "Kangaroo Valley",
            "trafficVolume": ""
          }
        ],
        "isLocalRoad": "State road",
        "CategoryIcon": "ChangedConditions"
      }
    },
    {
      "type": "Feature",
      "id": 283808,
      "geometry": {
        "type": "Point",
        "coordinates": [
          148.9422449,
          -32.5400735
        ],
        "collections": [
          {
            "type": "Point",
            "coordinates": [
              150.353811,
              -32.139058
            ]
          },
          {
            "type": "Point",
            "coordinates": [
              150.71951,
              -32.376471
            ]
          },
          {
            "type": "Point",
            "coordinates": [
              151.532833,
              -32.830728
            ]
          }
        ]
      },
      "properties": {
        "webLinks": [
          {
            "linkText": "Road network impacts - Port of Newcastle to Central West",
            "linkURL": "https://www.transport.nsw.gov.au/projects/current-projects/road-network-impacts-%E2%80%93-port-of-newcastle-to-central-west"
          },
          {
            "linkText": "Squadron Energy delivery schedule",
            "linkURL": "https://squadronenergy.com/uwf-osom-delivery-schedule/"
          }
        ],
        "headline": "",
        "periods": [],
        "speedLimit": -1,
        "weblinkUrl": null,
        "expectedDelay": -1,
        "ended": false,
        "isNewIncident": false,
        "publicTransport": "",
        "impactingNetwork": true,
        "subCategoryB": null,
        "arrangementAttachments": [],
        "isInitialReport": false,
        "created": 1786070074000,
        "isMajor": false,
        "name": null,
        "subCategoryA": "Oversize vehicle",
        "adviceA": "Allow extra travel time",
        "adviceB": "Follow directions on site",
        "adviceC": "Plan your journey",
        "end": 1830215880000,
        "hideEndDate": true,
        "incidentKind": "Planned",
        "mainCategory": "CHANGED TRAFFIC CONDITIONS",
        "lastUpdated": 1788130172444,
        "otherAdvice": "<p>Oversize and Overmass (OSOM) deliveries are underway. The 80-metre long wind turbine blades are being transported from the Port of Newcastle to the Uungula Wind Farm development near Wellington in the Central West Orana. Multiple OSOM movements will leave each week, although the number may vary. </p><p>The blade components are scheduled to leave the Port at night time to minimise impacts around the Newcastle precinct. These vehicles are then expected to be travelling between Warkworth and Wellington during daylight hours.</p><p>Traffic may be held, or there may be delays at the following key locations:</p><ul><li>The intersection of John Renshaw Dr and Hunter Expressway</li><li>Golden Hwy at Mount Thorley, Denman, Merriwa and Saxa Road</li><li>Mitchell Hwy onto Goolma Rd</li><li>Goolma Rd and Twelve Mile Rd</li></ul><p>Motorists are urged to slow down and exercise caution when approaching or passing an OSOM load.</p><p> </p>",
        "arrangementElements": [],
        "diversions": "",
        "additionalInfo": [],
        "weblinkName": null,
        "attendingGroups": null,
        "encodedPolylines": [],
        "duration": null,
        "start": 1786287600000,
        "displayName": "CHANGED TRAFFIC CONDITIONS OSOM vehicle movement",
        "roads": [
          {
            "conditionTendency": "",
            "crossStreet": "",
            "delay": "",
            "impactedLanes": [],
            "locationQualifier": "at",
            "mainStreet": "John Renshaw Drive, Hunter Expressway and Golden Highway",
            "quadrant": "",
            "queueLength": 0,
            "region": "Central NSW",
            "secondLocation": "",
            "suburb": "Newcastle to Wellington",
            "trafficVolume": ""
          }
        ],
        "isLocalRoad": "State road",
        "CategoryIcon": "ChangedConditions"
      }
    },
    {
      "type": "Feature",
      "id": 280988,
      "geometry": {
        "type": "Point",
        "coordinates": [
          148.8103266,
          -32.4304519
        ],
        "collections": []
      },
      "properties": {
        "webLinks": [],
        "headline": "",
        "periods": [
          {
            "closureType": "ROAD_CLOSURE",
            "roadextent": "Affected",
            "roadtype": "Bridge",
            "direction": "Both directions",
            "finishTime": "5:00pm",
            "fromDay": "Weekdays",
            "startTime": "7:00am",
            "toDay": ""
          }
        ],
        "speedLimit": 20,
        "weblinkUrl": null,
        "expectedDelay": -1,
        "ended": false,
        "isNewIncident": false,
        "publicTransport": "",
        "impactingNetwork": false,
        "subCategoryB": null,
        "arrangementAttachments": [
          {
            "displayName": "ScabbingFlatWorkLocation",
            "fileName": "ScabbingFlatWorkLocation.png",
            "fileType": "PNG",
            "linkName": "ScabbingFlatWorkLocation",
            "sizeInBytes": 57965,
            "uniqueFileName": "734829_1780465444231_ScabbingFlatWorkLocation.png"
          }
        ],
        "isInitialReport": false,
        "created": 1783886463000,
        "isMajor": false,
        "name": null,
        "subCategoryA": "Oversize vehicle",
        "adviceA": "Reduced speed limit",
        "adviceB": "Use diversions",
        "adviceC": "Check signage",
        "end": 1792735200000,
        "hideEndDate": false,
        "incidentKind": "Planned",
        "mainCategory": "CHANGED TRAFFIC CONDITIONS",
        "lastUpdated": 1788131152015,
        "otherAdvice": "<p> Temporary width restriction of 3.4 metres and speed limit of 20km/h on the bridge.  Motorists are advised to allow approximately 25-45 minutes of additional travel time.</p>",
        "arrangementElements": [],
        "diversions": "<p>Vehicles over 3.4 metres wide will need to follow these detours:  </p><ul><li> Via Dubbo: Obley Road, Benolong Road, Terrabella Road, Arthurville Road </li><li>Via Wellington: Renshaw McGirr Way, Suntop Road, Arthurville Road. </li></ul><p><br></p>",
        "additionalInfo": [],
        "weblinkName": null,
        "attendingGroups": null,
        "encodedPolylines": [],
        "duration": null,
        "start": 1784494800000,
        "displayName": "CHANGED TRAFFIC CONDITIONS Oversize vehicle",
        "roads": [
          {
            "conditionTendency": "",
            "crossStreet": "Scabbing Flat Bridge",
            "delay": "",
            "impactedLanes": [],
            "locationQualifier": "at",
            "mainStreet": "Arthurville Road",
            "quadrant": "",
            "queueLength": 0,
            "region": "Central NSW",
            "secondLocation": "",
            "suburb": "Geurie",
            "trafficVolume": ""
          }
        ],
        "isLocalRoad": "State road",
        "CategoryIcon": "ChangedConditions"
      }
    },
    {
      "type": "Feature",
      "id": 287050,
      "geometry": {
        "type": "Point",
        "coordinates": [
          145.7025694,
          -34.5243417
        ],
        "collections": []
      },
      "properties": {
        "webLinks": [],
        "headline": "",
        "periods": [],
        "speedLimit": -1,
        "weblinkUrl": null,
        "expectedDelay": -1,
        "ended": false,
        "isNewIncident": true,
        "publicTransport": "",
        "impactingNetwork": false,
        "subCategoryB": null,
        "arrangementAttachments": [],
        "isInitialReport": false,
        "created": 1788497914000,
        "isMajor": false,
        "name": null,
        "subCategoryA": "null",
        "adviceA": "Plan your journey",
        "adviceB": " ",
        "adviceC": " ",
        "end": 1791895500000,
        "hideEndDate": false,
        "incidentKind": "Planned",
        "mainCategory": "CHANGED TRAFFIC CONDITIONS",
        "lastUpdated": 1788497914654,
        "otherAdvice": "<p>Birdcage Rest Area Westbound is closed.</p><p>To view other alternative rest areas please see the <a href=\"https://maps.transport.nsw.gov.au/egeomaps/rest-areas/index.html\" rel=\"noopener noreferrer\" target=\"_blank\">Rest Areas Map</a>.</p>",
        "arrangementElements": [],
        "diversions": "",
        "additionalInfo": [],
        "weblinkName": null,
        "attendingGroups": null,
        "encodedPolylines": [],
        "duration": null,
        "start": 1789481700000,
        "displayName": "CHANGED TRAFFIC CONDITIONS Rest area closure",
        "roads": [
          {
            "conditionTendency": "",
            "crossStreet": "Birdcage Rest Area Westbound",
            "delay": "",
            "impactedLanes": [],
            "locationQualifier": "at",
            "mainStreet": "Sturt Highway",
            "quadrant": "",
            "queueLength": 0,
            "region": "Riverina",
            "secondLocation": "",
            "suburb": "Darlington Point",
            "trafficVolume": ""
          }
        ],
        "isLocalRoad": "State road",
        "CategoryIcon": "ChangedConditions"
      }
    },
    {
      "type": "Feature",
      "id": 283108,
      "geometry": {
        "type": "Point",
        "coordinates": [
          149.6498766,
          -33.0737751
        ],
        "collections": []
      },
      "properties": {
        "webLinks": [],
        "headline": "",
        "periods": [
          {
            "closureType": "ROAD_CLOSURE",
            "roadextent": "Affected",
            "roadtype": "",
            "direction": "Both directions",
            "finishTime": "",
            "fromDay": "Every Day",
            "startTime": "all day",
            "toDay": ""
          }
        ],
        "speedLimit": 40,
        "weblinkUrl": null,
        "expectedDelay": -1,
        "ended": false,
        "isNewIncident": false,
        "publicTransport": "",
        "impactingNetwork": true,
        "subCategoryB": null,
        "arrangementAttachments": [
          {
            "displayName": "WallabyRocksBridge",
            "fileName": "WallabyRocksBridge.png",
            "fileType": "PNG",
            "linkName": "WallabyRocksBridge",
            "sizeInBytes": 274766,
            "uniqueFileName": "322413_1788745987000_WallabyRocksBridge.png"
          }
        ],
        "isInitialReport": false,
        "created": 1785458266000,
        "isMajor": false,
        "name": null,
        "subCategoryA": "null",
        "adviceA": "Plan your journey",
        "adviceB": "Reduced speed limit",
        "adviceC": " ",
        "end": 1806528840000,
        "hideEndDate": true,
        "incidentKind": "Planned",
        "mainCategory": "CHANGED TRAFFIC CONDITIONS",
        "lastUpdated": 1788749964949,
        "otherAdvice": "<p><strong>A temporary 23-tonne load limit and 3.2m width restriction on the bridge is in place.</strong></p><p>Alternating (stop/slow) traffic conditions will be in place during work hours - Monday to Friday, 7am to 6pm Motorists are advised to allow approximately 10 minutes of additional travel time.</p>",
        "arrangementElements": [
          {
            "html": "<p>Vehicles over 23 tonnes or wider than 3.2m will need to use Sofala Rd and Castlereagh Hwy instead.  </p>",
            "title": "Width restriction - OSOM vehicles",
            "id": "906300"
          }
        ],
        "diversions": "<p>Vehicles over 23 tonnes or wider than 3.2m will need to use Sofala Rd and Castlereagh Hwy instead.  </p><p>Local heavy vehicle operators using this detour route may need to add an additional 1.5 to 2 hours travel time, depending on their origin and destination.</p>",
        "additionalInfo": [],
        "weblinkName": null,
        "attendingGroups": null,
        "encodedPolylines": [],
        "duration": null,
        "start": 1785450840000,
        "displayName": "CHANGED TRAFFIC CONDITIONS Load width limit",
        "roads": [
          {
            "conditionTendency": "",
            "crossStreet": "Wallaby Rocks Bridge",
            "delay": "",
            "impactedLanes": [],
            "locationQualifier": "at",
            "mainStreet": "Hill End Road",
            "quadrant": "",
            "queueLength": 0,
            "region": "Central NSW",
            "secondLocation": "",
            "suburb": "Sofala",
            "trafficVolume": ""
          }
        ],
        "isLocalRoad": "Local road",
        "CategoryIcon": "ChangedConditions"
      }
    },
    {
      "type": "Feature",
      "id": 164430,
      "geometry": {
        "type": "Point",
        "coordinates": [
          151.2108136,
          -33.851909
        ],
        "collections": []
      },
      "properties": {
        "webLinks": [],
        "headline": "",
        "periods": [
          {
            "closureType": "ROAD_CLOSURE",
            "roadextent": "Affected",
            "roadtype": "",
            "direction": "Both directions",
            "finishTime": "5:00am",
            "fromDay": "Every Night",
            "startTime": "9:00pm",
            "toDay": ""
          }
        ],
        "speedLimit": 40,
        "weblinkUrl": null,
        "expectedDelay": -1,
        "ended": false,
        "isNewIncident": false,
        "publicTransport": "",
        "impactingNetwork": true,
        "subCategoryB": null,
        "arrangementAttachments": [],
        "isInitialReport": false,
        "created": 1689675604000,
        "isMajor": false,
        "name": null,
        "subCategoryA": "null",
        "adviceA": "Reduced speed limit",
        "adviceB": "Check signage",
        "adviceC": " ",
        "end": 1798651800000,
        "hideEndDate": true,
        "incidentKind": "Planned",
        "mainCategory": "CHANGED TRAFFIC CONDITIONS",
        "lastUpdated": 1789124688768,
        "otherAdvice": "<p>Changes to traffic conditions will be in place on the Sydney Harbour Bridge at various times while the bridge and other infrastructure are being upgraded and maintained. These changes include a combination of lane closures and speed reductions.</p><p>At least one lane will be maintained in each direction during work hours.</p><p>Access to Cahill Exp over Circular Quay southbound may not be available at times. Motorists can detour via the city using Grosvenor St, Bridge St, and Macquarie St for access to the Eastern Suburbs and airport.</p><p><br></p>",
        "arrangementElements": [],
        "diversions": "",
        "additionalInfo": [],
        "weblinkName": null,
        "attendingGroups": null,
        "encodedPolylines": [],
        "duration": null,
        "start": 1788264000000,
        "displayName": "CHANGED TRAFFIC CONDITIONS Sydney Harbour Bridge",
        "roads": [
          {
            "conditionTendency": "",
            "crossStreet": "",
            "delay": "",
            "impactedLanes": [],
            "locationQualifier": "at",
            "mainStreet": "Sydney Harbour Bridge",
            "quadrant": "",
            "queueLength": 0,
            "region": "Sydney",
            "secondLocation": "",
            "suburb": "Sydney",
            "trafficVolume": ""
          }
        ],
        "isLocalRoad": "State road",
        "CategoryIcon": "ChangedConditions"
      }
    },
    {
      "type": "Feature",
      "id": 212927,
      "geometry": {
        "type": "Point",
        "coordinates": [
          150.7698515,
          -33.7913423
        ],
        "collections": []
      },
      "properties": {
        "webLinks": [
          {
            "linkText": "Mamre Road upgrade",
            "linkURL": "https://www.transport.nsw.gov.au/projects/current-projects/mamre-road-upgrade-between-m4-motorway-st-clair-and-erskine-park-road"
          }
        ],
        "headline": "",
        "periods": [
          {
            "closureType": "ROAD_CLOSURE",
            "roadextent": "Affected",
            "roadtype": "",
            "direction": "Both directions",
            "finishTime": "",
            "fromDay": "Every Day",
            "startTime": "all day",
            "toDay": ""
          }
        ],
        "speedLimit": -1,
        "weblinkUrl": null,
        "expectedDelay": -1,
        "ended": false,
        "isNewIncident": false,
        "publicTransport": "",
        "impactingNetwork": true,
        "subCategoryB": null,
        "arrangementAttachments": [],
        "isInitialReport": false,
        "created": 1730435174000,
        "isMajor": false,
        "name": null,
        "subCategoryA": "null",
        "adviceA": "Check signage",
        "adviceB": "Exercise caution",
        "adviceC": "Expect delays",
        "end": 1845985500000,
        "hideEndDate": false,
        "incidentKind": "Planned",
        "mainCategory": "CHANGED TRAFFIC CONDITIONS",
        "lastUpdated": 1789377101462,
        "otherAdvice": "<p>Changed traffic conditions, including lane closures and reduced speed limits, will be in place at various times along Mamre Rd, and other nearby roads, as part of the Mamre Rd upgrade project.</p>",
        "arrangementElements": [
          {
            "html": "<p>Banks Drive will be closed in both directions between the following times;</p><p><br></p><p><strong>Mon 21, 28 Sep 8pm - 4am</strong></p><p><strong>Tue 22, 29 Sep 8pm - 4am</strong></p><p><strong>Wed 14 Oct 8pm - 4am</strong></p><p><strong>Thu 15 Oct 8pm - 4am</strong></p><p><br></p><p>Southbound motorists can use Solander Dr and Cook Pde.</p><p>Northbound Motorists cane use Mamre Rd and loop southbound via Wilson St, Atchison St and Hall St, Mamre Road and join the southbound detour.</p>",
            "title": "Banks Drive",
            "id": "910090"
          }
        ],
        "diversions": "",
        "additionalInfo": [],
        "weblinkName": null,
        "attendingGroups": null,
        "encodedPolylines": [],
        "duration": null,
        "start": 1730407620000,
        "displayName": "CHANGED TRAFFIC CONDITIONS Mamre Road upgrade",
        "roads": [
          {
            "conditionTendency": "",
            "crossStreet": "M4 Motorway",
            "delay": "",
            "impactedLanes": [],
            "locationQualifier": "between",
            "mainStreet": "Mamre Road",
            "quadrant": "",
            "queueLength": 0,
            "region": "Sydney",
            "secondLocation": "Erskine Park Road",
            "suburb": "St Clair to Erskine Park",
            "trafficVolume": ""
          }
        ],
        "isLocalRoad": "State road",
        "CategoryIcon": "ChangedConditions"
      }
    },
    {
      "type": "Feature",
      "id": 283985,
      "geometry": {
        "type": "Point",
        "coordinates": [
          141.851513,
          -31.481217
        ],
        "collections": []
      },
      "properties": {
        "webLinks": [],
        "headline": "",
        "periods": [],
        "speedLimit": -1,
        "weblinkUrl": null,
        "expectedDelay": -1,
        "ended": false,
        "isNewIncident": false,
        "publicTransport": "",
        "impactingNetwork": true,
        "subCategoryB": null,
        "arrangementAttachments": [],
        "isInitialReport": false,
        "created": 1786278900000,
        "isMajor": false,
        "name": null,
        "subCategoryA": "Road damage",
        "adviceA": "Exercise caution",
        "adviceB": " ",
        "adviceC": " ",
        "incidentKind": "Unplanned",
        "mainCategory": "HAZARD",
        "lastUpdated": 1790099902850,
        "otherAdvice": "<p><strong>The road is open with caution.</strong></p><p>Road conditions for Unincorporated Area of the Western Region are available on 08 8082 6660.</p>",
        "arrangementElements": [],
        "diversions": "",
        "additionalInfo": [],
        "weblinkName": null,
        "attendingGroups": null,
        "encodedPolylines": [],
        "displayName": "HAZARD Road damage",
        "roads": [
          {
            "conditionTendency": "",
            "crossStreet": "",
            "delay": "",
            "impactedLanes": [
              {
                "affectedDirection": "Both directions",
                "closedLanes": "",
                "description": "",
                "extent": "Affected",
                "numberOfLanes": "",
                "roadType": ""
              }
            ],
            "locationQualifier": "at",
            "mainStreet": "Mutawintji Road",
            "quadrant": "",
            "queueLength": 0,
            "region": "Far West NSW",
            "secondLocation": "",
            "suburb": "Fowlers Gap to Mutawintji National Park",
            "trafficVolume": ""
          }
        ],
        "isLocalRoad": "Local road",
        "CategoryIcon": "Hazard"
      }
    },
    {
      "type": "Feature",
      "id": 286280,
      "geometry": {
        "type": "Point",
        "coordinates": [
          141.540329,
          -31.049845
        ],
        "collections": []
      },
      "properties": {
        "webLinks": [],
        "headline": "",
        "periods": [],
        "speedLimit": -1,
        "weblinkUrl": null,
        "expectedDelay": -1,
        "ended": false,
        "isNewIncident": false,
        "publicTransport": "",
        "impactingNetwork": true,
        "subCategoryB": null,
        "arrangementAttachments": [],
        "isInitialReport": false,
        "created": 1787768276000,
        "isMajor": false,
        "name": null,
        "subCategoryA": "null",
        "adviceA": "Plan your journey",
        "adviceB": "Check signage",
        "adviceC": " ",
        "incidentKind": "Unplanned",
        "mainCategory": "OPEN TO  4WD ONLY",
        "lastUpdated": 1790099936502,
        "otherAdvice": "<p><strong>Due to recent rainfall and/or unstable road conditions, this road is open to 4WD vehicles only.</strong></p><p>Road conditions for Unincorporated Area of the Western Region are available on 08 8082 6660.</p>",
        "arrangementElements": [],
        "diversions": "",
        "additionalInfo": [],
        "weblinkName": null,
        "attendingGroups": null,
        "encodedPolylines": [
          {
            "levels": "",
            "direction": "BOTH_DIRECTIONS",
            "coords": "|sd}Dmet_ZULo@`@e@Z_@ZyAz@oAv@KFs@f@k@\\YRm@^aBdAg@\\aAn@eBhAgDxBC@wAbASJeAt@u@f@e@XwAz@cAp@aAl@c@XoAx@yA~@oD~BQJsAz@CBm@^[PMHi@\\u@h@}AbAe@XkBnAi@XQPKJ]TUXa@b@c@l@CBMPkAbB}AxB}@nAOPa@h@WVKL[X]X_Ap@{@f@c@XYRc@Vu@d@_@TcCbBkCbByAbAe@\\uA|@eBlAy@l@a@XMHGDURMJURoAdAmBzAcBpAu@j@]VqAfA]Xo@d@YVw@fAm@j@}AhBe@f@gAvA{AbBqAxAUZCBMLCBq@x@_AhAgAnAqAxAEDo@t@e@h@{AjBuBbC{@bAMNa@f@{CjDgCvCaBpBqB|Bk@p@_@`@c@f@m@r@GF_@f@[^W^Sb@Q`@Od@Wd@MZGRGRe@pAIXKVK^KZYv@mAnDe@tAq@fBe@nB[dBCPI|@WdDAp@?^?\\Hx@Nt@?BThAnBhK@HPbA@h@?f@Al@C`AGn@IjA[vC?@SvBSvBGl@Iv@KzASrBK`AEb@OnBGd@QzAYnDKpAQlBIt@It@aAzL?BANM|AUnCQlCQbCIx@O`CKvAATIfASrCC\\Cp@UzBUfDIrCEr@QpBMhBMfBKvAEr@?@OrBKxBKxBItAOzCSlDCd@OpBInBI|ACv@ADCb@IlACXEv@GrAI~AGjAALK|BGbAEl@KxAA^GbAK`CMxC?@OxCMjBIfBMzAIz@Ej@AFG^IZKZM\\S`@_@t@[r@Yj@_@n@CDYj@EHw@dBeArBgBhDS`@_@r@yAzCa@x@e@`Ak@dAQ\\IPOXYl@[j@a@z@Q^u@tAcAxBA@c@|@]l@Q\\QZA@Yb@i@z@eA|Ac@p@KPQZ}@pAk@~@MRIL_@j@{AzBEFc@j@m@n@WRKJ_BlA{@r@_Ax@EBIF]Xs@n@QLy@l@{BjBUP]V]VA?u@t@s@n@i@d@cAjAy@hAy@~@c@f@uBtCwAbBeAnAA?ABQT]`@w@|@m@t@Y^ILw@bA}@fAMLIJWX[`@u@`Au@bAMN_@d@c@\\]Va@XQFk@PiA^oBl@oBd@sAb@MBsCv@u@Tu@To@TKDq@Pg@HA?G@u@DI?Y@aA@wABeBD{@?O@O?K?]@iAB}DH{@Bq@?A?m@@K?}@AU?i@@yARk@JC@u@LqB\\IB_ANE@y@Ng@R_@NMFOJYTWVWZ[d@]r@e@x@c@n@OZs@vASb@aAlBkAvBMVA@OXQ^EFGPKNUb@[l@MREF_@n@GHIJk@f@aAx@cAdAo@n@ONy@t@e@b@QRURCBy@t@m@l@w@|@[ZSPa@`@ONsAfAaAv@w@j@KDc@Vm@Xy@^SJsAp@}@d@s@^m@Xe@TaAd@s@ZeAj@eAj@GB]RODc@P{@b@iAf@o@^aChAIFiAj@SJwAp@y@`@m@XiB|@KDmCnAyBdAkB|@_@Rs@\\uB`AiCnAkAh@GBMFkB|@KD]Nc@VkAh@cBv@k@XyAt@_A`@u@\\y@b@cAb@KF]POJ]Ni@TeAh@{Ar@_@PwB|@oAn@o@\\m@Vk@T[LKBQBo@Ns@R_B\\_ARe@JoAZ}@R{A\\}A\\mAV}@Tm@Pc@L_Cd@oGzAMBYFeDv@_FhAC?gAVaB\\mAXq@N{@Vs@PWDMBa@Jc@H_@HC?i@Jo@ReBd@uA`@a@LYHUHw@TkBp@}@Vc@J]Lg@ROBQFIBGBODc@Lg@Je@D]@[?a@Ii@Gg@K}@QgC_AcAq@eAo@yCmBYOMG_@O]K]IWGWEk@?w@NO@YLq@Tw@h@SLQL[Zc@p@Sb@EDSf@Ul@Oj@Qv@Mz@MdAG`@u@pFKlAK~@SzAQxAQxAq@zFOlAMfACVWjB]bDWnBS`B?Bc@nDc@zCWjBS~@?@Od@IVGLCFiBnEWn@wBpFwErL]x@uEhM{AdE]`A_@bAO`@e@jAYd@MN_@Zg@d@k@p@s@r@UXoBzBwDhE_@`@cBfBs@t@gCrCm@l@ED_AbAgBhB{@r@cAr@s@d@gBjA}DfCyA|@m@^UNmEtCGBi@Z[V_@TOJa@XSLqD|BaAj@}@h@e@`@YV{@t@a@\\MHcAl@u@d@a@To@^OJ]PKFQJa@Te@Tq@d@{@d@gB~@]TWNe@XGDiAp@_Af@{@b@k@\\qAt@a@RIFcDnBaCtAu@b@iAp@kBfAOHaB`AaAf@]R]NcAl@k@ZQJ}@j@k@\\GBk@\\q@^e@TQJ]TEBw@b@QHm@X_@XIDkAn@YNQJw@f@aAn@k@\\IDo@ZEBw@b@c@Vo@`@A@cBdAGBa@TaAp@s@^_A\\C@s@Rs@Nc@HUD[HQFEBo@TqA\\a@LGBUNC@KJMLMNc@`@OPMJ?@[Tk@^o@d@o@b@gAn@e@T]PMFuAb@C@_@Jc@Dw@Hw@JcAX[JC@MJULSPKJc@b@a@l@QXEHYf@Qj@Ol@Uz@Kj@EXCNYzAADKp@El@Eh@AXC\\ElAI|@Sr@U^Y^a@ZIHw@v@sB~AEBWTGDoAbA_CvBcAx@yAjA[V_CrBeBtACBGFy@t@u@j@e@h@[d@?@Ub@O`@I`@Cd@G`@Gv@?@Gx@G`@M^ABMRUTYPOFOFYF]FqAFyBFI?}@D}@DgCJmABS@wEP{BHyDPqAHO@yBLi@FM@_BLiCXUBKBu@Jo@Rc@PmAl@kAf@i@XWPk@ZGBmA|@eAz@_@\\kDlDsBtBEDYVgBfBmFlFuItI{@z@o@l@WXKLQPuArAcB`BCBk@j@mBpBeB`Be@f@k@h@ON_@^CB_BbBCBkCdCYX}@`AGFi@f@wBvBi@f@eAz@e@`@g@b@s@l@oBbBgCpBUPgCrBk@h@c@f@]b@QZIZMl@Ef@?@Cn@E`@Id@Qb@Sf@QVSTWTo@j@}AtA_JhI_FpE}@dAYl@MZA@ADAN?@IbAYlBOx@Od@CDUb@a@n@kArAGFgDtDkAnAoApAgCjCmAnA{B|BiFjFaAhAc@f@CB[Z[n@]x@YbAWlA_@rAg@`Au@`AIH{@x@oChB}CtBcGxDq@b@_@\\k@dA}EhSsBzIw@bDaDfNeDfNiCpKgBxGiD~NkCtK[nAOh@wCxLgDdNgDdNCLeDtMiDbNkBdIoDrNuBtJ{BhJAHuA~Ec@~AqDxIsG|Og@z@aApBu@~B?@y@zCyE~RuCdLU|@oD`NoD`NeDhMmD`NGR_ArDoBlHoBjHaAtDoD`No@bCaC~IoD`NoD`NiDdNwD~Mu@rCyBlIoDbN_AlDgBvHu@`DmBdIk@~C}@hEYvBc@zC}@`FUl@MZ]n@c@r@Y\\_@f@OPULo@\\aEpBuExBoAl@w@b@SNIH_@f@wFjIGFeHhKg@r@gHdKiHdKgCtDc@n@_BzBqAnBiCzDs@hAEHS`@Qf@Mr@Ij@E|@QpGUvHMlEYnKQ|F]jMC|@QpGOtFc@hOc@hOc@hOc@fOYfJErAGnB@n@Bb@DZHVJZR`@|@|AtBfDlD~FbEbHdAhBZj@Rd@Rd@Z|@l@hCVvAd@`CfCnMFXzAbIfB`K~AdJdClNjCvNd@nCrAxHxCbPjAvGnAjHv@jEj@vCZdBZ`BxAvIb@zBFTT`A^dAh@hAzBfFnFxLdCvFhBbEnFxLvDjIf@jAdB~DJTdBvD`CrFd@bAvDpIRb@rBxEtAtCh@v@"
          }
        ],
        "displayName": "OPEN TO  4WD ONLY",
        "roads": [
          {
            "conditionTendency": "",
            "crossStreet": "",
            "delay": "",
            "impactedLanes": [
              {
                "affectedDirection": "Both directions",
                "closedLanes": "",
                "description": "",
                "extent": "Closed",
                "numberOfLanes": "",
                "roadType": "Road"
              }
            ],
            "locationQualifier": "at",
            "mainStreet": "Mount Westwood Road",
            "quadrant": "",
            "queueLength": 0,
            "region": "Far West NSW",
            "secondLocation": "",
            "suburb": "Fowlers Gap to Teilta",
            "trafficVolume": ""
          }
        ],
        "isLocalRoad": "Local road",
        "CategoryIcon": "Hazard"
      }
    },
    {
      "type": "Feature",
      "id": 219785,
      "geometry": {
        "type": "Point",
        "coordinates": [
          151.6577908,
          -32.8128394
        ],
        "collections": [
          {
            "type": "Point",
            "coordinates": [
              151.634665,
              -32.838336
            ]
          }
        ]
      },
      "properties": {
        "webLinks": [
          {
            "linkText": "M1 Pacific Motorway extension to Raymond Terrace link",
            "linkURL": "https://www.transport.nsw.gov.au/projects/current-projects/m1-pacific-motorway-extension-to-raymond-terrace"
          },
          {
            "linkText": "Newcastle and surrounds traffic impacts",
            "linkURL": "https://www.transport.nsw.gov.au/projects/current-projects/newcastle-and-surrounds-traffic-impacts"
          }
        ],
        "headline": "",
        "periods": [],
        "speedLimit": -1,
        "weblinkUrl": null,
        "expectedDelay": -1,
        "ended": false,
        "isNewIncident": false,
        "publicTransport": "",
        "impactingNetwork": false,
        "subCategoryB": null,
        "arrangementAttachments": [],
        "isInitialReport": false,
        "created": 1736213111000,
        "isMajor": false,
        "name": null,
        "subCategoryA": "null",
        "adviceA": "Plan your journey",
        "adviceB": "Check signage",
        "adviceC": " ",
        "end": 1791929220000,
        "hideEndDate": true,
        "incidentKind": "Planned",
        "mainCategory": "CHANGED TRAFFIC CONDITIONS",
        "lastUpdated": 1790291273518,
        "otherAdvice": "<p>The on-ramp for the new M1 Pacific Mwy extension at Tarro <strong>has opened</strong>, providing northbound access from both John Renshaw Dr and the New England Hwy.</p><p>Follow signage while Google Maps is in the process of updating.</p>",
        "arrangementElements": [
          {
            "html": "<p>Operators of over size over mass vehicles with a ground contact wider than 3.2 metres and/or overall width greater than 4.5 metres are advised to contact the project team<strong> </strong>at least one day ahead of movement on 0438 792 728. Significant delays can occur through failure to contact. Please note vehicles travelling under a permit must not travel off the approved route listed in the permit unless an updated permit is obtained from the NHVR.<strong>﻿</strong></p>",
            "title": "Advice for operators of OSOM vehicles",
            "id": "915965"
          }
        ],
        "diversions": "",
        "additionalInfo": [],
        "weblinkName": null,
        "attendingGroups": null,
        "encodedPolylines": [],
        "duration": null,
        "start": 1790291220000,
        "displayName": "CHANGED TRAFFIC CONDITIONS M1 Pacific Motorway extension",
        "roads": [
          {
            "conditionTendency": "",
            "crossStreet": "Black Hill Road",
            "delay": "",
            "impactedLanes": [],
            "locationQualifier": "between",
            "mainStreet": "M1 Pacific Motorway/Pacific Highway",
            "quadrant": "",
            "queueLength": 0,
            "region": "Hunter",
            "secondLocation": "Old Punt Road",
            "suburb": "Black Hill to Tomago",
            "trafficVolume": ""
          }
        ],
        "isLocalRoad": "State road",
        "CategoryIcon": "ChangedConditions"
      }
    },
    {
      "type": "Feature",
      "id": 289875,
      "geometry": {
        "type": "Point",
        "coordinates": [
          148.200532,
          -33.02953
        ],
        "collections": []
      },
      "properties": {
        "webLinks": [],
        "headline": "",
        "periods": [],
        "speedLimit": 80,
        "weblinkUrl": null,
        "expectedDelay": -1,
        "ended": false,
        "isNewIncident": false,
        "publicTransport": "",
        "impactingNetwork": true,
        "subCategoryB": null,
        "arrangementAttachments": [],
        "isInitialReport": false,
        "created": 1790997137000,
        "isMajor": false,
        "name": null,
        "subCategoryA": "Road damage",
        "adviceA": "Reduced speed limit",
        "adviceB": "Exercise caution",
        "adviceC": " ",
        "incidentKind": "Unplanned",
        "mainCategory": "HAZARD",
        "lastUpdated": 1791081243459,
        "otherAdvice": "",
        "arrangementElements": [],
        "diversions": "",
        "additionalInfo": [],
        "weblinkName": null,
        "attendingGroups": [
          "Local Council"
        ],
        "encodedPolylines": [],
        "displayName": "HAZARD Road damage",
        "roads": [
          {
            "conditionTendency": "",
            "crossStreet": "Coobang Road",
            "delay": "",
            "impactedLanes": [
              {
                "affectedDirection": "Southbound",
                "closedLanes": "",
                "description": "",
                "extent": "Affected",
                "numberOfLanes": "",
                "roadType": ""
              }
            ],
            "locationQualifier": "near",
            "mainStreet": "Newell Highway",
            "quadrant": "",
            "queueLength": 0,
            "region": "Central NSW",
            "secondLocation": "",
            "suburb": "Parkes",
            "trafficVolume": ""
          }
        ],
        "isLocalRoad": "State road",
        "CategoryIcon": "Hazard"
      }
    },
    {
      "type": "Feature",
      "id": 286278,
      "geometry": {
        "type": "Point",
        "coordinates": [
          142.327316,
          -29.463568
        ],
        "collections": []
      },
      "properties": {
        "webLinks": [],
        "headline": "",
        "periods": [],
        "speedLimit": -1,
        "weblinkUrl": null,
        "expectedDelay": -1,
        "ended": false,
        "isNewIncident": false,
        "publicTransport": "",
        "impactingNetwork": true,
        "subCategoryB": null,
        "arrangementAttachments": [],
        "isInitialReport": false,
        "created": 1787768119000,
        "isMajor": false,
        "name": null,
        "subCategoryA": "Road damage",
        "adviceA": "Exercise caution",
        "adviceB": " ",
        "adviceC": " ",
        "incidentKind": "Unplanned",
        "mainCategory": "HAZARD",
        "lastUpdated": 1791130705580,
        "otherAdvice": "<p><strong>The road is open with caution.</strong></p><p><strong>﻿</strong>Road conditions for Unincorporated Area of the Western Region are available on 08 8082 6660.</p>",
        "arrangementElements": [],
        "diversions": "",
        "additionalInfo": [],
        "weblinkName": null,
        "attendingGroups": null,
        "encodedPolylines": [],
        "displayName": "HAZARD Road damage",
        "roads": [
          {
            "conditionTendency": "",
            "crossStreet": "",
            "delay": "",
            "impactedLanes": [
              {
                "affectedDirection": "Both directions",
                "closedLanes": "",
                "description": "",
                "extent": "Affected",
                "numberOfLanes": "",
                "roadType": "Road"
              }
            ],
            "locationQualifier": "at",
            "mainStreet": "Narriearra Road",
            "quadrant": "",
            "queueLength": 0,
            "region": "Far West NSW",
            "secondLocation": "",
            "suburb": "Tibooburra",
            "trafficVolume": ""
          }
        ],
        "isLocalRoad": "Local road",
        "CategoryIcon": "Hazard"
      }
    },
    {
      "type": "Feature",
      "id": 283989,
      "geometry": {
        "type": "Point",
        "coordinates": [
          141.2357198,
          -31.723257
        ],
        "collections": []
      },
      "properties": {
        "webLinks": [],
        "headline": "",
        "periods": [],
        "speedLimit": -1,
        "weblinkUrl": null,
        "expectedDelay": -1,
        "ended": false,
        "isNewIncident": false,
        "publicTransport": "",
        "impactingNetwork": true,
        "subCategoryB": null,
        "arrangementAttachments": [],
        "isInitialReport": false,
        "created": 1786279370000,
        "isMajor": false,
        "name": null,
        "subCategoryA": "null",
        "adviceA": "Plan your journey",
        "adviceB": "Check signage",
        "adviceC": " ",
        "incidentKind": "Unplanned",
        "mainCategory": "OPEN TO  4WD ONLY",
        "lastUpdated": 1791131235776,
        "otherAdvice": "<p><strong>Due to recent rainfall and/or unstable road conditions, this road is open to 4WD vehicles only.</strong></p><p>Road conditions for Unincorporated Area of the Western Region are available on 08 8082 6660.</p>",
        "arrangementElements": [],
        "diversions": "",
        "additionalInfo": [],
        "weblinkName": null,
        "attendingGroups": null,
        "encodedPolylines": [
          {
            "levels": "",
            "direction": "BOTH_DIRECTIONS",
            "coords": "lw`}Dk~k}Y]~JAVC|@ANAn@[vJAJGvA]fJAh@Ch@GlA?TYfHCdAEjACj@?LGnB?H[bICd@Ad@MlD[|ICdAA?MnE?lABt@Dp@Fn@@LLd@H~@Pr@Vx@Jh@JXDZBJHZ?@JRJj@BHZlAFNRf@Vj@h@j@PNNNLDZNBBp@\\l@Lf@DT@n@@v@Et@?\\?h@?f@RhAPV@v@D`ADtA@lAOlBWfCe@lB_@~@UhD}@~@Sz@Sz@AbAPF@~Ad@|BlA~BlA~@d@^R^P~@f@^RXNDB|@h@xCjBzBtAxChBXR`B`AzBrA^T\\RdCxApCbB|A~@dBdApA|@\\VbBlAfAfAZZXZpApArBtBhGdIx@fA~CnEV^n@|@RZZb@l@~@dA~Ad@t@HFxExEDFt@f@xBxAbHxEdAv@\\Tz@n@dJvGxAbA^VxAbAz@l@\\VrDhC\\TDBt@l@fFdEZV\\Xx@n@\\Xp@j@`@^v@t@bDbDjBjBvAjAx@r@v@p@x@p@ZXjB|AzArA\\Zd@f@VVPPPLFFB@RNHF@?TNTPLHHDLFXLJF\\NB@@?TJLHJHJF^TJFHDb@TTLJFB@DBJDNDJDNHHDNJf@VJHFDHHJFTLFDLFFB^RPJJHJFJJD@FDVJFBRHRJLDTJb@VPLFDVL\\NNJLHLHDBB@NHNHDDHFFFNJJFJBZN@?XNNFLHJDPHHFLHPHFBVL@?NHZPLJJDJHHFHF@@b@RLFLFd@VXRRJ\\RNJLFn@ZZRNHZNVLHD`@PVLJFFDTNDDPJDBZNB@DBRJDBDBVN@?VLHF\\NVNJDVLNH^PPFNHLF^PDBHDPJJHLJ@@HFNFNHLDNHTNLHJDNHJD`@RJFNLJHRHLD^R@?LF`@NDBJD@?JFZRNJt@ZLDVHJBPFNBFBVF@@F@LBJ@@?N@R@D@f@DH?N@L?J@H@@?B@RBH@\\L@?XH\\FLBH@T@J@J?R?HAJAVERC@?JAj@MHA@?LAZCp@KD?JAZCF?\\?R?NA@?JAN?F?TAZ?TAP?`@CH?R@H?N?LATAH?X?D?\\CH?T?PA\\CP?L?^?N?t@?jCOfBK@?@?b@Eb@?|@ApAGb@Ab@?xFKb@?B?bAEfACb@ANAR?fA@b@?b@?b@?b@?h@?xCHR?b@?^?x@BP@b@@P@PB`@H^DfAXn@Nv@T`@J`@L`@JbBf@vHpBnFxAJBvAf@bAZdCz@|FnBLD`@P`@Nx@ZfAl@|BlA^RVLd@ZtA|@DDv@p@x@r@|G~Fv@p@HHRLZT@@\\V@BXTBBZTHHl@f@z@l@ZTfAz@l@d@ZV\\XRNXVVPx@p@x@t@v@r@VRJJFFXPBB\\Xt@l@FDr@p@^Zr@r@^\\xAjA`BtAFF@@hCrBnB|Af@d@ZXXTFFVRLJ~@t@lA~@zCvCb@`@lA`A|@n@~@`@dAX@@bANLB`@DJ@pALB@^Bd@D`@DZDD?t@HbAHTD`ALF?`CVj@F`@Fb@DH@XDdALb@D`@DPBhCZTD|En@|@P@?d@@j@?J?B?JAh@El@In@O|@SFA^Kd@Ol@[hAo@LI|@i@t@_@LIn@_@FGVKDCVQxAy@BCVOb@UBA^U\\SBAn@_@j@YTK`Am@rAs@z@g@RKLInAq@@Az@g@VOfAo@p@_@j@YZSHEVOBAXS`BcA|@g@lAw@hAo@LIVQRQ^[pAkATUjDeDhCeCTUtBoBl@k@VWf@g@r@s@PO`AeAFItAuA~AwARUPQDG`@k@f@w@l@oADIXo@Vw@NWLURa@Vk@Zs@?Ad@aA\\i@JWNWJO@A\\_@TUNMbAu@~@s@LINM`@Yn@g@f@]f@SVEt@Ql@Mn@MZI^K??@DFTJNRTZZZ^LNLJNFt@Hp@Bf@BfADnCFR@vABrADV?L@D?bAH|@B~@HVBn@Fb@B`@Bj@DbAHfBL`@DdCTrBR`@D@?fAH`@DfALnBTxAFJ?b@?b@EDAv@Kh@MTGJEhCo@BA^G`@K~A[^Il@IfAQrASREzBa@NCl@KXEREpCa@nASpASvAWf@Kb@I`@GRENEPCZEV?TAP?^BZDZDp@LLD`@Fr@NzCn@^LZLn@Tl@XB@ZN\\P@@FDVJ^P\\Pb@Pz@^BB^P^R^Pf@VhAf@jBz@dAh@~Ax@^RZPb@T^PxAv@fAf@^Jh@PlAd@nAh@PHh@Rf@PTHHB`@NHDVD^FxCp@z@R^J`@Hb@JHBVFdAVbAXVHlAXb@HTFJBfB`@l@NvD`AnAZD@`B`@`@JdE~@HB|A^nBd@fBb@dAVd@LlB`@HBn@PVHhAXhB`@hDx@B@fAXxCv@r@PbATpAZ|Bh@@?`AVb@J`@Jp@Pn@Px@XHDb@PLDRJx@^hCfA`Br@n@XPHD@XL`@P^Pd@R|DhBFBv@\\xClAf@R^NZNxAr@nAn@XPjC`BFBVNjAr@n@`@HDj@Xh@V`@NPHLFjAf@pChAHB`Bt@NFz@^t@Z|An@vAf@p@VdAb@rBz@lAf@`Ab@p@XNFvAh@dAb@hChALDtAj@PHtAl@RHDB`@Lp@VfBz@nBz@\\Lb@TPHFBnAp@dA`@dDxAlAh@DBlCfAB@dCdA|@d@^R^R@@D@rDtB?@^PlDdBDDjAl@TNzAt@lAj@HDtBfADBpBdAdCpA~Ax@v@^HD\\PlAl@~@^RLrAr@jAl@`@RDBVL^RXLf@R^PHBx@VRFdBf@p@NZHf@LXFFBjCl@DB|@T`@JrA\\^JTFjCt@\\JjD~@~@XPDvA`@jD~@`@LbAXD@ZHNDRDbAZb@LhAXb@Hh@Dl@DdALl@Fr@DrD`@rBRz@JrAL\\@\\B`@BL@rARxD^J@dDZtALN@zCTjCRlBRf@FfAJbBNjBPhBP|@HnALTBl@DB@`@HtA^j@VTLb@TfBdAf@ZnEpCvA~@`@VtEvCn@`@VP~CrBLF`DnBZRhCbBb@XVLLHJHRHZNB@dAf@zAr@^P~@b@@?DB|EzB~BdAx@^JD~G~CjBz@l@Xf@V`ChA^RD@f@TRH^PvB`Ah@V`Bt@~At@@@PHnG|C^PnAn@D@d@Td@Rr@Zx@`@j@Xf@TpA`@J@n@Hd@@\\Ad@Gd@MXIFA^O\\UZSXWX_@f@{@Ve@zA}Cv@}A|AcDTc@f@eATc@Ra@f@eATg@z@aBN]Xe@x@_Bb@}@FOZo@vAuCDIpBaEFM@AlAeCVe@v@wAr@yAN[^w@j@mAzBmEHO\\u@t@}Ad@}@v@}Ad@}@dAwB|A{CHQHO|A_Dp@sAx@aBVg@HQzAyCpAkC@?Pa@\\q@^u@DGNY`@y@fAuBlB}DR_@^s@f@aAjCsFz@cBh@cA~@kBnAkCDIb@y@~@iBFIhAyB|@iBd@}@vAiCNYt@iA~AeC~@_Bt@oA^m@n@gA|CcFj@_AhCeEn@eAvA}BHOLQlBcD^o@LWZq@DIf@kAl@yAx@sB@Cz@}BP_@n@aBHQvAuDnA{Cd@qA\\{@Vo@d@gAb@cA`@gARg@l@}AFQBGnA{CXu@lByEDIJYvAwDb@eARe@b@gAZu@n@{Ab@gAt@kBPe@hAoClAwCbAiCpAcDFQb@iAjByEp@aBTo@Pc@v@uBN[DKTi@HQN[DETe@^g@NQJMZYNMJI`@Yd@Ut@YxAe@fDiAtDsA`Bg@x@W^Kv@SB?^Mh@Qb@S`@U^_@d@_@\\e@b@o@x@aBfAsB@CjCeFxAuCZm@HOl@kARc@bAqBbAyBDEf@_AP[lAcCHQtAmCbAoBJSh@eA\\s@x@}Ab@{@Xi@h@eALUZm@LYRa@tAeC?ARc@Ra@h@eAFMRc@dCcFN[~AyCJUTc@r@sA\\u@Ra@t@wAp@uARa@HQ@Ax@}Ah@aA`@{@h@eA?Az@eBRc@h@cAN[Zk@z@_B^w@Xg@DITa@\\q@@AdAwBDGfA{BBGh@eADIv@}AR_@Tc@P_@pCsFNWDI\\s@~BwEP]nByDHO\\u@`@y@xAsCTa@Ra@Zi@Xk@z@iBt@qAXa@^c@b@YNIZQh@Q\\KRGr@It@Ir@EpAGzDON?jBGxACP?RAhAGlAGF?LAzAEfAEd@A`@AjBGb@Cz@CH?pDMf@AfAGd@A^?V@b@D\\DdFp@PDpAPnBV~AVpBZ@@bBTH@^JD@p@Rd@NLDl@LHBtAb@pA`@NDv@T^DN?LCFABCDCDEDIHOBIBQBgA?aA?k@Do@BU?CL}@RoAt@oE~@iFBQHg@ToA\\wB@Az@qFh@aDHg@Hg@d@oC`@kCnAcIf@aDRoAb@iCN_AHg@Hi@h@_Df@aDTqAHg@RoAl@mDNcAhA{Gr@gEHi@Hg@Hg@Ls@l@_EHg@BQN}@l@yDf@iCJo@H]n@_DLi@RmA`@wBNaAZuAVeADOb@uAd@wA`@{Az@yCLe@J]\\wAhAyEBOzAoGBKf@oCVsAP}@b@kBL_@DMRi@PWXSXSDAZM`@Ih@GHAt@MZCLAJAVA\\CjB@v@Dt@Dd@Dd@J^JJDXJPFj@Z~@j@tAbAf@^`C`BRNjCjB\\Vp@l@~AvAVTBDfAbA`@`@d@\\|@n@`Ax@zAfAHF\\T\\Vj@b@~@x@`@d@Zf@NVHRRj@BHNn@BFN|@P`Ar@|DP`AVnAFZRjA|@vEHf@d@bCJb@H^TlATlA@BJZBHLZVh@BDj@z@RT^\\ZT\\NVJXH|AVfCRnAHf@BdBRz@Jl@HdANTBLBRDN@f@D|CTr@B\\Bn@Hh@Fv@P~Bf@zBb@tAZdCh@`Cl@@?rCt@`EhAvA^nA\\hBf@zErATHxBl@nA^`Bb@`Cr@nCv@d@LbAZ`@JdAZn@PRFDBZHhD`A~C|@fAZpDbAxBl@xDdAf@LbCt@pCx@x@VnA`@`Bp@TH^PRHLDn@Xp@Vr@Nr@L|A\\tAXZJjDbALDvBl@rA^~Bp@tGtB|FjBdAZdAXfBf@lFrAzBj@rA\\p@PfDz@zBp@jHxBnFlBhE|AdCz@LFfD|@bBb@lD|@zBl@x@PrATxDl@tEn@lC^`@FfANjC`@fANx@Ll@JfAPfBVfAPpEr@pCb@dBV`@FhBX~Cf@tATnDj@hBVhBVhBVhBXD?jEt@rEv@pCf@bBTdAPrEp@bANvF|@r@JzB`@`@HnDn@f@HjDd@`@Fb@Fp@J~Cj@zB^xB^nDl@hBXdAPrATfFv@|HhAdAPfAN`@FlC`@`@HH@lFv@`@FdARhBXvCf@z@L`@H|AVpANb@DzABZ@z@@v@@v@?j@FTBTDh@Lt@ZxB`A~CvA|@`@^P`ChArAn@nEpBFB|DjBJFPHB@\\NXJpExBt@\\^PjBz@t@^^R\\PbCfAbAb@@@^Pz@b@^P~@d@`Ad@RJnBt@PHnA^B?|@TbB`@pAX^Ht@NzCj@`@Hb@HlFbAD@pE~@dAR`@JF@dDn@VDvCj@xHxATFpAVfB^hB\\nHtAVFl@JnDl@pEv@p@JRDtF`A`@FnDl@TD`GfAJBVD`E|@bG`AdEp@n@JtEv@^Fb@FfBXlC`@l@JfEr@fBZHB~ATb@FdANt@JjARv@PHBHBB@LDNHNHNHPN\\ZNNNN^b@PTNPLTr@nAfEjIvArCb@z@z@~Ax@vALNRVDDXXXZ\\Xr@l@bA~@pA|@zBzA@@lB`Ap@V^NxB|@r@Rv@VhAVlBZ|AVnATrEv@PBtATb@FdAPhBXjBZ^FnDl@dAPjCd@b@HLBv@J@?ZB\\?vBE@?hBGjBIhBGjBIvAEbEO`HO`DIt@CfACfAErDMF?bCGf@AlCGfAC~BEvAEb@AnAEZAfAGpCQjCGb@Cb@AfACnAEfCG|BE|BIlCIfAEZAzDIdBExDMtEOb@CnCInCKlCIvEMzFO|AExCIrCGj@AbBIdBGtBGnFSRA`@AdAE^C\\A^C~BGD?|@E\\A^A|@CD?\\A|@CzBEh@C~ACnCG~AEJ?LAxAEZApAEb@Cb@AjBEfACj@Aj@ATAhBG?ATARARARAXAvBCV?fA@R?R@T@RBRB@?d@JRDlAXPDnAZ\\HF@z@R`ATb@Jf@L^HtA\\`B`@v@P@@tBf@t@P@@x@Pz@Tt@PRDzD~@PDhD`AxD~@h@LRFv@T|@Xh@NRFhCl@D@b@H`BZRBRDPDhD|@TFRDdBDzDL^@J?lADr@BnCJnCHjHd@b@B`AFVBbELxAD|BJrDPb@BlCLnCLb@BnCLpDPr@BRBP@P@b@BfADrAFx@DvAHP?R@P@n@AnAV^FzAb@nAb@JFh@ZHDvAn@HDtAt@|DtB~@d@DBxBjA^RVLxBfALFVLFBnAj@ZNVNzC`B~F|C^RrDnBHD`GtCv@`@fAj@~Av@hHrDrDpB~Az@B@~@b@TL`@RdBz@~Ax@~BlA~@d@~Ax@~@d@^R^R^P~BlAZP`@VPNTNVLTLDB\\PfC`AbBn@LFJDTLNH\\R|BpA|A|@|A|@^R~@h@zDzB^R\\RHFVJNFx@^LDh@P@?`@J^Hz@Nb@DL@b@@R?N?hAB^??@tABx@Bj@@Z?V?dA?N@p@Ah@@|@?p@?b@?N?N?dABN?N@^?\\@^BL?N@L@^@@?J@L?L@N@X?p@BN?L?J@r@@f@B^@@?b@?x@?v@@@?H?J@J@|@DP@PB`@JXDLD`Cz@`@Nz@ZRFJD`Ab@h@Nb@J^LRBJBJ@NFJFJDbCp@v@Tb@Lf@L|@XbAZ\\LpBp@RFB@j@P`@L|CdAHDfCj@RDD@B@JDr@Vf@RHBZHp@Jj@FPBr@PhCj@|Bf@tDr@dBZH@JB\\HHBFBbA^fDpAPHJFNFHDFBHDTLDBNHJF|BhAhErBLHFDTPZRFFdAbAf@j@@@LLb@j@|BtCp@z@dBxBRTX^PTJLh@r@FF`ApA^d@RVNRNPJLXXv@z@j@n@TTf@b@HHNPTVPT@@|BtCp@z@X^|AnBzAlBFFR\\|@fAlAvAxCtDVZHHlD~Dx@~@lAfABBrAfArBbBRP|C|B`At@fCvB\\XJJdClBj@`@NLrBbBx@p@ZXZV\\VrCxBFDTRrB`B\\VDDlB|Ax@n@jA~@dBpAZVt@j@nD~C\\Xx@t@FF~AfB|BdC`@d@XZr@x@`ClC@@X\\r@v@bCpCXZX\\hBpB`@d@lDbEfBtBr@x@X\\NP|@bAfBtB`CnCZ\\RVFFDHFF\\Z~@x@HHRJl@VpAb@D@dARL@TDfAL\\HhARNBt@FD@L@p@LdEp@n@LL@pB^~@`@~@`@tAz@RN@@pCtB\\VRNJHz@v@LJFFh@b@TTHFLHjA|@h@`@\\V\\VTNd@\\f@\\JHt@j@NLTR|@r@NLLHJHPJVP`BdAhAp@NJLFHDB@LFXNnAj@RJxCvAFBzChB\\RPJfDpB@?|DvBFBVN|CbB^R`CrAzC|A|A|@jDlBp@^^R|@f@~@f@dCtAvAv@^RrC|Aj@R^N`@NFBLBTFTBB?T?VARCZE"
          }
        ],
        "displayName": "OPEN TO  4WD ONLY",
        "roads": [
          {
            "conditionTendency": "",
            "crossStreet": "",
            "delay": "",
            "impactedLanes": [
              {
                "affectedDirection": "Both directions",
                "closedLanes": "",
                "description": "",
                "extent": "Closed",
                "numberOfLanes": "",
                "roadType": "Road"
              }
            ],
            "locationQualifier": "at",
            "mainStreet": "Wilangee Road/McDougalls Well Road",
            "quadrant": "",
            "queueLength": 0,
            "region": "Far West NSW",
            "secondLocation": "",
            "suburb": "Silverton to Broughams Gate",
            "trafficVolume": ""
          }
        ],
        "isLocalRoad": "Local road",
        "CategoryIcon": "Hazard"
      }
    },
    {
      "type": "Feature",
      "id": 283996,
      "geometry": {
        "type": "Point",
        "coordinates": [
          141.799733,
          -30.8111163
        ],
        "collections": [
          {
            "type": "Point",
            "coordinates": [
              141.884401,
              -29.738542
            ]
          }
        ]
      },
      "properties": {
        "webLinks": [],
        "headline": "",
        "periods": [],
        "speedLimit": -1,
        "weblinkUrl": null,
        "expectedDelay": -1,
        "ended": false,
        "isNewIncident": false,
        "publicTransport": "",
        "impactingNetwork": true,
        "subCategoryB": null,
        "arrangementAttachments": [],
        "isInitialReport": false,
        "created": 1786280409000,
        "isMajor": false,
        "name": null,
        "subCategoryA": "null",
        "adviceA": "Plan your journey",
        "adviceB": "Check signage",
        "adviceC": " ",
        "incidentKind": "Unplanned",
        "mainCategory": "OPEN TO  4WD ONLY",
        "lastUpdated": 1791131690252,
        "otherAdvice": "<p><strong>Due to recent rainfall and/or unstable road conditions, this road is open to 4WD vehicles only.</strong></p><p>Road conditions for Unincorporated Area of the Western Region are available on 08 8082 6660.</p>",
        "arrangementElements": [],
        "diversions": "",
        "additionalInfo": [],
        "weblinkName": null,
        "attendingGroups": null,
        "encodedPolylines": [
          {
            "levels": "",
            "direction": "BOTH_DIRECTIONS",
            "coords": "`z`{Dcqn`ZG`@MpAALCLk@dICrSAhN?rDw@bLu@nHOtA[rCW~CWtBEd@_@hC]jCw@xDMh@?Bk@bCsAzEa@pAY`AgA`Du@dCm@jBOd@mBhGo@nBUv@W~@]jA[dAw@nB}@bBQ^a@v@y@tAW\\e@p@aCvCOLy@v@cA|@KFYP[R{CtAoBbAq@ZwAv@kAl@gAn@kAt@GFiAt@mA`Ay@h@mFjD_C|AoFnDiBhAkClBw@f@_@XiA|@UPaBtAgCtBuDdE{C`Ee@r@_AxAsBbDiArBKPsApBKP_A~AqB|CKRgAhBu@~As@pBm@jBoDlL_DtLSr@GT]jBo@tDKdEETAROzBa@fEU|BEj@kAvNAJy@xKMhBi@|Gc@bFS`Cq@`KIlAABCd@{@jKGx@y@zKEl@ObCu@bJCXWfDm@zHC^e@nG[rFEb@i@dG]xEOrBUtEGfCIjCQfGU~FAPATKhCQfE?FIxCCb@EfCGpDChDMjOIrIK`KCjACz@?VG`D@fCFdC?\\BrB@nC?dDA~ACpBGhDGdCAfBAxB@~@?`@BpAJ~ALbB@NTpEDj@Bh@RfEHdC@XA`BA`AIt@Ij@Kh@Sr@c@`AeAhBe@n@c@j@y@hAe@z@Q^K^I\\E^A\\AZ?B@X?N@`AFlAJjCHzAJrBHdCBn@FtB@LBhC@x@BnC?TBnD@|G?\\?z@BbBFrC@d@?j@AXC`@Id@IZITIRIPs@bAW^}A|B_ApAiAfBeAzACDY\\_@b@c@b@a@Xe@\\]RcAj@_Bp@SJw@\\e@Za@Z[X[\\CDOTIPELEPERCVU~CCVGb@Ib@Od@[v@y@dBQ^wBtEQ`@cBrDgAhCiB|Dm@bBOl@I~@Cz@?tADrHBdA@f@HlEBpE?B?V@jG?~BBbCDpF@rA@xAAnB?zAOnEMxBKvA?NCj@AR"
          },
          {
            "levels": "",
            "direction": "BOTH_DIRECTIONS",
            "coords": "lzhwDqjm_ZxHq@zB[tEm@dFk@|LuAlC[rFg@lBUtKmAZE~KqArAOhJcA~@KzJgA|LsApFk@vC[tFk@l@KtAMvBWzLyAlDc@D?~BUz@MfBGvBAb@@fEDtAB`MTlABrJLrBBnINjJPtAB~INbBDfGNxDFjCFj@@tKTR@tIJxABzKRd@@xBBrBBlACdAO|@SDAfA]~@a@dDoBf@]TWRSh@]b@Q`@Q`KoDzEaBrBu@lHiCl@U~G}Bv@U^OhIyCvAg@~HiCdBm@TIDCXQX]Te@l@iAr@cAz@}@|@aA`@a@j@c@bAe@vAy@|CwAZOnCqA`GwCpG_D~BkAhG}CfCmAtG_D|BgAtCwA`EkBdD}AnB}@pC_BJEjA}@f@_@j@q@JOV]Zi@z@{AlAuBjA}BVi@j@iAhAeC~AwCpAaCTa@x@aBj@iAp@sArA_CzAoCbBeCrAgBLO`AkAdAsAr@s@f@k@hAsA~@y@pCcCbDuCj@g@x@u@~AwAzBkBf@a@XYTYTUb@k@\\o@d@s@~CkFl@_AlAgB`@m@fA_Bx@uAx@qAbAwABC|@uAbAuAnAiBz@oAV[DIlBkC~BaDx@iAn@}@r@{@`A_Bb@u@vA}B`BmCt@sAp@wAl@cATc@\\q@^i@LSj@o@`@[x@y@fBcBlF_FDEz@{@LURWRONIDCFAV?^A~LIzFIpDEnJQhCExFK~@CvCErDEh@A|HMv@CxJInDMvEQF?rFQnFQl@ChGSpE]~GaAdK{BzMqCnT{E|JwBfAWfKwBfNaD`O{CzJoBdKuBhMmCvHkB~MyCdIoBnGgBtKiDnIeCxC]fEa@hBUxFo@D?fOaBfJcAFAfDi@xAWfIuABApE{@nB_@dEeA`@K?A~KsDjA]PGZM\\IHCb@KlAUf@G`@Cb@?h@EP?dAEx@AlADnB_@zCo@~DgAfFoAxA]JChCq@pBi@~Cy@dAWZIhA[xGkBz@UhJkCxDaA~EqANElJ{BLC|Ck@p@QHCr@W^Mb@WZUdAaApB_BpA}@r@e@vEwCbBeAxBwAb@YvEwCvBiBNQxBeCh@s@NQbByBfDuEvEyGl@}@lAcB|GiJfA}AvBwC@AjLwO`CkDlFuHfFiHHKV]hA{ARWhAqAvAw@`CeAhEmBjAk@|Aw@BAzB}@nAc@h@M~@Ox@UdDq@FA|AUPEDAj@KpDo@b@ItAY|@OZIXGbBg@t@SVIpA_@j@Mf@Kr@SDAPE|C{@j@QLCzAa@nB[`C?xFXvBL~@DtALpBHj@F`]~B??~BL~CPdABvA@b@?t@AvEMb@C|CQvBKzDON?`GSbDKr@AhAA~AE^GXGLCx@YdAc@d@QxAo@tBw@ZK|B{@~GoCVKfGaCfBq@h@SjGyBbCaAnCgApAi@v@YZMfAe@r@Ul@QdAc@rCgAjIcDpEeBfC_AzCiANGJEjAg@nCgAj@Q^MzAo@`@Qn@SfBs@l@Sz@_@~Ai@ZMtAi@dAe@z@]hC}@tB_A\\K~Ak@vAi@`@Qj@UrAa@fAa@xB{@|@[jAc@nAi@x@a@NIhAm@FEv@a@bAi@v@e@`CwANIjEeC|@g@z@g@r@_@XQnAy@`Aq@pEwCd@[PKXQHEJCh@Gx@E~A?@?rDBR?f@?dCA|AAl@AbA@lBBfCD|GLZ?P@rB@~A@vAAfB?ZAd@?vBClCAxB@Z@F?|A@|BFnB@bBBH@zDFzBDhBF^@hBHF?pADzDRjFV`ABhAB\\?pDD~CJF?lABfEBlD?b@?vA@P?zA?lBAhB?L?`GDpD@fA?xC?~EBb@?lCBpIPdB@t@@zBJx@B`ABjBDzAAtB?`AGr@CVCzHe@x@EjCS`DQpCOrBOjEUJArBAfCZrBb@tAb@nDbA~ClA|DrA@@`Cf@zFzBrG~BdCx@vDfB`JrDdMzGp@Xh@HNLRZ\\Tf@f@x@lArAdBtAjB@@hAxAtAjBbA`BbAzAdAhBNXp@tAv@tA`@n@nB|Dx@|AdAlBVd@bArB^x@n@hAn@fA\\n@JRZp@v@vAvAtCxAjCLTp@fAn@jAlAfCr@nAX`@^j@pBpCbAjAbA|@j@^XTdAv@jDbClA~@ZRzEjDpAbAhExCjCbER\\`@bAf@hAd@tAj@rA^|@`@v@l@|@VVVXn@j@t@j@x@f@B@z@b@dAXx@NjANxARjALJ@lATnBh@hAh@x@b@lAx@bAn@bBnAvA`AZV~A~@\\TpG`EnAv@x@j@zFxD@@|@j@DBtDbCbEtCf@\\|AdAjA|@v@l@l@p@l@v@?@n@dAv@xA|CdGn@jAr@z@n@v@t@n@lAx@RNl@\\p@Vz@NfAPh@JzBTLBD@TBTBnEb@jCTjB\\n@NtAl@tAr@PJ|CnBdBlAxAdANHnCjB@Bb@\\b@^fAbAx@x@HHtB`ChAvAbCjCBBtAfBn@bAhAzB|ChGzAfDz@|BtCrGpAdCh@hAdBnClAdB^f@l@v@pAfBzAhBZZb@f@nArAnAbAB@x@z@^RvCjAzD|AzD|A`A^bC|@\\JpFhBzC`AVJrHnCjBr@nAf@zDtApCbAB@zCdA`AZvEzAzDtAjKtDhCdA`Bn@~@^dElB`GpCHDbAf@`@J`@LZFt@DpADdMZrJXbIT`Sl@H?Z?rDLn@B~CHxFPbIXpDLzFRbIV`@BzMb@lCFpCP`BNdAJjBFb@BzFRvK`@zJ`@b@BlLf@`I\\@?r@Bd@?z@Gl@Mh@SDCn@YjDoCb@Qx@Or@?j@Lf@R\\P@?fB~@fHzFhAbAvA`AFDpAx@`@R^Rf@T|B|@lOlFh@PbA^hFhB|SrHpLfEfDjAdDjAdBl@RHl@TlMdFhHrCr@Xn@VbAd@p@Jf@Dn@EBApAYPEhDcARGbv@cT|F{AXI~Cw@`EcAd@IZEP?VAfGOzBGrACP?J@RDRHp@ZrAl@nGtCtB~@hOxGbEhBbAb@bInDbCfA\\P~BjArBbAhDhB~FzChJzErDtBz@b@|HdEb@T~@d@xAp@`Af@fB~@vBdAHBLFvB`A`DnABB~Bv@v@XfBl@bGtBf@RfDjATHtCdAvBp@l@RlEzA~Af@j@PZJl@PlA\\lAV`@HlDt@VF`B\\bIvANBtLzBt@L`Cd@dARvDr@f@JdGdAfCf@jCf@zFfAl@JdEx@`@HRBxDp@|Ex@xEx@|Bb@vGjA^FrEx@tEz@^JlDv@NB~Bf@bCh@fAN\\FjALZB`AZ^Pf@TDBjGnEdAt@LJbCvAfAn@\\TnC~AJDtC|AxBjAJF`@RhBz@`DzAlB|@tAf@~Bn@p@RtA^`@LHBrA`@fCx@~Cz@n@PhA^tCz@tCz@r@RxAb@zAd@nBh@~Ah@D?^J\\Hx@Hv@C`@I\\G`C}@|Aa@dBe@`DaA~C}@@AbCs@tDiApBi@HCTGDAxC_Av@UxBo@dAWLE^Qz@_@bAo@nCgBzAcAnAw@pBoA|@u@"
          },
          {
            "levels": "",
            "direction": "BOTH_DIRECTIONS",
            "coords": "dzhwDkjm_ZA`FCt@ItDEdBEbBE|AElAIlAEvACv@K`CMvDKrCEdA[fIIvBAd@]fKGfAEr@C^GlAAJ?nA?\\@LBj@D~@Dv@Br@@j@J`BL`CLvBDfAH|Bh@tFFbALfAPlAT`BLv@\\xDRzBNxAFt@RdC^tBNr@Rv@H\\XtAl@rBRd@J`@Ff@Fv@@d@?XALAj@OtDKdCAj@@f@DX?BTdAFdACfA?HCz@Oz@Wt@_@n@Y^GHOVaCjCYj@Q^Ih@AV@DEjBEdBGpICdAAv@CdCE`B?d@?^?hCDzE?^CzBAdBG`HCfFA|B?jK?l@?PAzDIrJA`BMdLAf@KzJEhCIvHEvA@vBEdEG`IAlBIvK?BIbO?@GhDCxIErDCfECbBA|@GlCInAC~@Ix@Ml@M\\A@"
          },
          {
            "levels": "",
            "direction": "BOTH_DIRECTIONS",
            "coords": "nqhwDs}~~YKLcBz@{@b@kCtAoHhE_CjAy@d@YZUf@_@nAMXc@|@OROJcAbAQNQRo@r@a@Vm@VgARq@Jy@PkAJi@FoGv@gDZC?cFh@_EZ[DkJ|@qANmAJy@Lw@Pa@JkAd@mAx@s@t@{@fA{@bAOPa@b@CD}@x@e@Xo@RmAd@gA\\iBd@a@Nk@FqALa@@aAAiCQ}Ck@{EcA}QyD{FgAa@IcI}AoAWyE_A{E}@sCi@_HsAyE_A{FiAwDy@e@KgCi@mHwAGAkH}A}Bi@mA[_EcA_D{@_@KgDkAoBw@i@Mg@MMCO?M?cBFcABeBDs@@aG@mCHc@@iC?uBB_DFg@@yD@o@?s@A}AC_EG_AE}BSu@IMCqA]gDuAuAk@mAm@oHeDeBy@uAo@kCmAyAg@s@K]EQ?g@D]@kALA?kBTMBc@DqDZi@FuBVaC\\eAJ_Ed@kFv@e@HyEv@uDv@kB`@eI`BA?eF|@oEx@y@PyBb@c@J_F`AiDr@C?cEt@sEdA[HiB^sA\\o@RoAh@{@b@e@Z]VGFuCxB}BbBs@j@c@XQLUPUPYL_@LYFaALaCTgCNA?M@i@Fe@?U@u@?c@Am@G]C]E_@Gc@OmA[MEaAYwBs@eCy@iBg@[IqDqAyDqA]KgCw@cDeAeA]u@MsBQa@CQAe@?{FFg@?gB?qD?qDCK@oH?sCAE?mCCiCGeDBkF?mBAyAGE?cBCkB@kC?[?w@AK?gAAgDAqDG_@?eD@{GKgCCkDImC?yBAkBAgCEqAEw@A_CK??i@AaAEuDe@oLwAKAaFa@}Ee@WCm@EC?w@GiJs@u@E{DI_CGoAEe@AcM_@wAGsCOkHa@iDSm@EGASCgAY]Oe@Wk@e@sAkAw@u@kBeBoAkAw@s@mEsEyC_DwDyDuBuBiEiEUU{@y@yE{E}@_AsCmCoCqCQOa@a@_C_CeDyC]]sAqAuCkCWUmGuGi@i@OMk@m@sEkEeAgAIGo@m@][_BqAuAgA}A_AqAu@_Bq@qB}@uBo@]KcCm@{D_A}A[y@QcIkBoTiFaVuFsPeEsBe@aFkA_GuAg@KaDkAu@Ww@_@sB_A_CsAgCwAcBcA_Ac@i@[qAo@CAWOOKECYKi@Ow@UoA]gAa@oA_@ME]M{Bw@iDkAi@OKCi@UMEqAa@oC}@{Bu@{@W{@WcA_@]MqEsAu@Yk@S{@YaBe@{Ag@_@M}Bw@mBg@yCeAWKm@QcAY}DsAiA[UGk@Qi@OEAmAS{@G_AQ}@IsASc@KQCG?k@Im@IaCe@QCs@Iy@Kk@M{@MqAMCAcAOk@IuAS_AQkBWOCs@KuIoAcBQcBYg@Iw@Su@[_Bs@[Qk@k@OUi@_Ae@q@_@o@Ua@GMiGcLWe@mBeDsB{DOYgAmBo@yAU_@_B}Bg@s@}@qAwAaCCCcBcCcBgCyAwBKOy@aAoAcBKK}GyJwB{CqBqC}@wAy@mAS]]{@CEGWOcAOsAMuBMuBMaCKcCAUGqBI_Cg@aKE_AGwAGoAG{AEgBMmCIaBOmCIeCAIKaCEw@OwEY_HAK]qHQqEMcDAe@Ec@Eg@AQMsAOyAIi@s@kF[oBe@wCEUKi@Mi@GSOe@a@oAm@mBk@kBEGgByE_@eAWo@c@oASg@Yw@aB}EqAuDaBsEOc@yAgECKuB}F{@{BgBwEkBgFmCmHeCmGoBeFoAmDmEiLsDiGaA{Aa@m@sDuEqEsF_AkAq@iAaAuBoAyCaA_Cu@eB{AoD_@}@_AuBAAoCkG[s@Uc@u@gBs@_Bu@kBs@aBGOy@mBwBaFi@sAEGw@kBo@sAe@iAqAmCm@aBy@oBGQkFyL[u@u@iBy@iB]q@m@yASc@[s@u@iB}@qBs@eBc@cA_@w@}@wB{@qBy@sBUe@IQ]u@Wi@q@cA_@e@]]e@a@_@]GGSYu@{@qAcBoAuAkAuACEc@e@oA}AcCaD}@iACCa@i@}A{B{CeEKOkAaBsAeB]a@EGMOwAoB{B}C_BuCi@}@ACQ]Wg@i@w@s@qA}@sA{@wAi@s@OUu@}@i@u@eB_CmA}AOSsCoDmCkD_AkAi@y@i@m@eAcAy@{@c@a@SQ{@}@{@eAy@}@_CoCe@m@_@c@k@y@a@q@Wm@Ws@S_ASsAMqAEe@a@mEUiCEc@Eg@Ik@WqAo@cCe@uAo@sAAEm@kACESa@[g@k@y@_@a@{@_Ak@g@YYiAiAoCqCUW]_@q@w@OM]]a@e@_AeA]_@IIg@c@KOIOMUSg@y@eCM]w@yBq@iB]aASg@]aAW}@Ia@A[A[AwA?q@?e@@WA]A[Co@Kq@ACEa@y@gEW_B[mBKk@CEAEQg@MWo@y@]a@}@iAc@m@U_@MYIWI]?ACKSqAGe@Ea@C_@CqB?k@@sCAaACy@?{@?c@?{@@c@?eA?mAF}G@y@@aB@mC?aBAw@Ec@EY[aAS]CCGKMMMQIO[c@Yg@EGUg@[s@Y{@Uq@[y@e@iAc@_AWg@}A_DQ[]q@k@iAeAqB_@q@{@}Ai@kAc@y@[y@g@_AO[Ym@Wg@Ym@q@{Aq@sAq@{AGKKUy@qBGMM_@_AyBqAkDk@sAMWy@oB}@}BiA_CAA{@_BMWa@kAM_@[_B[kAG[Og@YaAy@iCu@_Ci@wAg@sAeA_DEK}CqIo@cBGQa@qA{@gCg@{Ai@}Ai@uAYw@GMe@iAYw@Oi@Oy@Kk@I_AAEG}@G{@G}@Is@IgAOuAKaAUmAWsAEYEU[oAQ]OWYY_CiBwAcAOMqAeAkAaAgAeAwAqAQSYYo@q@yAwAuA}AyAsAMKs@s@[YYYaBeBwBuBACsAsAu@s@o@i@kCgC_D}Ci@k@g@k@wAsAoDoDc@c@{@w@cBaByAyAqAsAIIyA{AiCeC{@_Aq@s@{EwEmBgBOMiDkDyAyAkAkACAiCsCwAwAu@iAy@uA[m@Q]MYcB}CeBaDGK}AoCg@{@[m@cAkBqAsCc@}@o@sAkAmC}AcDq@yASi@KUg@mAa@kA_@qAe@wAa@{AKYYaAu@qCSw@i@cBc@cAQ[]o@u@eAw@oAk@}@IKg@y@Ug@o@qAmA_CIOk@qAOYcAwB]s@iAiC}@iBUe@Q_@g@iAmAyBk@q@MO[]i@s@O[Wk@c@}@eAoCc@aBSs@W}@aBiGu@uCq@iCKa@y@uDo@}BUy@[eAs@aCKUMS[g@yAoBmCwAMIwAaAc@Wk@]m@m@U[g@w@A?q@eAmC}EwAuBGKIKm@c@k@S{@MoAYqBQ}@E_AGkBSoAMm@Ku@WC?m@]UQKE{@q@c@k@wEuG{@mA_B{B]c@o@aAw@aA}BaDyBwC[g@qDkF_BcCy@cAGGc@]gA_Ae@a@i@c@ECu@k@}AeAa@YaBoAe@g@QOaA_AqCaDaAmA[e@o@aA_DqFmBoDuAkCcB}C_BcCo@}@EIs@}@c@a@[Y}@o@a@Um@_@gBoAo@k@MK]]m@u@cAuA]]g@k@sAsBOSuAkBoA{AUYoE_Fq@q@kAgAGGw@y@eAw@mAw@UMq@i@cEgCaHoEcGeEwDuCaCoBuBaBmHcGyC}BcF{DoBuAcAq@{D{BMGqAs@eEcCcBcAe@YgAk@iBaAOIkBeAYOgBs@a@M}@YoBg@sA[m@OmA]{@]a@Qk@Si@Se@a@u@[OIu@a@uDmAu@WaAWmASmAUcBe@w@S{Ae@gA_@MEaAa@mAi@sAo@ECmB}@oB_AuBgAcBy@_CgAuAq@wBcA}@c@mAo@k@[eCuAo@Ya@Sw@_@o@YgAa@g@O[KYIs@SgAa@u@Ym@YuAi@iB{@g@Sw@[mB}@k@WuC{AoBy@aBi@CAiB_@cBSo@IyASsAQ}@Ku@KsAQoBYcAK_AKwAOaAKaAMA?mAQuAWaA]cAa@_Bm@eFgBsEcBiC}@e@OiBi@_Cq@g@MqIwBkD{@sM{DmCw@gBk@OG}CiAsAi@eAg@a@S_@QaAe@aBy@iAe@u@YmGqB{@YwBg@aBi@iBq@qB_AOG_DoAkCiA}B_AcAc@c@U_@Ww@s@k@k@sAsAsAeA}Aw@kCgAyCkAyCiAmBi@w@WaDcA}Am@}@[m@UqAc@{Bu@}As@WKa@Qw@a@UOk@a@c@[_Aa@kAU_CUkC]CAoC[u@GwAMMAw@IgAGoAGaBME?{AI}BM[AeAEsBCaA?qD@gAAk@A[AE?s@E_@Gs@GwAUq@USEw@Q}Cw@{Bk@{Ac@[I_AWmA[A?aA[qC}@}AUC?]IcASyAa@UGyBi@iB_@kAKmBIw@CmEW}@GgPaAiBOwAMsCUkEg@_BMG?_AIm@EgDOI?YCaESsHe@uAKqAS}@SwBe@g@Mo@O"
          },
          {
            "levels": "",
            "direction": "BOTH_DIRECTIONS",
            "coords": "vmotDaw~`ZoBe@c@M????e@z@??c@h@AB??iAvAc@l@??y@dA_AlAcBxBa@n@{@nAMP??CD"
          }
        ],
        "displayName": "OPEN TO  4WD ONLY",
        "roads": [
          {
            "conditionTendency": "",
            "crossStreet": "",
            "delay": "",
            "impactedLanes": [
              {
                "affectedDirection": "Both directions",
                "closedLanes": "",
                "description": "",
                "extent": "Closed",
                "numberOfLanes": "",
                "roadType": "Road"
              }
            ],
            "locationQualifier": "at",
            "mainStreet": "Sanpah Road, Pimpara Lake Road, Mount Arrowsmith Road, Mount Shannon Road, Thompson Street, Loftus Street",
            "quadrant": "",
            "queueLength": 0,
            "region": "Far West NSW",
            "secondLocation": "",
            "suburb": "The Veldt to Milparinka",
            "trafficVolume": ""
          }
        ],
        "isLocalRoad": "Local road",
        "CategoryIcon": "Hazard"
      }
    },
    {
      "type": "Feature",
      "id": 283997,
      "geometry": {
        "type": "Point",
        "coordinates": [
          142.0381939,
          -30.3271157
        ],
        "collections": [
          {
            "type": "Point",
            "coordinates": [
              141.631339,
              -30.196985
            ]
          }
        ]
      },
      "properties": {
        "webLinks": [],
        "headline": "",
        "periods": [],
        "speedLimit": -1,
        "weblinkUrl": null,
        "expectedDelay": -1,
        "ended": false,
        "isNewIncident": false,
        "publicTransport": "",
        "impactingNetwork": true,
        "subCategoryB": null,
        "arrangementAttachments": [],
        "isInitialReport": false,
        "created": 1786280466000,
        "isMajor": false,
        "name": null,
        "subCategoryA": "null",
        "adviceA": "Plan your journey",
        "adviceB": "Check signage",
        "adviceC": " ",
        "incidentKind": "Unplanned",
        "mainCategory": "OPEN TO  4WD ONLY",
        "lastUpdated": 1791131755984,
        "otherAdvice": "<p><strong>Due to recent rainfall and/or unstable road conditions, this road is open to 4WD vehicles only.</strong></p><p>Road conditions for Unincorporated Area of the Western Region are available on 08 8082 6660.</p>",
        "arrangementElements": [],
        "diversions": "",
        "additionalInfo": [],
        "weblinkName": null,
        "attendingGroups": null,
        "encodedPolylines": [
          {
            "levels": "",
            "direction": "BOTH_DIRECTIONS",
            "coords": "dzhwDmkm_ZC{EGgLEgEC{B?eAc@uJBcAEm@OgB?CIe@Ks@Ik@ESESMe@Y_AISCKQYQ[OU[YWY_@]OQe@g@s@{@g@q@u@mAqAuCoAsC?A_@uBMk@_@oDkByLAG}AkHe@yB{@{DEg@G_@Cc@CWIi@OcBo@kGSaBM}@Ge@Gi@Mg@Uo@Sq@Um@g@qAo@yAi@eAm@iAm@eA_@q@q@aA}DgFIKCOAO@e@AKKWGIMGSI_AIwAC_FE_AAgBC{AEgAGmBM_AGs@Gk@GkASs@Og@M{@Qq@OiDu@iCm@aAQUGKCYGm@Mu@U}@Uo@S_A]]UoAcAUQiAcA_BuAIIaAeAc@e@{@aAII{@kAW]i@q@GIi@q@yAeBi@i@CCo@s@a@]QSQQUQ?AMKUQIIg@]YUc@YWUCCOWIOCEM[K_@AGc@eB?EMq@Im@AaA?EBg@Hm@HYF[@AHSHSJSNSRQZ[XYZ[V]Xk@N_@@AJe@?AH_@B_@@W?C?[?AEYUq@O[CGCEMOKWM_@Kk@E[Ac@M_AEUGSIWOYaAaBW_@]k@aAcBc@u@KQ]m@_AgBGKe@u@QWM[m@gAOWKQS]AE_A_BKQyBoDAAe@aAo@oA}EoIm@cA?AkAmBw@yAo@iAa@q@aB{CkCqEWc@aBuCqCgFOWgEwH[s@Oa@Oi@CIo@qAGQGKU_@{@cAmCgCOOUWq@q@}@}@k@m@y@w@}@_AQMi@e@y@w@}@}@qBoB[YWUYUsBsBqAmA[Yq@u@g@g@MK_A}@UWe@c@]a@cAaACAmAoA{AyAeA_AIGs@m@MKo@e@aB{A_@a@Wa@O]GW??CIGc@Gg@EcAA}@IgCImDEmBOyF@q@@{@Bk@Dc@Fi@NiAz@yFVcBd@sCt@{FNeAvAiJNeApBuNh@mDr@iF`@uC\\wBHo@fBeMPiAd@eDj@cENaAbA}GJw@VqBJm@NeAZcCPuARkA^kChAoId@eDJs@^gCFYDSDSHc@Ni@Vs@FSXiAn@kBDMLYDO^q@TWBCf@{@jAiBjAmBTa@vBeDnCgE?ApCiEjCgEb@q@h@}@zDoGLUVc@`@u@Zq@pAwCZw@Tk@Ro@h@_B\\mANgAN_BJkAJkAPeCPeBTgD^cEDw@JsAd@kGRmBJiBD[PmBHiADi@d@wFBe@Fy@RoBLwAFiABq@BSHs@PqAP}@LcALy@@IZ_CHi@@INiAXkCFg@BUNwALyAFk@\\wCv@qHHq@Fc@NmALeA\\aDVaDH_ABSHkAHqAFyB@w@Bw@?g@@i@DyB?eA@aB@uBBcA@k@B_AB]B_@RcBN_AP_ANqANeARoAHm@ViBx@oFF]Jm@f@qDPiA^}BXiABQ~@aFJQt@qEDUBQP{@x@gEPi@Vu@L]HOX]VUxBiA`CmARKbCoAvBgA`CkApDgBzAw@TQFETSVQ^]V]b@_@bAiAdCuCLO~@iAJIfBkBvC}CjAoAl@i@xBcCn@w@jAuAt@}@hDwDX[bEoEvA{An@s@tCyC|A_BbAkATUz@y@z@}@dBiB~A_BRS|@aALOzBaClBqBVUJKx@w@tAyA`@c@HI`@a@dBiB?AnB{B`AaAnAwAdAmAbDyDb@g@tAaBb@g@d@i@vAgBl@y@XYbAwAh@{@HK|@uAXe@x@oAd@y@d@q@r@mAt@qAx@kBf@qA@C^cATo@Xm@?CN]b@s@R_@\\m@hBkCXg@Ta@Rc@Pa@Ts@ZgAZsAP{@@INeANcB?EFy@@G?Y@eAJaC@c@BMh@gG\\{DDm@f@uGB]LsAJ_AFc@BWDSD]b@mBViAv@wCd@aBZeA|@uCd@mAZk@Vc@n@w@FEPOVWZU\\Wh@]`@Sj@Wp@Wf@Oh@Kp@INA@?`@@TBr@LzAd@|@\\bAb@tAv@HDnA|@`An@HF~@r@x@h@nAv@hAx@FDv@b@bAp@r@d@b@VRJVHRFd@T~@XTFLFP?JATAd@YXe@P]L]Pg@Lk@Hu@B[FWFs@Fm@Lu@PaArAoD~AaDrB{C`Au@n@k@rDkBrDiCbBcCzEwHfCmFlAsBfB{BfAaAz@o@hM_H^UXW^c@Zc@Xs@h@uA\\o@PYBEV[Z[\\S|HyDzDmBfGsCb@SfLiEjDeAdEgA~A]pA[lBa@lBq@|Bu@nCcArC}ApCkAlCmAHCbAa@t@]n@]x@a@RM`@YLIz@m@nBuA`BoAHG|AeAxByA|BwAbAk@dAk@VMnAs@pAo@lAs@|A{@d@Wn@[`FkCxBmAxAw@dAo@x@a@z@q@l@a@VW^]l@m@~@cAr@{@t@eAVa@Vi@FSLg@R_AHi@vAkGLi@NYJORU\\Kp@Mv@O@Af@Mn@_@n@m@p@{@`@s@t@sArA_DfDgIhDeItBcF|@sBv@wAPUb@q@jBoClCkDdBmCl@y@~@sAvB}C`AyAtCaEpAkBRYzAsBtAwBhA}AVa@r@cAlAgBbAyAlAeBRYb@m@t@_Az@gAJK|@aAnAwAPOr@w@bA}@jAcAx@k@fBkA~AiArA}@jD{BZQLIZQfAm@pAm@vAu@pBcAjB_AtCsAvBeAXMpAk@bCqAvAu@v@a@h@WHGz@]dAc@TMh@WhAc@`Ae@~@_@LG`FuBt@a@bAe@vBaAz@[n@Yj@KNEb@Mx@Q~@MnAQh@KtAOhAK@?bA?vCEb@Cb@G~@Sh@Od@UB?h@Q|@UhA]tAc@t@YnCoA`@S`@Yx@[bAa@\\If@IPCXCzAEdBMZAXAPAf@GXGTGPIRKd@[RORQZSNO\\_@Xg@LWRi@JWNk@Hc@LcAlAeI@I@KN{@\\}BF]F]DSNo@Xy@L_@`@w@`B{C`BwCXc@n@gA@CdAkBb@{@Zq@`AyBb@kAHSxA{DTo@v@wBNa@Ja@Jg@FWDUN}@D]Lm@Lo@RaAJk@Ls@Pw@HeAJkAJcCL}DBwA?i@Ca@ACO}AIe@CYEw@?W@YBYF_@DSFa@R_Ad@kBFWDQVe@LSLSPSj@g@`@YxCgBZQNIf@]v@a@p@g@h@]LKpAu@\\SVUZY@AxAeB`AeA\\a@jBmBzAwAz@_An@o@\\[`AaAh@e@\\Yf@g@z@}@X_@^i@FMPYp@iBt@{A`@w@f@y@T[X]j@g@VUx@i@t@a@\\Wz@w@b@g@^a@f@o@NUzAaCbAcBhA}B^}@f@cAp@uAvAaDRg@VaATmAZ_Bp@aCReADQTaBj@aEf@{C^}BZqBb@oCFs@B_A@Y?c@Ci@KcB_@eCEWIy@KgAc@eFCYOgBo@oIIyAu@mHGUu@yCmC_IqBaF_@_BOiAI}A@s@@}@Du@H}@PkCDkAHuAHaAJmA?CFc@F[Jm@Rm@RcAV_AlAaE|@uCz@kChAeDDQ@GDWPuA\\yB`@_CNw@RqAJk@\\iBRuALk@Ry@@INs@Js@Ni@VcA^mBLm@Z}@DMVs@Nk@Pi@Lg@Xu@Vq@N]Pq@t@sAT]|@kA`@e@^[VU|@{@`Aw@hA_@lAk@ZSh@g@Zc@HQHUH]H[h@{BTmANi@Nm@BMF]Hk@PqAFg@NkCD}@?o@?A?sACi@Cc@Ai@G{@QcBOmAOy@CIOw@YqAUmAk@uBw@uCQm@Wy@q@cBiCoGIUACoAyCYy@Qk@Mc@Ga@Gc@I{@A_@@Q?S@_@Ba@P_Bb@iDd@yCh@qDBOP}@H]ViA^wALi@Ty@\\cBj@sBn@qCV}@ZoAh@yBxAuG@Ch@uB\\{ALi@Ja@BY@O?EGo@WqB[aB]gBk@oCUeAYmAGSMo@Kq@UeBGw@Gq@Ew@Ag@CkBCe@@O?m@@i@FmADa@Hc@\\{@Rc@dAyANSt@_AVc@X_@PUDGZa@d@aAH_@Dc@?e@AI]sBwAuFu@mD[aBiAkFcBoIGk@AQ?M@o@@UBUBWFYLYVg@LU|@{ALS|@{AlCiEjA{AhDwDhAiAt@w@`AcAdAaAr@s@~@kA`@k@hAgBbBuChCuEr@sAZm@Xg@Pa@Pg@^uADg@Di@@g@AIAk@E}@GgAEeAImBSkKEsACe@E{@EqAKgBEwAUwDCg@M}B]uFQiC?CYaDIoA]eDGaAQiCIyABk@H}@Vy@Zs@^u@tCqE"
          }
        ],
        "displayName": "OPEN TO  4WD ONLY",
        "roads": [
          {
            "conditionTendency": "",
            "crossStreet": "Silver City Highway",
            "delay": "",
            "impactedLanes": [
              {
                "affectedDirection": "Both directions",
                "closedLanes": "",
                "description": "",
                "extent": "Closed",
                "numberOfLanes": "",
                "roadType": "Road"
              }
            ],
            "locationQualifier": "between",
            "mainStreet": "Mount Arrowsmith Road",
            "quadrant": "",
            "queueLength": 0,
            "region": "Far West NSW",
            "secondLocation": "Pimpara Lake Road",
            "suburb": "Packsaddle",
            "trafficVolume": ""
          }
        ],
        "isLocalRoad": "Local road",
        "CategoryIcon": "Hazard"
      }
    },
    {
      "type": "Feature",
      "id": 283999,
      "geometry": {
        "type": "Point",
        "coordinates": [
          141.61301,
          -29.110796
        ],
        "collections": []
      },
      "properties": {
        "webLinks": [],
        "headline": "",
        "periods": [],
        "speedLimit": -1,
        "weblinkUrl": null,
        "expectedDelay": -1,
        "ended": false,
        "isNewIncident": false,
        "publicTransport": "",
        "impactingNetwork": true,
        "subCategoryB": null,
        "arrangementAttachments": [],
        "isInitialReport": false,
        "created": 1786280627000,
        "isMajor": false,
        "name": null,
        "subCategoryA": "null",
        "adviceA": "Plan your journey",
        "adviceB": "Check signage",
        "adviceC": " ",
        "incidentKind": "Unplanned",
        "mainCategory": "OPEN TO  4WD ONLY",
        "lastUpdated": 1791131828869,
        "otherAdvice": "<p><strong>Due to recent rainfall and/or unstable road conditions, this road is open to 4WD vehicles only.</strong></p><p>Road conditions for Unincorporated Area of the Western Region are available on 08 8082 6660.</p>",
        "arrangementElements": [],
        "diversions": "",
        "additionalInfo": [],
        "weblinkName": null,
        "attendingGroups": null,
        "encodedPolylines": [
          {
            "levels": "",
            "direction": "BOTH_DIRECTIONS",
            "coords": "hpoqDipt_ZoQbEuDdAiA^uAb@mEvAeCz@a@NeErA_EtAw@VoBp@eDbAeCz@MDsBt@wBn@wDjAC@eCx@eHvBc@NcKdDuDjA}@X{GrBqAb@iC|@gBt@eDzAEBkEvBkEhBwEtBwB`AgGpCC@i@V}At@eCfAcChAA?qFhCsB~@q@\\{@`@_Bz@_Bv@sAv@}@h@SLkAr@uA|@_BfAeBnAeCrBqBnA{Av@eCv@{B`@{D^{CPs@B}@BiBDwCFwADi@@}CJO@{ADO?kCF_BHqDNs@@sDFS@}@@YAs@C_BI]Eq@I{AWoDc@}G{@y@KaG_AgASiB[a@GYCm@Ek@C}AEg@@uA@aAFsAFwAFS@_IZu@Dc@BoHZ}KZc@@mBFqDH_A@uCJwEP{DFsFF_FNcDLcFRuCHm@?m@@u@AiA?uEG}@CyCE]AyDCoAAcHMiBCgDMoCM]A_BG_Je@e@AkH]G?eBKyKg@YCqIi@iFQa@AiA@mB?}G`@a@BsDL_ADwCNsM|@mG^o@F{CZwDNOBeAFA?yABu@?_BAcE@oG?K@y@@wACsDK_@AkBCwEIuIKaDCgFEw@AqIIcIJ_GHkGHgABiBBqDBcD@mCFwALe@Hi@Js@Pw@Zq@Zq@\\oCrAqDfBmB|@uMtFwFfC_FxBuJfEmHpC_GbBqDpAmAj@u@`@u@j@Yf@OTUn@QpA?jAXtENrD\\tF@RtA`KD`@d@hEhApK@D^lFJpAFl@l@|HV`Dj@bJNxB@|@IhAC\\YdC{@lGqAvKYvBi@`Ea@dDYbCmAfKs@`FSfAENSr@EJsF|HeDvEmCxDcAxAoGnIY\\}G~IEHoMvRcBrBuFzGqEhH{@tAEHoAfCcApB_B~F_@|@]n@q@l@k@d@KH]VwB`BqCtBgDxAcElAqA^eEh@a@FqD`@_D\\s@LoKdBw@RkCr@[P_@P_Ad@_@RwAdAaAt@iCrBkDlCwKbI{AtAoBfBoBdBcEtDgA`AsBzBiBnB_DhDu@p@sHzGKJgG|F]ZkCzBcBxAyEnCgGxEsKnIoLrJA@y@n@iHvFs@f@kGnEu@f@uGnEsFjDyBvAmBlAcIxEsAv@e@XmBhA{Bv@gE|@QDQ@{D`@YBcJr@}Gh@eGd@U@sDVmCPyF\\mDTmADc@@qK^[@wEHwDFgBDuEF?@}@HeANu@\\oAz@OJcBpAk@`@}PrOMJeA`AoF`FeCnCwDxHuF`NeChG{@bAmP`OqJdJcPrO}I`IaAn@u@\\{@ZoEj@qHnA}G~AeNlD{GjA{Bf@sAXWDa@LMHg@b@i@l@CBm@n@_@\\SPe@n@[f@[d@g@t@[b@a@^iAfAsCpCaAhA_ClCEDoBlCSVGJQTMLW\\MNONIJMRa@h@W\\QPQLKLY^KPKJONMJq@VA@OFMFSF_@Pc@Lw@To@RE@o@NYHSDO@y@H]Be@B]B_CN"
          }
        ],
        "displayName": "OPEN TO  4WD ONLY",
        "roads": [
          {
            "conditionTendency": "",
            "crossStreet": "",
            "delay": "",
            "impactedLanes": [
              {
                "affectedDirection": "Both directions",
                "closedLanes": "",
                "description": "",
                "extent": "Closed",
                "numberOfLanes": "",
                "roadType": "Road"
              }
            ],
            "locationQualifier": "at",
            "mainStreet": "Toona Gate Road",
            "quadrant": "",
            "queueLength": 0,
            "region": "Far West NSW",
            "secondLocation": "",
            "suburb": "Tibooburra",
            "trafficVolume": ""
          }
        ],
        "isLocalRoad": "Local road",
        "CategoryIcon": "Hazard"
      }
    },
    {
      "type": "Feature",
      "id": 284000,
      "geometry": {
        "type": "Point",
        "coordinates": [
          143.1892275,
          -29.9584222
        ],
        "collections": []
      },
      "properties": {
        "webLinks": [],
        "headline": "",
        "periods": [],
        "speedLimit": -1,
        "weblinkUrl": null,
        "expectedDelay": -1,
        "ended": false,
        "isNewIncident": false,
        "publicTransport": "",
        "impactingNetwork": true,
        "subCategoryB": null,
        "arrangementAttachments": [],
        "isInitialReport": false,
        "created": 1786280838000,
        "isMajor": false,
        "name": null,
        "subCategoryA": "null",
        "adviceA": "Check signage",
        "adviceB": "Plan your journey",
        "adviceC": " ",
        "incidentKind": "Unplanned",
        "mainCategory": "OPEN TO  4WD ONLY",
        "lastUpdated": 1791132008748,
        "otherAdvice": "<p><strong>Due to recent rainfall and/or unstable road conditions, this road is open to 4WD vehicles only.</strong></p><p>Road conditions for Unincorporated Area of the Western Region are available on 08 8082 6660.</p>",
        "arrangementElements": [],
        "diversions": "",
        "additionalInfo": [],
        "weblinkName": null,
        "attendingGroups": null,
        "encodedPolylines": [
          {
            "levels": "",
            "direction": "BOTH_DIRECTIONS",
            "coords": "dmitD_d{iZ"
          },
          {
            "levels": "",
            "direction": "BOTH_DIRECTIONS",
            "coords": "bdaxD{azhZ_@QIEaAWaAYq@Sm@I_AIuBKIAMAkBKG?yHYc@AqBI]A}CQUCsAM_BOmDa@OCiBWm@Iw@OUCoDo@g@IoCg@}@Qa@I{Ck@{Dq@wDo@_@IgB_@OEg@IOCMCMCSESEuCi@mGgA}AYwI_BwAWmDq@uB_@{@Q_@GmEw@CAeEw@KCcCe@u@MWGwE{@a@ImI{AeAQuCi@cDk@}Ba@}A[iB[}@QqDo@oGkAeDo@gF_A_@Ic@IiCe@wL{BuAYeASa@IwFcAa@GmCg@eB[c@IWEm@Mu@OmBa@yDs@mCe@WGoB_@QCaEs@yAYwBc@qDq@iCg@]IWEgEu@gDo@OCwCi@CAiB]cB[EAw@Mk@K_BYsDu@qB_@sAUuDw@mDo@[GmE}@oAU{Bc@aDm@qE{@}@QEAeB[aB]cDo@sAUo@McC]uHwAkASiE}@eDq@GCoDq@OC{Ba@gB[mB[_Ca@mDa@sAKmBQo@CuJ]yNy@QAcEU}G]e@Ca@CoCOaDSs@EoEUG?}G_@c@CsDSiBKwEWEAwGa@sBM_Ki@aIc@oAIgCMwJi@cEUoCMkCOeIe@}Ga@yF]q@EeDQiEUwBKwEWE?_AG_COyBMUAsCMQ?eCQC?{Ga@G?AAqCK}AIGAcBKeBMC?y@GuCOmAGk@E{@Gw@Ca@C}AKIAu@CYC_@C_@C{@A}@Ik@CC?m@EiAEcBMcBIeBKC?WAuAIiCOoBIqBQ[CgAEmDQoBKaAE_AG_EOoCMq@GUCG?oAG_Ha@u@EeAEg@AgDSwBM_@CS?i@CoACmACK?mA?wABcFTmEV_FRQ@wFTeETi@BgDP{@DqDLmAF_GZqBH]@_CH_GZa@B{CLaABaFTq@BgFVo@DsBJgCLU@wGXI@kCLwBJ{@B_CJM@}AFsI`@cADuBJoFXSB[@cCLiERuAHwDR{EPk@@sADgFXcCJW@kBDyCPS@mCN{@DsCP_AFeADy@Dm@BO?kADo@BI@s@D{AHi@?e@?eAA}EM{GYgAEyAG_JYyL_@eDQgMe@wAESAiFQuJWe@Cc@CoCMm@CkEQmBIkFYo@C{F[UAuACmBCq@@S@q@BsBToB\\}@XcCx@eBp@k@T{CbAa@Na@L{Ah@qExAs@TuHrCiBl@aErAkA^aJtCuAb@gDfAkA`@yA`@w@P_R`CuCXC?uIf@aEJgAD_CFO@sFF_FFkPTw@AuJUcD?gD@o@@G@m@Do@JkE|@aJ|BkDv@c@Js@Jg@Do@?c@Am@EwEW{Hs@sD]uBSgCYcBQm@GmBU{ASi@GaD[_Da@CAiH{@eEg@uMaBqBQeD[}TkCSCiBWoDe@mL}A}@MsDc@c@GgEg@[GeFu@sEo@uCWwBOuA@kBP]BySrBoIz@Q@eIr@aFd@y@HmIl@wEX}BNmHj@qCTiMbAsMz@i@DqMfAsGd@yCRkEX}E\\}Jr@qCRgAHwDXoJj@}G`@cDHkBFgAD_N^gHX{CFyOV{LXyLHsNJoKDc@?m@?{@?gN@kI@wAAsVHgA?kB@uHBuA?qMDsMBkB@wNBwWFaUDoZJg^HgWFaDB[?_@?}E@oCEoAEuBE}AMuCe@cCo@mGeBsJmCcHkBcAYyF_BkFyAu@UeJ_CQGkJsCqJsC[IsF{A{JqCkHqBy@U{IeC}GmBsHuB}GmBcBs@u@]iG_Dk@[cLqGa@UeKyFkCwAoK{FqHaEsAo@KE_Ae@eAa@mA_@_AUoAUkAQuHgAs@MOAA?eMiAgMkAkCUA?yLmA{LkAuJaAcAI{AMuBSWCKAmCU}@GmJ_AYCEA_BUq@MaCi@qBu@kDuA{@c@uBkAKEuJ{FyCgBeFuCkBgAuDwBEAyA}@oJsF}HmEgK{FmAs@yHgEkDmBmDsBk@]mEcCyDyBeK}FgK}F_DgBUMoEgCoDsB}BqAwAy@_IoEeAm@q@_@eK_GqDqB_@UuDuBaE}B{CeBg@YqAu@sHgEaJeF]SGCu@e@eDmBiDkBcE_C}CgBe@YsC_BsFaDaDiBKGmF}C_@SwBoAcBaAcH}DiK_G{GwDkBgAcCuAaGmDcKgGaAm@yAs@_@OQEwA]KAm@Ii@GkAOkBK}AGUAcBAU?MAU@}@?mABmBDgBL_@DkBRuCVuDZk@DoETwA@sBBcFDS@cMJiCBoCBc@@}@?m@@Y?eMJcCBwEBgBBw@?{B@oGFyA@{FDmBBmCBoFDgA@o@?wEB{DBcB@c@?c@@wGDaGBaEBy@@qD@e@?qD?aLAc@AcKOcQE}EOiAMiASUIyBy@uEwBqEuBeHuDqBmAoLmH}AkA]UwB{Ak@a@iFuE}HwHwJyJ{HkIsGaGsDsCsDiCuCqBkHyEgImF}GwE}HmF}FsDa@WmHwEkCcBgBkAwFsDoDgCQMmFqDoGcEoBuA[YgC}CwAyBoB}DmBqD_DmFkCeFcAaC}@{BoAqBaGwIaHmKgAaBqEiHCEiE}GcA_BOUqB_DeEcGm@}@o@uA_AyBe@gAiD_LGUWs@c@mAsA}CGMe@}@}@qBe@{@qFkJsHmLoF}GyBqC{B{CY]aBwBeCcEsC_GwAcD}ByGmAyCyDcI{CkG}FiLwF}KGK}@eBuG_MiCcFO[_AmBcBkDaJcRaJsPeD{GWg@g@aAeC_Fc@_AO]O[Qc@oD}IcAmCm@qAqAsCsAqC_@w@a@o@gAuAs@o@aB_Au@c@u@]uBs@c@Mo@QkCe@_HgA_AOYEiC]oAK{CS{G_@K?wAIoFY}BEeBCuEGiCEsLQSAQ?c@A_HMgACg@AqEMsDMaBG"
          }
        ],
        "displayName": "OPEN TO  4WD ONLY",
        "roads": [
          {
            "conditionTendency": "",
            "crossStreet": "",
            "delay": "",
            "impactedLanes": [
              {
                "affectedDirection": "Both directions",
                "closedLanes": "",
                "description": "",
                "extent": "Closed",
                "numberOfLanes": "",
                "roadType": "Road"
              }
            ],
            "locationQualifier": "at",
            "mainStreet": "Reola Road",
            "quadrant": "",
            "queueLength": 0,
            "region": "Far West NSW",
            "secondLocation": "",
            "suburb": "Monolon to Borrona Downs",
            "trafficVolume": ""
          }
        ],
        "isLocalRoad": "Local road",
        "CategoryIcon": "Hazard"
      }
    },
    {
      "type": "Feature",
      "id": 284003,
      "geometry": {
        "type": "Point",
        "coordinates": [
          142.3442075,
          -32.8930075
        ],
        "collections": []
      },
      "properties": {
        "webLinks": [],
        "headline": "",
        "periods": [],
        "speedLimit": -1,
        "weblinkUrl": null,
        "expectedDelay": -1,
        "ended": false,
        "isNewIncident": false,
        "publicTransport": "",
        "impactingNetwork": true,
        "subCategoryB": null,
        "arrangementAttachments": [],
        "isInitialReport": false,
        "created": 1786281112000,
        "isMajor": false,
        "name": null,
        "subCategoryA": "null",
        "adviceA": "Plan your journey",
        "adviceB": "Check signage",
        "adviceC": " ",
        "incidentKind": "Unplanned",
        "mainCategory": "OPEN TO  4WD ONLY",
        "lastUpdated": 1791133516602,
        "otherAdvice": "<p><strong>Due to recent rainfall and/or unstable road conditions, this road is open to 4WD vehicles only.</strong></p><p>Road conditions for Unincorporated Area of the Western Region are available on 08 8082 6660.</p>",
        "arrangementElements": [],
        "diversions": "",
        "additionalInfo": [],
        "weblinkName": null,
        "attendingGroups": null,
        "encodedPolylines": [
          {
            "levels": "",
            "direction": "BOTH_DIRECTIONS",
            "coords": "zi}fEa{}cZn@SRIZGf@?L?VC\\AbAIlAMbAUv@Wd@Wh@a@\\[|@e@r@e@z@o@z@y@z@s@~@k@|Ay@j@a@t@o@vCaDrAaBnByBjBuB`CuCh@o@PYRe@Ro@Ve@LOHGPMZMREz@Od@IhDi@fDi@NEvAUVEtIwAj@I^E~@K\\A^?l@@l@Bv@DtAHvAJnCRzBNxCRZ@vBL`AHhANb@HXH`@J`@Pd@TFDZRb@^Z`@f@j@x@fAxAlB|BzCnBhCfB~BlGnIh@p@fDnElCrD|@jAl@v@T\\RVRXX\\XVr@n@ZR@@\\PHDdAl@lEtBtBbAhB~@lGzCZNrFnC~C|AlAl@fB|@fAd@XHj@N`@Hf@DT@`AFx@DdIRP@jDFjDHvADzCHfHPdBFzIRp@BtDHzEJ`@@pBFhDHhBBX@L?p@Fr@Ld@Hf@N~@Z|@b@dB~@RJdBdARLvBtA~Ax@^R^TTRj@j@NPFHVd@h@x@nAdCtBjEnArCxBhEzAbDxA|CzAhDDLhBnDjBvDv@|A@B|@fBjBjD~CzFh@fAv@vAtAjCnAxBrAfCx@`BXf@Xj@h@`Ap@fAd@v@p@`Aj@t@v@~@`@h@bAfAv@z@z@~@dA`ARPRR\\TVNHDZNXLFBd@Jl@Jj@Bv@?bAE~@G`@Cr@Cl@EnAE~AKvAK|BOrCQ~BMzAI~EYhIc@jDU`DO`AIxBKtAKj@EzBMrAGlAGhBKlAIbBIlBQlBIbBKfBIdBMRA|@ErBMzAKx@EzBOz@EjAI~AIzAMlBMbBMrBMlACl@EdBKfBKjBMdAGfBMr@EhAItAIvAIh@EtBK|CUdFW|Fa@tBOpDW`@I^GRCJC\\KXMTMTQ|AeArAgA~@w@fAu@p@o@l@_@|@k@z@k@z@m@h@Wn@W^Ml@QvBi@tCq@lCq@jCm@~C{@`Du@|GcBlA]nCo@xCu@dEcAzGeBfDs@pBk@nBg@rAYfAWdAYhDiA~A_@~A_@jCo@t@On@Ih@Gh@EP?TApA@f@A`@?d@F^H^LDB\\Rr@XJF`CrAdDdBzAbAFD\\Z`@`@b@h@^p@b@n@h@rAf@pAVn@x@vBvA|DjAzCDLp@|AVd@Td@V\\f@l@jAnAv@x@pBxBfF~EfBlBjAlA`CdCzBzBrAvAjCnCzB|BdDfDt@t@NL|@z@~AdBbAfAn@n@x@x@fAnAp@p@h@b@\\X\\Vl@\\v@Zh@Rn@Jb@Hp@HbANpAPxBZf@F~@Lr@Lj@Hr@HtB\\p@Hp@J@?JBXDf@H|BZpAPrCb@zB\\hBX|@Jv@Jj@Hh@H\\FXDt@LlAPxB\\`Dd@~@PpATpBXxAR\\FnAPdBXxBXjARNB`ANh@Hl@JbALjARPBlBXf@FPBl@HbAN|@LhBZjBV~B\\pARzB^bDd@t@L|BZf@Hl@H|@LpBZl@HvARh@J~@LbANf@Ff@Hv@LLBr@J^FtBXpARlAR~@LpARvAPxATlBXv@JRBF@PDr@H\\F^Fh@Hh@FZD^Fd@Fr@JdAPbAPdANxBZt@L`ANpDf@hANnCb@`C\\rAPr@JnAP^FvAVbANbC\\n@Hz@NtBXnBVhBX|@NtATz@Jf@Fx@Hj@Dl@B`@@N?NAZCpAKn@KnB]fCe@RCpASrB]lGcAt@MjF}@t@MbAOrAW~AWxIuANEZEjJ}A^Gd@G`ASnLqBxBa@RCfASv@MdBUnF{@bAQrF{@jCe@dDk@nDm@fGcAbDi@vAWlEu@z@M|Ci@hIsAlEu@j@IfKiBjDk@lF{@`Ca@`@GvBa@l@KrCe@d@IvCg@DAxGiA^GjIwAjAUfDk@pGgANCxCi@r@MjAQfEu@pDm@xA[`F{@~E{@tB_@bBYrCg@|Ew@nEu@|HsAxBa@\\I|AU^E\\CH?\\?^@p@Dj@JPDZL`Bp@`B~@hDpBpBhAvDxBdDjBfAn@bCzApIxE~BrAp@^dK`GzEpCvC`BjAp@VNdB`ALF~@j@rEhCzNhIlDpBhAn@j@\\n@`@|@d@XPxXxOvMnHtNdIRJrJlFhIvEbIrEtElCfBdAbBpAbBrBlEzFhGfI~ErG|GdJdBxBHJzAdB~@p@t@f@`AXhARbBNlDPnDLvHVxLj@fCLjBF~BJT@lAFnADnAFt@Dv@Dh@BvDFdAFh@Df@Df@DjAVj@Tx@^~BvAtIjFlC~AnC|AdCzA^T|D`CjFbDfBdAfCzA|FnDvCfBlDvB|@j@zCjBrPzJlOrJv@d@lAr@^Td@X`CrAbBfAp@n@b@f@RVJL^d@n@~@n@x@jEvFhQjVh@r@h@n@^`@\\\\ZTTPZPd@Rj@T`AXzAd@fD~@vC`AhCt@nBj@VHxA^j@Vh@Xb@Zj@f@~BxBjAhApGdGdE~Dz@bAh@n@p@dAh@hAn@~AlAvDZhALd@Rp@Rl@jChIj@dBh@|AfAnDbAjDLf@h@jB~@lCRl@Xj@\\h@`@j@TXHJ\\\\^Xb@Xb@Rb@Pz@ZjA`@tAf@fBn@lDlA`Cv@LFhDhAbA`@lBp@hA^tA\\bAb@FD`A`@b@Tf@\\`A|@ZXl@l@rA|AjCjCdAfAx@z@jAlAjBpBbB|AhC~Bh@`@l@Zd@N`@LZDR@P?V?XCREVEVK^Oh@Wp@_@nFgDfBiAx@e@`Am@f@YhBcAb@Un@W`@KJCPC\\EZC\\Ab@AN?R@`@Dv@Jz@Lf@Dj@D`@Bj@Cl@E^EXEPEZKb@Or@[vAu@tC{AfBcA`CsAfAk@z@e@VKTKTI"
          }
        ],
        "displayName": "OPEN TO  4WD ONLY",
        "roads": [
          {
            "conditionTendency": "",
            "crossStreet": "",
            "delay": "",
            "impactedLanes": [
              {
                "affectedDirection": "Both directions",
                "closedLanes": "",
                "description": "",
                "extent": "Closed",
                "numberOfLanes": "",
                "roadType": "Road"
              }
            ],
            "locationQualifier": "at",
            "mainStreet": "Old Pooncarie Road",
            "quadrant": "",
            "queueLength": 0,
            "region": "Far West NSW",
            "secondLocation": "",
            "suburb": "Coona Point to Bindara",
            "trafficVolume": ""
          }
        ],
        "isLocalRoad": "Local road",
        "CategoryIcon": "Hazard"
      }
    },
    {
      "type": "Feature",
      "id": 284004,
      "geometry": {
        "type": "Point",
        "coordinates": [
          142.0969596,
          -32.7201863
        ],
        "collections": []
      },
      "properties": {
        "webLinks": [],
        "headline": "",
        "periods": [],
        "speedLimit": -1,
        "weblinkUrl": null,
        "expectedDelay": -1,
        "ended": false,
        "isNewIncident": false,
        "publicTransport": "",
        "impactingNetwork": true,
        "subCategoryB": null,
        "arrangementAttachments": [],
        "isInitialReport": false,
        "created": 1786281255000,
        "isMajor": false,
        "name": null,
        "subCategoryA": "null",
        "adviceA": "Plan your journey",
        "adviceB": "Check signage",
        "adviceC": " ",
        "incidentKind": "Unplanned",
        "mainCategory": "OPEN TO  4WD ONLY",
        "lastUpdated": 1791133620954,
        "otherAdvice": "<p><strong>Due to recent rainfall and/or unstable road conditions, this road is open to 4WD vehicles only.</strong></p><p>Road conditions for Unincorporated Area of the Western Region are available on 08 8082 6660.</p>",
        "arrangementElements": [],
        "diversions": "",
        "additionalInfo": [],
        "weblinkName": null,
        "attendingGroups": null,
        "encodedPolylines": [
          {
            "levels": "",
            "direction": "BOTH_DIRECTIONS",
            "coords": "t_tfE}sfbZrA_@hAe@HCvAw@tBgAzC}AzAeApA}@dAmAFGlEeGbFoHhAwAtAqBf@w@hAaBn@eApCeEtBwCb@o@\\g@bBeCr@}@HK`A{Aj@{@`AyAx@gAdBcChEmG|AeCVYDGVk@VaAXiBf@uCT_CPiB@C^kCHg@l@aFH{@x@iHD]b@aEt@wGh@cDHe@Ha@fA}F`A}FT{AzAuJHo@D[D_A?y@A_AEo@?EOy@CQSwAWwAQgA{BsL_@iBqBoKeAuFkAaGOy@cBcJA?OkACQAOAg@@YBYNa@V]t@{@tC_DJKtG{G~@_ApCsC^_@V_@NWJ]Ha@Dc@@g@?e@?A?k@?{@CoBCm@?AG{@G_AOcAM{@AIIc@GUKa@Ui@Ym@y@yA_@k@o@}@mAeBGKuBqCk@y@k@u@q@{@q@s@i@i@a@_@_@c@c@i@[_@_@e@]k@]k@KWKUOa@EK_@gAYcASo@Sk@Yq@]w@a@q@a@{@MUsAgCuCwFQYaAgB{AoCk@eAAAk@_AO_@CKEOEa@CWB]@SDWXk@t@oAn@mAtA{Bd@{@^s@Ra@LUz@{Az@wADKpA{BFK`@u@vAcCHObBwCj@cAl@gA@E`A}AP]l@kAXi@\\u@^s@Vc@Ri@d@gARc@@?Ts@V}@Nk@h@mCRw@`@eBLa@h@mBRu@d@kBLm@Fc@Hk@@i@?S?Y?Q?_@As@Co@OqBIoA[gCMm@EMK[Ys@]}@[q@]aAY_AYsAGi@E_@?IC_@?Q?s@BeB@EFeAT_DLoAFq@@KF{@Dk@Da@H_@Rm@Tm@dBuCNYr@eA|DeGhBmCBGVYJMV]LMJMTSZS`@Md@Sd@Qt@QtAYn@ObEeAxBc@l@KVGDA`@MZI`@KRKVMZWTUTW@APWT]Tk@Nm@Ha@DY@QFg@@a@?e@C{@CmAAq@MeE?OKiDQsEIuCAEAs@E{@CiAA_@SmGAe@AWOcFEiBAq@@g@Bo@Fm@@MFi@Li@Lk@Ps@Vw@\\uAZeABEVcA\\gAb@sAd@aBf@eBTs@Na@`@uARm@La@La@DMJ[ZeARw@Vw@HUNe@Ne@J_@TgATu@Jg@Fm@Fo@Do@@u@?c@?KAq@Ak@Cy@CgAAAK}BEcAGcBAe@MuCIuCKuCCk@KuBIiBEaAAy@@m@Di@@KBUJe@Ha@Pk@Zs@b@u@Vg@Xk@vAgCBGj@cAHOR_@\\o@n@iAJQbAmBlAyBbAeBd@w@HQNUfAuBZi@BETa@LWZq@Xc@`@u@Xi@FINULUVk@Ri@FOJg@Dk@Bq@Aq@Cq@Iq@Iu@EWGe@Q{AG_@_@gCWkBIy@E]Io@Gg@O{@S}AUiB]wCCQWmBSeBS}AUsAQqAKk@CMQ_AYuAe@sBWqAMu@Sy@I[GWIc@Os@YwAe@iB_@mBMm@Kg@G]CIc@uBk@oCi@kCQ{@[{Ai@_C_@uBi@iCGYg@_Cg@eCi@_C[}ACQKi@S_AG[CGAGOaAKy@K{@Eo@Ck@?k@?o@?{@?{@@WDaI@yD?A@uEDsE?kA@_@?K@kB@uH@gB?]@u@@m@D{@BMDa@VsAHa@Ra@Ra@X[Z[dAeApAiAl@k@h@a@p@o@XYf@a@LMxBmBRO~AsAVQtAmAv@q@zCgClBaBDEnBaB\\[rBkBt@o@^c@HKRWV_@Xe@Va@Pa@Pm@Ps@P}@\\sB^sBh@mCdAwFHc@x@iEl@cD\\iBf@oCBKV}Al@{Cp@mDTqA`@wBx@kETuAJw@Hk@B]?[?g@Ag@Ce@Cu@MmAa@{EE]c@_Fi@iFEc@a@sEw@uHCSs@}Ha@yDAMe@_FOkBK{@Gw@C_@C]?]AaA@g@DgAFk@Ls@`@qB^kBLs@r@cDHa@p@sDz@sEDUbAcF`AqFBMr@iD\\iBb@mBL}@Ly@No@@IFa@^kBb@mBX{A\\eBhC{MF[jAeGJg@z@kEXwAtBaLdAwFNu@z@kEJk@b@sBj@yCt@}D^mBjBwJDSz@iExAmH\\gBRmANs@Ls@Fg@Hk@Dc@Bg@@k@@Y@SJcDB{A@s@FyBDqA?IFaBFeBDgBFqBB_A@g@Bu@DqBDoA@{@HcCD}AFyAB{@Bw@DaBFgBFgB@SDgBB{AF}AD{AFqB@c@DkAHoDHoAHeABm@Bo@H{B@{@B}BLsFFoABuBHmCHsCD{@?CFsCVgGN_EFaE@uAGs@AwACuAE{BGaDAgAAo@EwCKgECeCGiDA}@CsBGyDGqCCyCG}CCkAK_FEoCG}CGaGA{AEw@?e@?k@?oB@u@?g@@cAB}@@c@@YBcADaA@IBw@BgABaA@_@FeBD_CFqBH}AB[FS@A"
          }
        ],
        "displayName": "OPEN TO  4WD ONLY",
        "roads": [
          {
            "conditionTendency": "",
            "crossStreet": "Tandou Road",
            "delay": "",
            "impactedLanes": [
              {
                "affectedDirection": "Both directions",
                "closedLanes": "",
                "description": "",
                "extent": "Closed",
                "numberOfLanes": "",
                "roadType": "Road"
              }
            ],
            "locationQualifier": "between",
            "mainStreet": "Old Pooncarie Road",
            "quadrant": "",
            "queueLength": 0,
            "region": "Far West NSW",
            "secondLocation": "Bindara Road",
            "suburb": "Bindara",
            "trafficVolume": ""
          }
        ],
        "isLocalRoad": "Local road",
        "CategoryIcon": "Hazard"
      }
    },
    {
      "type": "Feature",
      "id": 284009,
      "geometry": {
        "type": "Point",
        "coordinates": [
          141.644444,
          -30.7700078
        ],
        "collections": [
          {
            "type": "Point",
            "coordinates": [
              141.448123,
              -30.675035
            ]
          }
        ]
      },
      "properties": {
        "webLinks": [],
        "headline": "",
        "periods": [],
        "speedLimit": -1,
        "weblinkUrl": null,
        "expectedDelay": -1,
        "ended": false,
        "isNewIncident": false,
        "publicTransport": "",
        "impactingNetwork": true,
        "subCategoryB": null,
        "arrangementAttachments": [],
        "isInitialReport": false,
        "created": 1786281676000,
        "isMajor": false,
        "name": null,
        "subCategoryA": "null",
        "adviceA": "Plan your journey",
        "adviceB": "Check signage",
        "adviceC": " ",
        "incidentKind": "Unplanned",
        "mainCategory": "OPEN TO  4WD ONLY",
        "lastUpdated": 1791133723985,
        "otherAdvice": "<p><strong>Due to recent rainfall and/or unstable road conditions, this road is open to 4WD vehicles only.</strong></p><p>Road conditions for Unincorporated Area of the Western Region are available on 08 8082 6660.</p>",
        "arrangementElements": [],
        "diversions": "",
        "additionalInfo": [],
        "weblinkName": null,
        "attendingGroups": null,
        "encodedPolylines": [
          {
            "levels": "",
            "direction": "BOTH_DIRECTIONS",
            "coords": "|efzDwqi~Yz@?bBId@EXG|@_@hCi@TGNE~@]NE`AQVKNEh@QNEhAQnAa@l@Qx@WXKh@Qf@YLGdBi@NC`AENCzCc@pAYf@OTGb@MNEPCNE`@Or@_@vCeCXYLKdA{@fBiBLKLIr@e@PQRSTSf@g@zA}Af@_@~@u@|@}@\\WDC^[lCmCbA{@bAcA`@WXSz@q@|B_CRQf@c@|@}@NKl@i@DETS~B_C|@u@XYnBaBh@c@rBsBnAeA`Ay@l@m@RUr@m@zAoAl@o@NMDEbCqBtAwAx@q@lAeAf@a@p@m@@AXYn@o@LKzAoAj@i@b@_@tBeBXYn@w@FELQ|@{@fGeFLK\\_@POd@c@v@s@hDsCf@g@FEFKPWx@e@h@i@FE\\[f@g@Z_@DEbBwBNOLOn@g@r@o@fFgEbCkBTQdA{@DE~@u@rBuBdDqCFETQfB{AhEiENSRUf@}@DIh@}@h@iAfA_DJSpAcFjCqJ~BiHZu@hByEXs@`C_GdDqInDkIhBuFtN}^|@_CrFeN~Tck@lI{QbOu`@jDaJtEeL`@cA\\u@jAcC|BqEzBkEt@cBv@oBz@yB~@_CzAaEBE|@{Bb@iApDkJDKdAiCvAsDhAwCpB}E`BkEdCoGfAqC|@}B~AcEhAuCr@gBl@mBl@eCVaAR_AJe@FUvAuG\\sBD_@D_@?U?YEUESg@cAMYEQE]Ca@AUB]Ba@Fa@HW?Ar@kBDIhE}Mb@uA|@wCvA{Eh@cBbA}CJ_@`@qA`AeDL_@zAyErAqEPk@Ro@v@kCf@{Al@uAt@wABCrC}EhAoBn@kAzEoIr@oAfAkBf@{@z@}AjCuE`@s@d@w@d@y@jGoKFKbCkE`CiEFKJSlBeDTa@d@w@b@u@\\k@FIP]\\k@JUBGNa@?CHk@Fu@D{G@]@o@Ay@?S@IAoB@kB@}@?g@?a@?s@?i@?INcL@kF?O@gB@YByF?i@BmE@wABkD@mA@i@?Y@{A?WBg@J{@BEPa@V]@A\\Wr@WNC`@MNEdA[l@URGbAe@`Ak@FE`CaB\\W`BkAlAs@fD{Bb@[~AiAf@[z@m@DCVQrA_AdAq@vBwAXQBCz@m@fCgB^WLIx@k@bAw@lAw@`Aq@LKj@e@RQHIlBuBpAqAdAmAn@}@LUZm@XgAP_AFWHg@Jo@H_@v@_FBO^eCb@gCZiBFYP{@FQ?AdAmDRi@pCwIn@yBj@kBNe@Le@p@wBr@cCNc@t@_Cv@cCv@eClD}KTw@bA_DfBgGPm@@ALc@z@mC|AkFVy@v@aClCsIdBoFdAkDTy@H_@Hg@B[@]?S?W?g@Ci@MkA_@kCo@qEo@_F[yBMaAU}AAAEYIu@ACc@kDa@uCk@wDCQK{@q@_FIi@Ge@WgBSw@?C_@cAq@iA_AwAMQs@aA_@q@O[A?S[u@gAwA}B}AcCs@eAsDsFiBqCEGqCkEQ[W_@k@}@_B}Bu@iAiBwC}AaCS[aA}AMQsAsBGKOSo@eAa@eAKc@Os@Gg@MaAQyAACG}@"
          }
        ],
        "displayName": "OPEN TO  4WD ONLY",
        "roads": [
          {
            "conditionTendency": "",
            "crossStreet": "Joulnie Road",
            "delay": "",
            "impactedLanes": [
              {
                "affectedDirection": "Both directions",
                "closedLanes": "",
                "description": "",
                "extent": "Closed",
                "numberOfLanes": "",
                "roadType": "Road"
              }
            ],
            "locationQualifier": "between",
            "mainStreet": "Sanpah Road",
            "quadrant": "",
            "queueLength": 0,
            "region": "Far West NSW",
            "secondLocation": "Pimpara Lake Road",
            "suburb": "The Veldt to Westwood Downs",
            "trafficVolume": ""
          }
        ],
        "isLocalRoad": "Local road",
        "CategoryIcon": "Hazard"
      }
    },
    {
      "type": "Feature",
      "id": 284011,
      "geometry": {
        "type": "Point",
        "coordinates": [
          143.748875,
          -29.344595
        ],
        "collections": []
      },
      "properties": {
        "webLinks": [],
        "headline": "",
        "periods": [],
        "speedLimit": -1,
        "weblinkUrl": null,
        "expectedDelay": -1,
        "ended": false,
        "isNewIncident": false,
        "publicTransport": "",
        "impactingNetwork": true,
        "subCategoryB": null,
        "arrangementAttachments": [],
        "isInitialReport": false,
        "created": 1786281786000,
        "isMajor": false,
        "name": null,
        "subCategoryA": "null",
        "adviceA": "Plan your journey",
        "adviceB": "Check signage",
        "adviceC": " ",
        "incidentKind": "Unplanned",
        "mainCategory": "OPEN TO  4WD ONLY",
        "lastUpdated": 1791133748636,
        "otherAdvice": "<p><strong>Due to recent rainfall and/or unstable road conditions, this road is open to 4WD vehicles only.</strong></p><p>Road conditions for Unincorporated Area of the Western Region are available on 08 8082 6660.</p>",
        "arrangementElements": [],
        "diversions": "",
        "additionalInfo": [],
        "weblinkName": null,
        "attendingGroups": null,
        "encodedPolylines": [
          {
            "levels": "",
            "direction": "BOTH_DIRECTIONS",
            "coords": "j`itDcytnZkDKwBEo@IwAW_Di@mF_@yCk@gAKo@E_ACs@J]Je@ReAt@{DnC_DxBiPpLi@Z}AbAkAn@iBr@_Cr@}E|AyD`A{HdCaF~AqB`@UDmATqALiAFaBCe@EaDQ{BOy@EsEYyD[sAM}AWi@Ii@OYMQIaBy@yAiAc@e@[_@c@{@??yL}@aEk@aD_@qAKy@EW?Y?e@BgD^_En@cDh@}Ep@cANwAL]?u@EeFWiCQ{Hi@cHa@qCOyLu@qIk@qJk@{[mBiRsAqCQsDW{DUeG[uHg@eIi@oG_@uF_@kEUiEWeDUoBKoF]eAIqCMwFa@kEUgF]}DWuGc@{EYaDUmCQqA?{AFiAJ}A\\uFbBkErAoErA_GdB}LpDuDfAeCx@qC`AgHtBmA^}@^o@^s@l@oAbAqG|EqB~AeCnBoDnCiDhCmCrBsAx@eAx@eAt@uB`BMHq@d@eB~@e@RGBk@Ny@PeDn@yD`@i@DWDgGj@}Gj@oHf@oKbAsGj@yFd@oJz@iIt@sCToAJgAHeAFkA@{@CsAGiB_@kHqBiCs@{HwBiGcBsF{AoL_DkOgEwAc@kAa@_Bq@UMkB{@yCoAeCkAKEcBu@_CkAcBs@w@WYGi@OiAU_AWoBc@y@Kk@Ki@I]Ey@KWEUAMAaC@cB@cCF[?Y?_C?gDDuEByHDmKLi\\PqDD_CFwADy@Hm@Ls@Ny@XkDfB{A~@oBlAuD`C_EnCiElCk@^e@^aA~@mA|As@|@c@n@g@r@cBxBgBdCy@hA{BzC_BvBsAfBUZgB|BsD`FuBtCyArBuAjBGHkChDiA|AoAbBKL{@dAqEnGa@h@}B|CkA`BeBzBs@`AkCpDwAjBWZ_AlAoFnHyBvCOTS\\Sb@_AfCm@fBq@zBaAxCm@vB[~@}@tCsAxDq@~BGVo@pBw@~BGRiAnD}@xCo@pBiCtIuAtEwC|Ii@bBoElNc@vAYfAKj@SdAc@fDgCfY}@zJsBdTmAvLOfASx@I\\Wt@Yn@a@n@uApB_IjLkL`Q]d@eB~B{@dAm@h@o@b@s@^uKtE}CtA}@j@C@o@l@Yb@MXQn@?@wAvJSjBOdCAVw@~PInBW`GATKbAGZGXERUl@}@`CaBzD{LrXa@x@KXGZGXEZGbAAn@RbQ@NB~@FfFb@hZn@ti@XbSj@n`@JdIV~NJpHA~AG~@M|@k@hCiBrF{B|GkAnDqA`EA@aBjFqB`Gw@dCc@rAc@lASl@Ur@Ur@y@rCkAfDQj@gElMi@rBcBrFuArEc@jA[r@o@vAYb@_@d@i@\\u@b@aCjAcSzJ_FbC_Bv@_XxMcBn@_@JOD}@Li@@cACqDa@}LqBYEij@cIgJsA}BWgACcA?iAHqK~@qD\\uRbBwAVmA\\y@^s@^WP}H`HyEhEwBhB_PzMgUtR_@Zw@l@i@b@]Vc@Vs@Xw@ZoBl@aKbDeA\\mPbFsNdEu@\\k@Z]Xa@^gBlB}A~AwCxCMJGDKDKDIFMFwH~HeA`AEFcAbAiClCwA|AkAlA_@^[Xs@x@m@j@iBpBmAtAyA~A_B`BgHlH}G`HkBlB}A~A{@`AQTcAbAw@|@u@v@cA`AeAhA[Zk@n@mApAyDzDeAdAgElEaA`Ayc@pd@wA~AsE`F_IbIkDlD{H`IaCdCmShTeOzOgClCe@r@S`@Sj@Kb@?BGf@Ct@?LBlCHvFBnB@p@JbOB|@f@jZPhR?`BGbAMp@M\\[l@kAdBi@p@EJe@x@yApBk@v@i@v@iA`BgAzAaAtAg@r@U^oAfBiCrDu@bAkFtHeFjH_EtFmLjPcAvAyHtKaAtAmLvPSViCtDoAfBaF~GmEfGgCnDw@dAyEtGaBbCgFlHgGrI}@rAe@p@sAlB}@lAiA`BqCvD{@pA{@nAuBtCqBtCyDbFIFqF`FyBtB{CjC_DnCcB~AiAbAcA|@oAhAm@h@}@v@}DrDaBxAc@^SP{CjC_BzAi@f@MJ}AvA_Az@mB`BcA`AED{@v@cBhB_ArAg@t@_@p@MP{@vAcDjFu@fAABk@`Ag@v@eErGoAzBYl@M^q@`CsA~HW~AIh@_@tBSrAEPiBrKWxAc@rCw@`Eg@tCu@xE[dBYbBe@nCG\\a@~BWxACR{BxMEVg@nCa@xBu@jEObAgAfGg@~CQbAiAlGg@zCmAnHg@nCKl@e@tC]dBG`@Mn@UbASx@Oj@EJUl@yAbDaCjFkFlLsBlE}CtGgGdNeGxMqE|JoDbH}@lBYl@yHtQqCdGkHzOcBzDKd@Gb@GZAXATIr@Ep@AVATCnAUdMCrBSlKCr@CpBQzIEzBMdGE~BGfDOxIEpBQnKAnAMpFG~DU`OKjEMtHInEIrEE|AEbCMzFGnBIjF@pAB`AFfEb@pRJdGHpD@j@L~GDtDBtBFfCJdGHvEJjHBdB@\\LpFJnG@z@@XJrFFxDDnB?FJjGD|BJ~ENbHBjABnCLnEBtALjIFlC@h@BlBLfGBjC?tBE|C?^CzDADMpEIpHEnDObGAlACzAG`DKdGMbIE|DCtAEtDI~DAv@AvAMrCGz@Ip@Mp@Qv@Un@CJm@tAy@jBw@`Bm@fAu@nAEJa@f@e@d@a@^_@RwAl@m@Tg@P}@\\qDnAoDjAKBsCdA}FpBQFIDSFkCz@[L{Aj@i@Ng@PUH}FpByBp@UHkAb@IB}@XqBx@_@TKFQJ]Rc@^KHmBbB_FvDYT{D|CoDnC}@n@}ExD{@r@QNiCtBaFvDkJjHgMdJkXvSsClCOLaBtAiAz@s@f@c@Xe@Xg@Ta@NC@oBn@UFaGdB]LkA^sBn@}Ah@m@R}C~@yEvAaBf@yCbAiDdAaMxD}GtBmBl@c@NgDdAkBj@mBl@wEvAwH`CA@wDjAgAXaAZ]Jq@P_@J}@`@q@^eAv@YZ[\\k@p@i@d@y@x@oEnFuB`C_IvIqJjKkCrCkBrBCBcBlBeCjC_BbBQRoA|AiEvEsHhIEFaGtGsAvAYZw@t@oAzAyA|A_BhBEFwAzAqF`G_FrFSRmC|CeDpDA@?@kBjBaDvDcJvJsBtBm@n@{@z@MN{IfKaA~ASf@eA`Ce@bAsGtNq@fBwF~LmC|FCHgHvOiGvNw@pAoAbBeDxD{NnPOPcIdJORW\\MNiAtAOPkBdCeIfJ{DnEeIjJe@j@aBjBCBiEhF}AfBY\\kAlAmB~B{AdBs@x@m@r@gBrBsBdCq@x@e@h@{CpD]`@}AdBcE~Ea@b@aBnBaBhBMLkAvAwChDgDzDmBxB{AfB]`@{@~@]`@m@r@oAzAgBrB}E|F}FpGoAzAiAtA{DdEyCvDQVe@p@c@v@Yt@SjAIp@W`CALE^UfAW~@Wt@c@|@]n@k@p@i@h@aBlAiDlCq@h@yCxBiAv@uAv@yAn@u@TuAb@}OlEmOhEm@R_IzBoCt@i@NmKzCgAZ_DfAk@ZIDsA|@uCjBqClByEbD_D~BIFqDfCkD~BQL}CrBcEpC[T{@h@YTk@`@iBlAeGhEwJ`HsCjBmBtAkBnAoBtA_BbAuBzAm@b@mAx@gBjAaBpA{A~@OJ}AfAgBpA{CrBMJeJlGs@f@iBpAuA~@cBnAsAz@OJiBnAeBnAwCpBq@f@{A`AiFpDc@X{A`A_BjAsA~@cAt@UNs@f@s@d@mAz@wAbAkA|@mAv@uV`Qa@XcBhA_BlAwAbAy@f@gAp@eBpAiBnAcBdAkE`DmBrAyBxAiBjAc@\\{@l@_Al@iDdCg@\\_@XCDWRwBlBkAnA{BtBw@v@}@x@GF}@x@{@|@yBtBaA|@]\\QNi@h@Y`@c@t@MZM^Kf@Id@KjAUlCk@pHIv@Gp@KrAEn@A\\A^?\\BXPhBT`B@JBTBJFb@Hp@Hr@Jp@Hl@@ZA@@T?@AVAZE`@Kp@Qz@SbA]tA[nAW~@a@jBOj@GXGZCLe@tBa@fBe@jBa@pBMp@Gb@CZ?`@?P?RB\\DVH^Nb@Nf@bA|B@Dd@jAd@hAn@rAj@xA~@vBh@lA`A~Bn@tA|@rBbE~JrB`FvDxI@DbHhPjBhEv@bCRdADj@Bh@AXAb@Gb@MdAWrAUvA_@hBCNWxAAB]dBWlAe@nCSdA]bBiAbFSlAa@xAGRsJte@m@|CyB`KWnAq@~CgA`FAHKZY~@]dAi@jAs@lAg@z@{F`Kg@|@Yj@YfAEZIv@Ev@DfB@dCFrIA|AInAG`AG`@EXId@]jBk@lC}@dEG\\Mj@eBpIWhAgBfIa@pBKh@qAlG_AvE_AzEsAfGKd@Sx@qBnJERgAtFs@nDcBpIGZe@vBe@zBo@tCq@`DMn@i@`CeBdJMn@{@~DsC`NaChLqCbNERa@vBe@bCc@hBc@pAIP_@`Aw@~AiAvB{@pBQb@c@jAg@vB[tAcA|Dk@xBeAtDs@pCGTc@`Ba@hB?@SlB]bD?FA@y@jHCP]`DCROvAaAjJIp@M`Aa@tDi@~Bk@lBGR?B{AvE}A|Ec@tAmBhGo@jBa@hAKZ{CbJADoA~Ds@zBw@~BCJ_@tA[nA]zBs@`Em@pDuAvHQbAWvAI^Kn@s@bEQdAe@tCq@fEmAdHQfAcBpJMr@_CfNADw@|Eu@nEaA~FG^eAfG}@dFsArHAJm@lDo@zDqApHY`BEVyAxIGXaBbIs@`DiAdFsA|FaAfE_BxGm@bC{@jDU~@mBtIs@vCa@bBa@xAmAjFmA|EqA|Fe@tByBfJOj@qBhIa@bBmB`Is@xCGTs@`DsAbGSx@y@hDi@vBm@fCkBvHw@dDCNwCnMu@`Da@bBoBhIq@pCiBdHo@vBc@hA_AzB_BdDoAnCWf@_@r@k@v@y@x@wA~@_AVuAb@qBl@g@HuE|@}EfAIBoE|@cDl@uHrAoFjA{FrAoDl@oFpA{GpAmJtBeMfCaKxBaLdCyMlCuMnCsNrCQF_@N_@LsB|@mCx@kBd@yATeN|CyKxBqFhAsE~@yIdBgB\\}BVs@@yA@}BFiC?qB?mCDeE?oHBsCAuGD{FDiA@cE@sD?_@?qD@oFBc@?}A@kBIqB]{A]wCq@i@M_FiAMEuEcA{EcAKCkCk@uA[eE}@eB_@sEu@{AIa@?_A?qBJmGf@gIp@{AL[BaDXgXfCoThB_L`Ak@DwAN{CZyCTo@F_BN_CTeCRyALiCV_BJ{BTyALWBwGp@mCR]BqFj@eBNiAHG@mADkACeBSyBe@]KYGoLsCiCo@{D{@kBc@eFmAiDs@a@KqFqAiBa@WEw@KE?_AEeA@aADc@DyBT{ALeAHwE^sCZK?yE\\uDZq@D}LdAqDV}E`@U@q@FiKv@cD\\"
          }
        ],
        "displayName": "OPEN TO  4WD ONLY",
        "roads": [
          {
            "conditionTendency": "",
            "crossStreet": "",
            "delay": "",
            "impactedLanes": [
              {
                "affectedDirection": "Both directions",
                "closedLanes": "",
                "description": "",
                "extent": "Closed",
                "numberOfLanes": "",
                "roadType": "Road"
              }
            ],
            "locationQualifier": "at",
            "mainStreet": "Hamilton Gate Road",
            "quadrant": "",
            "queueLength": 0,
            "region": "Far West NSW",
            "secondLocation": "",
            "suburb": "Wanaaring to Hamilton Gate (QLD)",
            "trafficVolume": ""
          }
        ],
        "isLocalRoad": "Local road",
        "CategoryIcon": "Hazard"
      }
    },
    {
      "type": "Feature",
      "id": 286279,
      "geometry": {
        "type": "Point",
        "coordinates": [
          141.337803,
          -32.61039
        ],
        "collections": []
      },
      "properties": {
        "webLinks": [],
        "headline": "",
        "periods": [],
        "speedLimit": -1,
        "weblinkUrl": null,
        "expectedDelay": -1,
        "ended": false,
        "isNewIncident": false,
        "publicTransport": "",
        "impactingNetwork": true,
        "subCategoryB": null,
        "arrangementAttachments": [],
        "isInitialReport": false,
        "created": 1787768209000,
        "isMajor": false,
        "name": null,
        "subCategoryA": "Road damage",
        "adviceA": "Exercise caution",
        "adviceB": " ",
        "adviceC": " ",
        "incidentKind": "Unplanned",
        "mainCategory": "HAZARD",
        "lastUpdated": 1791133781582,
        "otherAdvice": "<p><strong>The road is open with caution.</strong></p><p>Road conditions for Unincorporated Area of the Western Region are available on 08 8082 6660.</p>",
        "arrangementElements": [],
        "diversions": "",
        "additionalInfo": [],
        "weblinkName": null,
        "attendingGroups": null,
        "encodedPolylines": [],
        "displayName": "HAZARD Road damage",
        "roads": [
          {
            "conditionTendency": "",
            "crossStreet": "",
            "delay": "",
            "impactedLanes": [
              {
                "affectedDirection": "Both directions",
                "closedLanes": "",
                "description": "",
                "extent": "Affected",
                "numberOfLanes": "",
                "roadType": "Road"
              }
            ],
            "locationQualifier": "at",
            "mainStreet": "Netley Road",
            "quadrant": "",
            "queueLength": 0,
            "region": "Far West NSW",
            "secondLocation": "",
            "suburb": "Broken Hill",
            "trafficVolume": ""
          }
        ],
        "isLocalRoad": "Local road",
        "CategoryIcon": "Hazard"
      }
    },
    {
      "type": "Feature",
      "id": 285183,
      "geometry": {
        "type": "Point",
        "coordinates": [
          141.862196,
          -32.671632
        ],
        "collections": []
      },
      "properties": {
        "webLinks": [],
        "headline": "",
        "periods": [],
        "speedLimit": -1,
        "weblinkUrl": null,
        "expectedDelay": -1,
        "ended": false,
        "isNewIncident": false,
        "publicTransport": "",
        "impactingNetwork": true,
        "subCategoryB": null,
        "arrangementAttachments": [],
        "isInitialReport": false,
        "created": 1787102051000,
        "isMajor": false,
        "name": null,
        "subCategoryA": "Road damage",
        "adviceA": "Exercise caution",
        "adviceB": " ",
        "adviceC": " ",
        "incidentKind": "Unplanned",
        "mainCategory": "HAZARD",
        "lastUpdated": 1791133807596,
        "otherAdvice": "<p><strong>The road is open with caution.</strong></p><p>Road conditions for Unincorporated Area of the Western Region are available on 08 8082 6660.</p>",
        "arrangementElements": [],
        "diversions": "",
        "additionalInfo": [],
        "weblinkName": null,
        "attendingGroups": null,
        "encodedPolylines": [],
        "displayName": "HAZARD Road damage",
        "roads": [
          {
            "conditionTendency": "",
            "crossStreet": "",
            "delay": "",
            "impactedLanes": [
              {
                "affectedDirection": "Both directions",
                "closedLanes": "",
                "description": "",
                "extent": "Affected",
                "numberOfLanes": "",
                "roadType": "Road"
              }
            ],
            "locationQualifier": "at",
            "mainStreet": "Tandou Road",
            "quadrant": "",
            "queueLength": 0,
            "region": "Far West NSW",
            "secondLocation": "",
            "suburb": "Broken Hill to Menindee",
            "trafficVolume": ""
          }
        ],
        "isLocalRoad": "Local road",
        "CategoryIcon": "Hazard"
      }
    },
    {
      "type": "Feature",
      "id": 284012,
      "geometry": {
        "type": "Point",
        "coordinates": [
          141.070305,
          -30.7318088
        ],
        "collections": []
      },
      "properties": {
        "webLinks": [],
        "headline": "",
        "periods": [],
        "speedLimit": -1,
        "weblinkUrl": null,
        "expectedDelay": -1,
        "ended": false,
        "isNewIncident": false,
        "publicTransport": "",
        "impactingNetwork": true,
        "subCategoryB": null,
        "arrangementAttachments": [],
        "isInitialReport": false,
        "created": 1786282076000,
        "isMajor": false,
        "name": null,
        "subCategoryA": "null",
        "adviceA": "Plan your journey",
        "adviceB": "Check signage",
        "adviceC": " ",
        "incidentKind": "Unplanned",
        "mainCategory": "OPEN TO  4WD ONLY",
        "lastUpdated": 1791133954749,
        "otherAdvice": "<p><strong>Due to recent rainfall and/or unstable road conditions, this road is open to 4WD vehicles only.</strong></p><p>Road conditions for Unincorporated Area of the Western Region are available on 08 8082 6660.</p>",
        "arrangementElements": [],
        "diversions": "",
        "additionalInfo": [],
        "weblinkName": null,
        "attendingGroups": null,
        "encodedPolylines": [
          {
            "levels": "",
            "direction": "BOTH_DIRECTIONS",
            "coords": "lay{D}bd}YQt@SlAs@dEGZCLCLm@zCCHMz@Il@Er@?bABtAFd@H\\Lr@XjAVjAN|@N|@HtAFlDJnFB`CB~ALxLFzFDzAFzAFfA@H@J`AtNL`Bb@hGNvC^tFBX`@xFdAtNLdCNlCz@rN\\fGJbBV|D@R\\nGJpB\\jGXrCRfB`@zBb@vAbAbDb@bArApD|BvF`@tALh@Bd@?ZEZIXO\\[f@y@~@IFiDxCe@`@uHhGeBvAu@p@i@p@OXI\\I^Cb@Ed@A^?J@b@Dj@VxBp@rD~@|Fz@zGHn@bArHj@tEThBTdCBp@Bj@GdAKtAIl@CTwB~Kg@bC]bBiAhFmAbGuCjNwClNuClNwCjNuClNaB`Iq@zCCLwClNwCjNwCjNwClNwCjNwClNwCjNwCjNc@pBiAnFkCjMYnA]dB}AbHMx@ERCTO~ACpALjCP|Cz@dOj@xJz@dOz@fOx@dOTjD\\hF\\jFN~BPxC^`G~@dOLjBl@rJBd@PbC@hB?~AQxDAX}@jNg@`Ie@hHYzEaAbOaAdOALq@bKStBAJYlB_@`Bu@dCoA|BcBnCqDrEoArAgBzAEBkJvHqEpDyC~B{HdGk@b@GDiJvHkJtHc@^}EnEA@}IjIs@n@uFhFeDvCgBhB}@|@A?STg@h@kAxAa@h@Y`@uFjHa@j@]d@}@jAyAlBwD|EiAvAw@h@g@X{@VE@aATkAR}@N}@NSFqI|A_@HU@]LKBS@a@Hi@NIB_@DSDI@K?gBEUCICIESSSWa@u@u@cAg@y@KWKSm@eAw@eAMS[q@aBuC_@o@Q]gEcHc@o@USKGe@Oi@Ee@FUD]JyJlCyCv@uBj@}Cx@sBj@kD|@ODu@RsD`AeDv@_@F[DMBgAD]ByERgFRaMh@oFTqBH}GXq@BaMh@A?gHXwCLaMf@eBFgBFk@BgEPwCLi@BcBH{BBsA?O?uACaMSMAoBA}ACyAEOA{BIaMc@{DUsGUyEQcEOc@AsFQmEMSAw@?s@?u@F_@DmCVyBTE@mCVeAJoD\\iAJuE`@_DXgDZuGl@eAJwJ~@O@cK`Ai@DcAHyFd@g@Hm@TaInD_@P{Av@wBvAi@\\]Rg@XMHOHyBvAu@d@}DjCi@^A?s@h@IFo@\\qAp@_@R]ROHmAt@k@T_@@{@J_AFs@@m@CwAO}AS{@K[E]GwAUaAOIAcFo@SEeAO_G{@qCa@k@GoBYeC]cC_@wB[m@I{AQwAWq@Mo@KkA[aB_@w@QoCs@sDaAKC}Bo@cAOkBm@yA_@kAWQEwAQOCoBIoBAwCDuDJE@_GN}@Bc@@{FP}@B{DJgFN_FL_ELkCJoETiCRkAJC?}ALaBRcBRsC^s@Jw@JwBZcALe@FkALeCVyAJqBFO?g@?gAGwAWKCeBc@eBi@cBi@gA]eEkAOE}@Mu@Gy@?oBJ_BLuBLsDPm@DcCNaBJeAJm@Dc@D{@AuAGsAM}BQiBOe@EeEa@OAc@EqD]uEc@GAoCU}@IeAIqCQeACc@Ac@AgDGkI?}FDA?qEBcEFW@yBHcDNe@B]BiCJmBJcBLm@BoALi@FWDi@Hg@LyBh@C@_Bf@_D`AOFqBr@aC|@UHa@Lg@PyAh@C@{CdAeC|@s@X{@XcA\\oBt@SF{Bx@oDrAgE~ASFm@T{@ZmC~@qAf@yBz@}@\\OFgA^oBt@C@a@Rq@\\i@Xk@\\OH}@f@c@V[LYLYJg@PG@a@JA?SBm@HmBPc@DiALgBNcBPiAHk@B[@a@?{FBcHD_ADC@m@Fe@J{@RqA`@ODYH_AXmA^i@Rs@VmAd@}Al@sAp@_DbBWLyC`Be@R_@LMDUH_@H[Fw@PiANgBTgANgBT{AR}C`@aBRYD[BaAFa@?q@@g@?a@?qFWQAsDM}GYgCIsBIeJYoCIsDMYAcGSsDO_ACG?kBI{@EyCS_@CsC]yAWoAWc@McDy@GCoEiAaEiAuD_Ai@MaBc@_B]g@M]KkA]_AWaB_@GAgBY}AWqAWA?oAUeB]eBYmFaAgA]eAc@wAq@uAw@wA}@YOUO{@g@w@a@_AYYIqA[uBi@g@Mk@QyGoBmBi@CAcF_Ba@IkBo@c@U_@WQIYOq@]_@QQIQIaAg@ICgA]uBu@[Om@a@cCeBoAeAWSgDwBWMeAk@eCaAUGq@Mk@Es@CC?]D{@Pi@Vc@ToAt@eAp@aAl@iBnAsClB{@p@i@b@GDkAbB]`@Wd@Yh@_AhBIPqAjC[t@q@hAu@~A]n@KNSXYf@e@j@]f@U`@KNKJSPMJgAl@i@R_@L{Ad@s@TSD{@JKBiAXKBc@LI@c@FgC\\G?{AFUBiCZo@Nq@RQH[NKDOFKBC@q@Lm@LyBJ_@DSBmAPI@qADWBuBVaBFuAFa@BQ@kBR{@JkCJkANi@JSD{@F}AH{@JQBa@DW@iCRiFCm@AK?WE_@G[CkAM]Im@UOEo@Ky@IgAMA?k@Im@GoBYA?g@Cm@GoAQm@GKAOCCAi@MiB_@MEk@Uc@OuAg@_@Mo@]MGOIWM[O_A]OGuCeBq@]s@Yk@Uo@WMGqAw@MGIE}@c@_B}@gAe@g@Q_AWGC_@Gm@ISEUGcAKOCoAYKCcCs@OE{A_@kAe@ICi@[]SKIeC_BsFoDaFaDeG_EgLwHA?cKmHMI{BoAgAi@QOWOGC_@Wu@i@_CmBKM_@i@W[KM[Uk@e@wBeB[Uq@]MISOOM_@Wm@g@_@[w@y@i@q@a@c@S[{@}AUa@GGc@e@EE_AaAUSqA{@?Au@m@iAw@e@c@iAu@aBcAg@S}@a@qCaA_@Q_@USKy@Y}@Yy@YQCi@G_AQwAe@KEQGk@YOIk@Qe@MsAe@QI[Qe@S]QMIUSIGWSWWMMWc@IQS]KQc@q@IGSUiA{@gAk@yDaBMGMIMGKE_AKQEWGs@Oa@MMIiBiAMIiBq@y@YAAkEiB?AmAs@MG_A]g@SCC_@MOEqAYq@OMC]Ew@QyAc@A?s@McB[k@GOCOEUKOE]IwAKc@GsAM_Ei@w@IQCwC_@m@I_@G}AM[CiAQaBOGA{ASkE]_AKuAOg@Es@EWA_BAyAGgAKCAK?y@AmBAM?]Eg@C_A?K?q@DS@UBs@AG?IESEUEICeAc@A?WIWMiAk@KEaBg@g@[IE}@]YU[UCCc@a@eByB[c@OQII_@e@U_@Y]OSOMGGGCyBoCGIOMe@g@]g@o@s@GKGK]s@A?c@s@GKs@yAEISSGIg@UICKAe@CMC]I[ESAWCw@Gi@E{AGu@Ec@?A?i@CM?k@BOAk@CC?i@G[AK?_AFW@y@FM@YJYDS@W@k@HC?aBFMBM@oADI@MAg@Ai@GoB_@WKKE?A}BiA_@UAA}@]MI_@Uq@c@cAe@KEq@UECmAa@c@OKEc@MeBi@kBk@w@QkAW_AUiAWCA}B_@eAWUEUGo@OUGyDqAq@S_Bg@KEkDkAKCe@KgAWgA_@a@OmDmAs@WQGA?KCYEw@Gs@G{AG}@IcAOICUGg@SEACAu@]ICgAYe@KYGOCi@ESAuAAM?EAm@EeBOo@EC?G?g@A_BBwCCM?gA@cA@I?aBCYCyAM_@GEAiImAq@K{@S{@UC?c@GQCgAIoBCa@CaAISCWEIAyAU{Cu@YGEA[EsCUkB[_C_@oB[_BKu@I[EcASuAMGA[I_@MOGGE_Aq@a@[g@e@YUMIgBuAq@c@mByAAAUOc@Y]Uk@g@OMGGaA{@oAcASMgAk@UM]WCCi@i@IEu@k@a@]i@Wg@Sw@]GEi@MKCyB[KCC?EAoBOe@IKCoBi@EA_A[q@QSEQEUCa@Ce@I]KUCGCGCICwBMY?U?s@DOBm@b@_@ZYPGBC@yAf@OFk@J}ChAiAh@a@Ju@RuAXkBZe@Dk@@_@BI?oAPQBWHi@Lg@Fm@Bu@Dm@Dm@@eDCWEkBg@A?cAWmAa@eBc@_@Mi@SeBm@YI}JiB{IaB_@?Q?O@]Ho@JoAPKBcB^UBy@J_ALm@HODy@ZG@G@MBq@FM@yAAQ?cAAuAE}@CwECs@A}ECUAy@CaDU_AO{@O]Io@Yg@Wo@_@ICSGoA_@SCEAy@GWAi@A]@gFEaACM?y@CoFEu@AO@g@?mCLG?gANyAN{@PSDM@QFaALm@L}AL]FI?]AwCIa@A{ACk@C{@CeAGgADU?kAAm@Dy@NyAl@gAf@k@ZKDk@\\gAl@OJUNy@f@kAt@}@b@C@q@b@g@ZkEfDq@h@iDfCiAz@k@`@wAlAKJm@n@UX_@l@KPoAzCABWl@e@tA[f@m@`Ak@|@m@x@o@t@MJ[X[TA?m@`@o@To@Nq@LWFO@e@Bm@FwANm@@G@q@Fc@FK@C@IBe@JiBh@sA`@eCp@cAVUHsBf@{Ab@YFQFgA\\]LmExAYH_BZ_@FOBoBTaAH_AFyAJoBRaCZeDf@OBqA^k@N{@Va@H_@FsAPOBeIxBiAZMBqEhA{M~DaIbCa@Nq@Rq@X_@Ja@L_ATe@LaA^OFg@L}@Xo@NeA`@e@Nc@JkAd@s@T[HODYJc@Ja@PGBo@Rq@X{Aj@k@Pe@Rs@Zq@XODWHQBkAJM?m@AO?aBKYAo@Aa@DiAH}@Bg@D_@@{AFcANUBa@Dc@FY@I@Y@o@DkBVaAFO?i@Ho@DQBiAR[HMFu@b@eA|@UPWNC@[PMJq@j@KJ_@d@y@jAa@l@UXWZU^ORi@|@u@`A[^MN_@ZYNKFMDWJYJ[FMBk@BMB[D}@F]D[F[B]DwAHWDC?MBqDR]BaBHk@J[B_@B}@LMB_ADi@HO@YD_@F}AHc@DKBC?sDP_@FiANw@DO@A?c@FcBFO@OBq@Do@DQ@OAuBCyBMqEKgAAAA_EUS?uAGUCw@Ee@CQA}BKi@Ei@G]Cm@Iw@GA?mAQ{Ce@oLcB{O}Bc@GoDi@k@IgHeBgAa@oCaAsCm@s@GsAIoDUmE?i@?oD\\K@K?a@?_DGoA?_@@cDJeDHyAPe@Fm@BiBTq@Ji@LI@q@XGBa@LkCfAe@Ns@NSDMBC?G?K?E?{D?Q?eEOiEOMAkB?sDCsMGyHSkIGgCEgEGqDMyCo@OEoAu@kAu@eA_AgD}CSQ}BgBcDcCcA_AcEwDsBkBiC}BcFkEw@q@yCkCyJeLaHgIeJcKaKwIyF}EiDmCGIUM[Ui@Uo@MMAaBQsBGy@CyKLy@BgBC"
          }
        ],
        "displayName": "OPEN TO  4WD ONLY",
        "roads": [
          {
            "conditionTendency": "",
            "crossStreet": "",
            "delay": "",
            "impactedLanes": [
              {
                "affectedDirection": "Both directions",
                "closedLanes": "",
                "description": "",
                "extent": "Closed",
                "numberOfLanes": "",
                "roadType": "Road"
              }
            ],
            "locationQualifier": "at",
            "mainStreet": "Border Downs Road",
            "quadrant": "",
            "queueLength": 0,
            "region": "Far West NSW",
            "secondLocation": "",
            "suburb": "Teilta to Border Downs",
            "trafficVolume": ""
          }
        ],
        "isLocalRoad": "Local road",
        "CategoryIcon": "Hazard"
      }
    },
    {
      "type": "Feature",
      "id": 286281,
      "geometry": {
        "type": "Point",
        "coordinates": [
          141.321757,
          -31.263375
        ],
        "collections": []
      },
      "properties": {
        "webLinks": [],
        "headline": "",
        "periods": [],
        "speedLimit": -1,
        "weblinkUrl": null,
        "expectedDelay": -1,
        "ended": false,
        "isNewIncident": false,
        "publicTransport": "",
        "impactingNetwork": true,
        "subCategoryB": null,
        "arrangementAttachments": [],
        "isInitialReport": false,
        "created": 1787768326000,
        "isMajor": false,
        "name": null,
        "subCategoryA": "Road damage",
        "adviceA": "Exercise caution",
        "adviceB": " ",
        "adviceC": " ",
        "incidentKind": "Unplanned",
        "mainCategory": "HAZARD",
        "lastUpdated": 1791133984145,
        "otherAdvice": "<p><strong>The road is open with caution.</strong></p><p><strong>﻿</strong>Road conditions for Unincorporated Area of the Western Region are available on 08 8082 6660.</p>",
        "arrangementElements": [],
        "diversions": "",
        "additionalInfo": [],
        "weblinkName": null,
        "attendingGroups": null,
        "encodedPolylines": [],
        "displayName": "HAZARD Road damage",
        "roads": [
          {
            "conditionTendency": "",
            "crossStreet": "",
            "delay": "",
            "impactedLanes": [
              {
                "affectedDirection": "Both directions",
                "closedLanes": "",
                "description": "",
                "extent": "Affected",
                "numberOfLanes": "",
                "roadType": ""
              }
            ],
            "locationQualifier": "at",
            "mainStreet": "Mount Woowoolahra Road",
            "quadrant": "",
            "queueLength": 0,
            "region": "Far West NSW",
            "secondLocation": "",
            "suburb": "Broughams Gate",
            "trafficVolume": ""
          }
        ],
        "isLocalRoad": "Local road",
        "CategoryIcon": "Hazard"
      }
    },
    {
      "type": "Feature",
      "id": 284014,
      "geometry": {
        "type": "Point",
        "coordinates": [
          142.3352071,
          -31.5758454
        ],
        "collections": []
      },
      "properties": {
        "webLinks": [],
        "headline": "",
        "periods": [],
        "speedLimit": -1,
        "weblinkUrl": null,
        "expectedDelay": -1,
        "ended": false,
        "isNewIncident": false,
        "publicTransport": "",
        "impactingNetwork": true,
        "subCategoryB": null,
        "arrangementAttachments": [],
        "isInitialReport": false,
        "created": 1786282381000,
        "isMajor": false,
        "name": null,
        "subCategoryA": "null",
        "adviceA": "Plan your journey",
        "adviceB": "Check signage",
        "adviceC": " ",
        "incidentKind": "Unplanned",
        "mainCategory": "OPEN TO  4WD ONLY",
        "lastUpdated": 1791134056779,
        "otherAdvice": "<p><strong>Due to recent rainfall and/or unstable road conditions, this road is open to 4WD vehicles only.</strong></p><p>Road conditions for Unincorporated Area of the Western Region are available on 08 8082 6660.</p>",
        "arrangementElements": [],
        "diversions": "",
        "additionalInfo": [],
        "weblinkName": null,
        "attendingGroups": null,
        "encodedPolylines": [
          {
            "levels": "",
            "direction": "BOTH_DIRECTIONS",
            "coords": "x}~}Dq_ccZpLMjY@|K?bMFbIA|B?fH?vFArJEvLH`M@bM@bE?~F?`M?bM?bM@dE?zF?|o@EnHAz@AVAXGfA[r@GbLM~[@z[J`PChB@xJ@F?`A?bMA`M?tF?lE?bM?bM?rJ?lA?dK@X?ZA^IXIj@YpCqAfBw@jAc@r@O\\EZCTAXBdDrAvAt@jAh@jBp@n@Rz@DlAAjW@`DAtBEb@MJCt@YzBcBxByBp@k@`@Q\\Mt@ExMDbTFvLJbIDlOLhGBrD@xOFbFBz@?n^LfD@|RDnGDb@?vEBxTLtQJzFDrDB|KFbE@zFBnUL\\?pKBvE@xODxB?|JHvED~A@vB?vNDdC?nSHzC@fD?tKB`B@zEDjA@ZATA^Gt@K`@CNCjAGtAMb@]rAkApBiB|AoB~BoDpAmBbA_BhAwBPc@p@kBdA{Cn@gB^gA\\u@l@cAf@q@PWh@mAT_ATaARiBXgBLy@Ny@JwABw@Fo@\\oAPs@RmAJcAVaBf@oCd@{CRwBNcBJ}@Jk@H[NY`@w@h@w@fBeCdAoB`A_B~BgFpBkE\\sAd@{CVyBv@kIl@aGZaCb@_Ch@oCj@_DDcAB}BBaAHmA`@_DFa@L}@`@_F@Cb@_HReB^gBRo@Xm@j@kA`@{@Ng@Da@Du@C_AEe@Ki@c@oCQuAGy@Ai@@s@JkARqBDg@VuCZiCJi@Lg@Ns@fAuDp@uCh@uCp@gEz@cGFg@^qCLgADw@?gAG_B[qB[y@_@gAm@uAMm@IiA@_@?wABaH?eB@_M?oJ?iC?y@?mA@_@DyAAcBM{@Ea@a@iAQq@Ik@?gA?gDAo@CaC@eCD}@Hw@v@}GbAyINkAHeA?ITsELkCVyCZiCXaB\\aB~@kFh@eDXmAPc@Zi@V[d@Yh@OnA_@nAk@jB_Aj@_@`@]TUL[Lg@Jm@FgA@ERoARiAPe@h@wAd@aBNq@Fy@Fk@Fi@BKNo@`@}Ah@eC??HeAAm@@w@IkGGuGIeHSwGAi@g@sJUeF[sHKyD?}BDwB?U@QBSFYPu@ZcARg@h@iAXs@??xBkDTc@R[LQLUPSDGFGrEwETQf@i@tBwCBC`CiDbAyAVa@Te@H]Dg@R}C?Ch@mGZ{DB_@Dy@?y@G{@Q}BCOKsAAm@?OBQHUHKRM??h@?t@Jx@VlBv@`A^`@Nh@\\r@p@f@t@fD`FT\\zDzFz@rA`BvCdCbFr@lAP\\LLLLHHNH\\Tz@Lp@FjGj@xAPXBRBLDVHj@p@zAtB|@bAz@x@DFfA|@`BdAt@\\t@Zl@HdBJT?|CJxFJnFGlLKdGG|IOxXe@|CGx@AnCCfAATArCLlBLnBF@?lFJxBHfADnEND@dKX~A@hF@~A?dGSlDK`GS~CM|BGB?vCEvHB~B?zBBd@@hFCfOK`LMzCG|@A`FK@?hDEvB?jEDj@@jEJvHD|A@jIHnE@xABzFXr@DnBJN@dBFnB@J?jE?b@@rDDxCBpFH|@@vEFzDA@?tEIjBChMStBCjBKVC|DQXAtBKx@CxBC|BCt@?pI?bDAjDAtB?`DFN?dEHhDHzDHv@@~CB~B@n@@~BA@?rCExFUlGUpAEr@Ep@I`@I\\Kn@UXQd@a@b@c@r@w@hAcBz@yAbAsB\\u@d@eAl@cB\\iA`@yAr@wCn@aDf@wB\\qARs@Vm@Ve@RW\\Yp@e@dBkAdBkAvAaAtEeDHGvAeA^c@HMFKNYFQF[D]Ba@DsANoHNqE@i@|@}WB]DSHSJQFGHG^ObB[hCa@z@Ot@QpBi@tAY~AYpBQpBOtCInCGhB@`@B`AFfBVpBVD?tEz@rCr@fBd@LBb@F`AL`Fb@bBLjBDTCVE|@S`Co@hAa@r@W^S\\Qb@WLKZYPOPU\\i@Zm@Z}@Rm@Tw@d@_BRq@ZoAf@qC`@sBRgAVqAJe@H]Nc@f@qABEb@_A|@_Bl@iAbBgCdBcCnAkBnA}AbAmAJMdB_BpAaAnAgAp@e@ROFG~@g@dB{@r@W|@[z@Ur@O`AMp@IdCOrCMxCSpBKzBGbBIRAZAr@BjAFdBJdCFrCFz@@nA@\\Ax@@vAIf@Kt@Q|@_@~@_@vAs@zAeA`CaBjDaCrCmBxByAvBqAtAs@HE|Aw@bASvAIjBCrADb@D\\Jh@Tn@b@lBjAnBlAjAt@fBhA`C|AVL~@f@ZR|BtA|@l@z@j@bCbBnBnAf@T^LNBb@BlAMvBc@hA[`AWpAa@DCDGFMDMDODKBCDEDCTK\\KDCTI^EVCX?V@\\Dp@\\XXLJl@|@fAbBd@j@d@j@tAnAj@^`A`@b@NVJXHdAVlDnAp@Pb@RpAh@ZNpAh@vBn@`Bf@B@zAf@`Cz@lC|@`Bf@H@|Ad@lAX~@H`BPtBVvBRXBhANnDf@~B^nARd@JpATlAPdAPnAT~@NpARpAVrAXpCl@d@H`ARbAXPBNBl@FvBX\\DxEl@d@D`@F^Bh@Dr@@Z@d@@h@E`@AJAt@EPC\\GtB]fAOjAKb@CbACZ?^A`@?jAFl@Df@FJ?X@PBRBZ@h@BFAn@FbAJH?l@FrAHj@BF?f@AfABb@Al@Ct@Cr@Al@CDAfAIXA|@Eh@En@Ib@Gf@Mh@Gj@EzAEf@A@?P@T@f@Av@@~AFn@Bv@Dh@DH@n@BJ@t@FR@l@D^Dd@D^BPAVE`@KnAa@l@QNCf@Il@Ir@Il@?n@?L?x@El@E~AOfAOhAInBIjBAp@L~B`@d@HjKjBTDzDr@|@PrB`@p@NdAZpA^tBv@b@Pr@V~Aj@RHxCfAtCx@lA\\n@TvAn@rD`BtBv@nBt@`JtD`C`ApChAbDfApEpAdBl@pAl@hAf@v@d@p@h@f@d@d@r@h@~@j@dA`@|@zD|I~ArDbBxDxAfDlC|GnBtGHTTt@xAbFp@|BfBbGTv@~@|CVt@vAdFt@lCnAxEFZr@|CtDhPdDjNfB`HZnAd@vAbAfCl@~Al@|Al@~AZ|@z@hCzElM`CnGnAnDFN|CrIXn@Vb@P`@NXTPh@`@n@RnAVTDNB`Et@b@HxDv@PDhAPtGdAn@Jl@HNB^D|F^jAJdL`Az@HnAFjBBP@bA@fHJD?tACrBEbBM~@Gf@Cr@Cr@AlC?hA?@?vJE`B?PAjDGP?bAClA?D?r@Ad@BF?r@FdHh@B?`CLpBHp@Dj@DlAB\\?`MPf@@b@?^@R?zB?H?N?fE@x@?vKFnCBj@?|EFrFFpBB|AB`MLdCBfA@R?fA@\\?d@Eb@Gn@I@?~AWzIeAz@K"
          }
        ],
        "displayName": "OPEN TO  4WD ONLY",
        "roads": [
          {
            "conditionTendency": "",
            "crossStreet": "",
            "delay": "",
            "impactedLanes": [
              {
                "affectedDirection": "Both directions",
                "closedLanes": "",
                "description": "",
                "extent": "Closed",
                "numberOfLanes": "",
                "roadType": "Road"
              }
            ],
            "locationQualifier": "at",
            "mainStreet": "Waterbag Road",
            "quadrant": "",
            "queueLength": 0,
            "region": "Far West NSW",
            "secondLocation": "",
            "suburb": "Mutawintji",
            "trafficVolume": ""
          }
        ],
        "isLocalRoad": "Local road",
        "CategoryIcon": "Hazard"
      }
    },
    {
      "type": "Feature",
      "id": 286274,
      "geometry": {
        "type": "Point",
        "coordinates": [
          142.527272,
          -30.724255
        ],
        "collections": []
      },
      "properties": {
        "webLinks": [],
        "headline": "",
        "periods": [],
        "speedLimit": -1,
        "weblinkUrl": null,
        "expectedDelay": -1,
        "ended": false,
        "isNewIncident": false,
        "publicTransport": "",
        "impactingNetwork": true,
        "subCategoryB": null,
        "arrangementAttachments": [],
        "isInitialReport": false,
        "created": 1787766443000,
        "isMajor": false,
        "name": null,
        "subCategoryA": "null",
        "adviceA": "Plan your journey",
        "adviceB": "Check signage",
        "adviceC": " ",
        "incidentKind": "Unplanned",
        "mainCategory": "OPEN TO  4WD ONLY",
        "lastUpdated": 1791134094421,
        "otherAdvice": "<p><strong>Due to recent rainfall and/or unstable road conditions, this road is open to 4WD vehicles only.</strong></p><p>Road conditions for Unincorporated Area of the Western Region are available on 08 8082 6660.</p>",
        "arrangementElements": [],
        "diversions": "",
        "additionalInfo": [],
        "weblinkName": null,
        "attendingGroups": null,
        "encodedPolylines": [
          {
            "levels": "",
            "direction": "BOTH_DIRECTIONS",
            "coords": "xea{DofvdZuBcA_@Q}Au@cBy@{@a@gF_CMGSIeJaEiAg@_DuA{BcA]OeCiAmB{@s@[gCgAu@]gEmBk@WmDaBuDeBaBu@oHiDmGmCyCuAaCgAw@_@aAa@qAm@kAu@}@m@qAcAoBgBGGoAgAQMqIkHcJgIOMuAkA]Ue@Y[O{@UuAYKCs@M]Gi@K_AOkHmAuAWkCe@OCcEw@iAU_GeAQAcAKe@@o@?_BHc@DuD\\aAJc@Dc@DsAJWBiBP_DXu@FoCPE@cBPmCVq@FiFf@c@Di@FsAJQBeHh@y@FkALuFd@e@DcDXcE`@cAHuDZC?wEb@cFd@qAJgAJaAHwD^m@DcBP_DZ{DX[BK@qDZcFb@}K~@Q@OBA?sEf@eE\\kAHI?}@AkAOyAm@gBeAiBkA{ByAy@k@GA}ByAgAy@aDyCECyAwAuAkAqAkA]Uq@c@CEkAq@yCiA{@SQEs@M_@GqB[WE_BYwBU}@KOAu@KkAMSAgD]aBOi@EcAS]M_B}@qF_FwCeDiBkBiFiFaEwDmAmAUWoBqB{CcDc@e@iDuDa@c@cCiCKK{B{AeAm@eAi@w@]uAi@eD{A_@QkAg@aBk@yCiA{A[SEmBA{CDS@yCJoDJ_@@qCDwABwCFcHLw@@U@qBDyGNsDHcEHo@@{DFsABcIP}KRu@@S?kGNcCDgABeGFcCJwCFcAHgF^S@G?}J|@mE\\iCNwBJyBCqBK}FUoAE{BOeCK_CKcEUu@CsKe@mBG_FYcLk@kBGcBLqBRgD^cEx@a@HwDz@{D`A_ATgEbAkFnAmHfBeCl@uCp@}G|AwBh@eCh@{APaBAK?eCO_DSsCOUCyFWUAKA_@C[Ck@QiAm@oAoA_@m@]m@m@wBAGGu@A}AB}ECmCAyBEqK?e@?aACuDCkFAcAAcBCwC?iE?OL_FD}DLkGLyFDsB?A@U@i@?kDC{B]wBUu@[aAa@sAK]e@cB_@yCKs@YsBe@}Bu@wCk@{Ao@eBYi@uAsCyAmCuAkCsD_HeAmBMY{A_DyBgFYq@{@sB_@_Am@uAa@k@}AqAq@k@wAkAQOMKcCqBaCgBcAcAOOmAuAaBkBwBmCY]}BwCIIs@{@eAmA{@eAACO]Wq@UyAIcCCwD?MI}EGkDC_AA_AEgDCyBAWCuCCy@E{@Ca@[qB_@}Am@wAu@sAGIeBwCgDwF]k@Ye@mDgGm@cAEGeBuCACqA}BsA}B{AkCeAcBYY"
          }
        ],
        "displayName": "OPEN TO  4WD ONLY",
        "roads": [
          {
            "conditionTendency": "",
            "crossStreet": "",
            "delay": "",
            "impactedLanes": [
              {
                "affectedDirection": "Both directions",
                "closedLanes": "",
                "description": "",
                "extent": "Closed",
                "numberOfLanes": "",
                "roadType": "Road"
              }
            ],
            "locationQualifier": "at",
            "mainStreet": "Kayrunnera Road",
            "quadrant": "",
            "queueLength": 0,
            "region": "Far West NSW",
            "secondLocation": "",
            "suburb": "Nuntherungie to Kayrunnera",
            "trafficVolume": ""
          }
        ],
        "isLocalRoad": "Local road",
        "CategoryIcon": "Hazard"
      }
    },
    {
      "type": "Feature",
      "id": 273239,
      "geometry": {
        "type": "Point",
        "coordinates": [
          148.1483208,
          -29.9736576
        ],
        "collections": []
      },
      "properties": {
        "webLinks": [],
        "headline": "",
        "periods": [],
        "speedLimit": 80,
        "weblinkUrl": null,
        "expectedDelay": -1,
        "ended": false,
        "isNewIncident": false,
        "publicTransport": "",
        "impactingNetwork": true,
        "subCategoryB": null,
        "arrangementAttachments": [],
        "isInitialReport": false,
        "created": 1777937501000,
        "isMajor": false,
        "name": null,
        "subCategoryA": "Road damage",
        "adviceA": "Reduced speed limit",
        "adviceB": "Exercise caution",
        "adviceC": "Check signage",
        "incidentKind": "Unplanned",
        "mainCategory": "HAZARD",
        "lastUpdated": 1791134383687,
        "otherAdvice": "",
        "arrangementElements": [],
        "diversions": "",
        "additionalInfo": [],
        "weblinkName": null,
        "attendingGroups": [
          "Local Council"
        ],
        "encodedPolylines": [],
        "displayName": "HAZARD Road damage",
        "roads": [
          {
            "conditionTendency": "",
            "crossStreet": "El O'Brien Bridge (Barwon River)",
            "delay": "",
            "impactedLanes": [
              {
                "affectedDirection": "Both directions",
                "closedLanes": "",
                "description": "",
                "extent": "Affected",
                "numberOfLanes": "",
                "roadType": ""
              }
            ],
            "locationQualifier": "on",
            "mainStreet": "Castlereagh Highway",
            "quadrant": "",
            "queueLength": 0,
            "region": "Far West NSW",
            "secondLocation": "",
            "suburb": "Walgett",
            "trafficVolume": ""
          }
        ],
        "isLocalRoad": "State road",
        "CategoryIcon": "Hazard"
      }
    },
    {
      "type": "Feature",
      "id": 267022,
      "geometry": {
        "type": "Point",
        "coordinates": [
          150.2331624,
          -33.5814227
        ],
        "collections": []
      },
      "properties": {
        "webLinks": [],
        "headline": "EMERGENCY ROADWORK Road damage MOUNT VICTORIA Great Western Highway at Victoria Pass",
        "periods": [],
        "speedLimit": -1,
        "weblinkUrl": null,
        "expectedDelay": -1,
        "ended": false,
        "isNewIncident": false,
        "publicTransport": "",
        "impactingNetwork": true,
        "subCategoryB": null,
        "arrangementAttachments": [
          {
            "displayName": "GreatWesternHwyDetourMap",
            "fileName": "GreatWesternHwyDetourMap.png",
            "fileType": "PNG",
            "linkName": "GreatWesternHwyDetourMap",
            "sizeInBytes": 912638,
            "uniqueFileName": "968604_1773898070499_GreatWesternHwyDetourMap.png"
          },
          {
            "displayName": "GreatWesternHighwayProgressUpdate1",
            "fileName": "GreatWesternHighwayProgressUpdate1.jpeg",
            "fileType": "JPEG",
            "linkName": "GreatWesternHighwayProgressUpdate1",
            "sizeInBytes": 1482961,
            "uniqueFileName": "506418_1788922492925_GreatWesternHighwayProgressUpdate1.jpeg"
          },
          {
            "displayName": "GreatWesternHighwayProgressUpdate2",
            "fileName": "GreatWesternHighwayProgressUpdate2.jpeg",
            "fileType": "JPEG",
            "linkName": "GreatWesternHighwayProgressUpdate2",
            "sizeInBytes": 1196848,
            "uniqueFileName": "545475_1788922499726_GreatWesternHighwayProgressUpdate2.jpeg"
          }
        ],
        "isInitialReport": false,
        "created": 1772690097000,
        "isMajor": true,
        "name": null,
        "subCategoryA": "null",
        "adviceA": "Use an alternative route",
        "adviceB": "Plan your journey",
        "adviceC": "Allow extra travel time",
        "incidentKind": "Unplanned",
        "mainCategory": "EMERGENCY ROADWORK",
        "lastUpdated": 1791134383833,
        "otherAdvice": "<p><strong>Great Western Hwy is open between Lithgow and Little Hartley. </strong>The highway is closed between Coxs River Rd and Victoria St.</p><p>Images will be provided within the Attachments section as the project progresses. For more updates on Victoria Pass, head to - <a href=\"https://www.transport.nsw.gov.au/projects/current-projects/victoria-pass-road-closure-on-great-western-highway\" rel=\"noopener noreferrer\" target=\"_blank\">Victoria Pass road closure on the Great Western Highway | Transport for NSW</a></p>",
        "arrangementElements": [],
        "diversions": "<p><strong>Eastbound: </strong>Chifley Rd and Darling Causeway.</p><p><strong>Westbound:</strong> Harley Ave, Darling Causeway, Chifley Rd.</p><p>Allow extra travel time. <strong>If travelling during peak periods (Monday to Thursday 8:30 to 10am and 2 to 3:30pm, and Friday 8:30am to 3:30pm), you may need to allow around an additional hour of travel time. </strong></p><p>Through traffic on Great Western Hwy can consider alternative routes such as the Golden Hwy or Hume Hwy.</p><ul><li>Detour is suitable for general access vehicles up to 19 metres long and Performance Based Standards (PBS) Level 1 heavy vehicles up to 20 metres long</li><li>Restricted access heavy vehicle operators who are unable to travel on an approved Notice Network are advised to reroute their journeys.</li><li>Restricted access heavy vehicle operators who are unable to travel on a Notice Network are advised to apply for an amended permit via NHVR Go. </li><li><strong>Please note that Class 1 Oversize and/or Over Mass (OSOM) vehicles and Special Purpose Vehicles (SPV) cannot currently be accommodated on the Chifley Rd/Darling Causeway detour route. </strong></li><li>To check approved Notice Networks, heavy vehicle operators can use the NHVR National Network Map to find an alternative route for their combination: <a href=\"https://www.nhvr.gov.au/road-access/route-planner/national-network-map\" rel=\"noopener noreferrer\" target=\"_blank\">https://www.nhvr.gov.au/road-access/route-planner/national-network-map</a></li></ul><p>Operators who require a NHVR issued Permit are reminded that they must only travel on the roads approved in their Permit.</p>",
        "additionalInfo": [],
        "weblinkName": null,
        "attendingGroups": [
          "Transport for NSW"
        ],
        "encodedPolylines": [
          {
            "levels": "",
            "direction": "BOTH_DIRECTIONS",
            "coords": "pq}kEok{s[FGNQNODGHGNOHEXUPK\\OHEPGNIRGJCJM@AZKf@QXKLIRMT_@J]D]?g@C]IYO_@GGGGGGIEGEIEQIc@UKEEGGGCEMGICIEOKKGOMGGIGGGGGEIGGEIGIEICICGACEKCICKCIEMAKCKACAGCWAKCW?M?MAKCKAK?K?K@M@I@M@W@MFUJUBKFUDO@EDKDKBI@CBEDKBIDIFGNMj@g@^_@NOXYFGDGNQFGFGFIFKDIDI@CDIBIDK?C?ABGDW@GD[De@Jo@Lo@DWBK@M?K?M?KAKCMAKEICKCGEMCEGOWi@O_@ISAACICKEKCKAIIWCKAMAK?A?KAK?Y?E?_@AY?e@AKAYAYAWAKASC_@CUAMAMAWAK?I?CAWAYBq@Fe@\\mBFc@?EBS?U?CAKAKCMCICKEKEKEGEIGGGGIGGGIEGEICICKCIAIA_@EIAICIAIEGEIGGGEGEIEKAKCK?K?K?K@KBKBKDIFIDIDC@CPMHEFERKPKZQ\\O~As@HENIB?FEHEHCRKPI\\OPKRKDE@?HGFGFEFGHGDIFGLQ"
          }
        ],
        "displayName": "EMERGENCY ROADWORK Road damage",
        "roads": [
          {
            "conditionTendency": "",
            "crossStreet": "Victoria Pass",
            "delay": "",
            "impactedLanes": [
              {
                "affectedDirection": "Both directions",
                "closedLanes": "",
                "description": "",
                "extent": "Closed",
                "numberOfLanes": "",
                "roadType": "Highway"
              }
            ],
            "locationQualifier": "at",
            "mainStreet": "Great Western Highway",
            "quadrant": "",
            "queueLength": 0,
            "region": "Blue Mountains",
            "secondLocation": "",
            "suburb": "Mount Victoria",
            "trafficVolume": ""
          }
        ],
        "isLocalRoad": "State road",
        "CategoryIcon": "Hazard"
      }
    },
    {
      "type": "Feature",
      "id": 274724,
      "geometry": {
        "type": "Point",
        "coordinates": [
          142.1900946,
          -30.6629197
        ],
        "collections": []
      },
      "properties": {
        "webLinks": [],
        "headline": "",
        "periods": [],
        "speedLimit": -1,
        "weblinkUrl": null,
        "expectedDelay": -1,
        "ended": false,
        "isNewIncident": false,
        "publicTransport": "",
        "impactingNetwork": true,
        "subCategoryB": null,
        "arrangementAttachments": [],
        "isInitialReport": false,
        "created": 1779065176000,
        "isMajor": false,
        "name": null,
        "subCategoryA": "Road damage",
        "adviceA": "Exercise caution",
        "adviceB": " ",
        "adviceC": " ",
        "incidentKind": "Unplanned",
        "mainCategory": "HAZARD",
        "lastUpdated": 1791135187257,
        "otherAdvice": "<p><strong>The road is open with caution.</strong></p><p>Road conditions for Unincorporated Area of the Western Region are available on 08 8082 6660.</p>",
        "arrangementElements": [],
        "diversions": "",
        "additionalInfo": [],
        "weblinkName": null,
        "attendingGroups": null,
        "encodedPolylines": [
          {
            "levels": "",
            "direction": "BOTH_DIRECTIONS",
            "coords": "jovyD}sqdZ`AQRG\\ORIv@Sl@QPEVGr@WRE`@K^GtAa@PIj@[ZMXMLGHGXWLOLQFMFMBINi@FYHk@h@uDLmARuADa@BWD_@@_@D}@BUDSBMFeABQ@M@?BMJy@HeATaBB[RaCFg@Ds@BSBQLsAPmAHu@JqAH}@J}@Lq@DUHs@D_@LsANqADq@@KFi@Bc@Ns@f@_DNk@L[L]FMb@k@V_@Ra@f@aA@CTk@R[Re@DKRWRa@P[P_@T_@V]LQJMXWVYLI~@e@RI^Mx@_@PG^KHENENEPENGl@QPEr@MRAPEb@K`@Ir@OJEXMVIHIJKDEVc@PYFMJ_@Ra@Rm@J]h@iD~AuIZ_BZeBr@wDhCkN?CTkANu@jAyFd@aC@EH]d@gCHaABqAEoAQsBC]e@aFS{B?CMkBCUCc@Eg@ScCUeCSsA]oAI_@y@}BQi@}@iCy@}BSk@cAoCo@kBM]a@qAIUIc@Q}@OgBBiBLsFF_DLoGBwADiB@i@@g@PgH@e@LqE@[?MNkGTqKDuBH}DP_I@KLoFFuADk@BUVsABMFUXkAz@iD`AoDT{@dBmGjAoEh@qBhAyDp@kBb@y@Vi@fAgB^s@x@yAvA}Bh@}@rBoDrBqDzCmFtBoDZk@bBuC"
          },
          {
            "levels": "",
            "direction": "BOTH_DIRECTIONS",
            "coords": "vozyDid`eZsEcAuEy@_@I{Ba@{AY{BU_@Aa@?C?_BT{Bl@cEfAQFoA^sIjCC@aB^qBd@kATQD{Cn@wAZmDx@a@HwH`BwAZ_E|@sFlAk@LgGrA}Bh@}EfAeB`@y@Rq@Vy@XoB`AyBfAoBbAsAp@kDdBoCxAw@`@uDpBaD~A[PkEvBeAj@aCnAyF~CQH{DjBuE~BaAf@iGzCeAh@k@Xq@\\}DpBmAp@c@VGBmB~@{Al@}A\\yBJI@oCEIAeCQuCUuGi@iDWaGg@cAIyBQWCaJu@cAK_MaAcDW{Gi@oDYg@Ec@GWA{@Qm@_@e@e@i@cA]eA[qAMq@Q_AmA_HUkASs@EMWq@g@aAq@_AkA_B}AmBGI}@iAe@m@yAkB{AmB_@c@iAyAaBqBkBaCa@g@yAiBmAyAs@{@o@o@s@c@MGe@Sw@YC?sAYaBa@uCm@A?yD{@aFiAUGqEcA_FgAm@MsGuAqBe@{A]cAUsFkA{Bg@}Bi@sHaBWEmJyBk@OoA_@gBu@uAw@oA_Ak@g@g@a@_BoAEC{AcA}AaAo@a@kCaBi@]{CmBMIuFqDyBuAqDyBmEyCw@g@sFiDsA}@YQaDuBkEsCMIsD}BoBoA}A_AQKgAc@}AYiBMsCO}COiCKa@CeFYyESm@EsKg@cES}FWOAmGOcDA_@@gGN{CNuH\\iCL_ADwHVkADy@BgCH_GTuEPiELa@BwDNoEPaEPo@BcLb@]@cDNeDNcBHS?gADq@?U?qBKI?u@Os@Om@W]UWSWWY[GKOY_@q@uA{CkBiEIMoAqCi@eA[o@m@aASYm@o@Y[{BwB}ByBeAaAs@m@cBaBaEoDa@a@m@q@aDuC}KqJgLgLiAkAmIgHoFiE}AmAyC_C{@q@aCaBsGmFmB}A}DyC_BmAsAiA{DyCoA}@}D{C{B_Bi@]yAs@g@QOEyBk@{AWqB]{HqA_G_AeHkAeKkBqGgAwDq@uCe@_Ca@gB]uF_A}GkAuEu@gEu@kGkAmC_@wFcAiGeA_ASyBo@iB{@qAo@g@a@wF}DsCuBcFuD}AmAeCqB}@y@s@o@sBeCy@{@_AaA]_@k@c@_Am@{@c@e@Uq@WaA_@a@Mu@OcAOkBWeAMaDg@i@K}Ce@iAQ{Ce@sDk@iC]{Dm@eBY_@GwDg@_AQ[G_CW_AIkAI}EIwBCmA@uB@sC?}BAoB?m@Aw@@C?kAAc@CUCMA_@KOEo@YAAQIq@c@a@YeBsAc@[e@_@USKKWUUS}@m@e@[SKGE]Mg@Og@Ma@IwCc@cC_@OCkAQq@MsA_@i@QeAe@QIq@a@{@g@aBeA_@Ym@e@QOm@o@a@g@U[iEeIsAsCKQaBkDiBeE[s@M]Ym@q@mAa@k@_@g@][q@i@sE{AqBs@yCeAqCaAwAg@wBs@sCeAcC}@kG_C{Ag@ICkDqAYKqAe@qBq@YIKGeC}@sDqAcA_@sAg@c@OKC_Bm@eCaAw@Wc@OUGuAg@iA_@{@Y}Ak@c@OKEuGaCiAa@m@SSI{GcCyBy@MEaAYqAe@_Bo@KEqBy@_Bi@}Am@OGsCcAEA_Bi@uC}@AAkA_@gA]_Bk@cBk@iAa@MGqAc@gA]MEqAe@_@OyDwAy@a@i@UuBoA}CeBmJgEiGwCQIiKqE}DgBcLaFgFaCiAi@sDaBeAg@gAi@eFsBgDyAUKkKaFw@]cEiBoCmAMEeAe@mFaCcBu@eEiBqEsBwBaAqFaCm@WIC_GeCo@WkBu@oAo@oBkAMG_Ak@{DkCuAaAYSa@WcAs@kAu@wAaA_@Wy@m@wAcA_Aq@c@[IIkBuAoAaAe@_@UQYUk@k@KM]a@EE_@g@q@cAmAoBgAoBm@eAeAmBiEsHs@kAU_@m@cAgAgBuAaCyDuGk@_AcCcEaBsCy@sAiB_DMS{EcI{@qAs@gAoAmBu@_AcB_CMO{D{F}@oAm@{@i@y@}BsDqAqBa@s@cBqCsAcCyAgCEIaB}C]o@{BcEEIk@cA{@qAo@aAs@_Aq@}@k@o@g@k@e@e@_A_AiBmBQU_@g@aAsA_BoBIKmBaC{@iAgBaCY_@}AsB[c@m@_AOa@Og@Kg@Go@Iu@AMEa@E]Ie@CKKc@Qo@YaAe@wAo@qBIWa@iAe@yAm@aBg@{AWu@IUEGg@kAkAmCYq@a@{@k@sAO]o@{Au@aB]s@c@s@Wa@aAqAGIk@s@}@cAgBqBi@k@[c@a@e@GKUYYc@Yk@[m@Ym@Ws@Wq@W{@]gACG_@uAe@}ASaAa@sCOaAG_@My@SwAKu@]}AMi@Mc@o@gAk@o@}@u@w@g@MCcBk@y@Ug@Qi@_@UWi@s@]s@QWeA{BcAaCg@sAs@cCU_ASgAO{@QaAKu@Ec@Iu@K{@O{@Su@[u@e@y@o@_Ak@{@iA}Ae@q@eH_JgAuAu@_Au@y@a@e@iAwA}AwBcAyAoBeD}BaFWi@aAwBqAaCu@wAs@uAaDiFiCuEUa@_CgEIOa@}@k@gAc@eA[w@i@mACEM_@a@_A]aAWo@eAwBu@cBGMo@sAkA}BcBaD_@w@m@wAy@}A{@gB}@iBWi@KSi@oAg@aAk@gAc@}@a@y@S]Y]CE]a@e@g@i@e@aAs@sA_A}@s@e@_@sBaBaA_As@w@gBwBACq@aAu@gAkAgBgAgBeAiB{@}AuAcCaAaBiCaEaAyA"
          }
        ],
        "displayName": "HAZARD Road damage",
        "roads": [
          {
            "conditionTendency": "",
            "crossStreet": "",
            "delay": "",
            "impactedLanes": [
              {
                "affectedDirection": "Both directions",
                "closedLanes": "",
                "description": "",
                "extent": "Affected",
                "numberOfLanes": "",
                "roadType": ""
              }
            ],
            "locationQualifier": "at",
            "mainStreet": "Wonnaminta Road, Henry Roberts Road, Bootra Road",
            "quadrant": "",
            "queueLength": 0,
            "region": "Far West NSW",
            "secondLocation": "",
            "suburb": "Nundora to Petita",
            "trafficVolume": ""
          }
        ],
        "isLocalRoad": "Local road",
        "CategoryIcon": "Hazard"
      }
    },
    {
      "type": "Feature",
      "id": 283993,
      "geometry": {
        "type": "Point",
        "coordinates": [
          141.0108968,
          -30.0902314
        ],
        "collections": []
      },
      "properties": {
        "webLinks": [],
        "headline": "",
        "periods": [],
        "speedLimit": -1,
        "weblinkUrl": null,
        "expectedDelay": -1,
        "ended": false,
        "isNewIncident": false,
        "publicTransport": "",
        "impactingNetwork": true,
        "subCategoryB": null,
        "arrangementAttachments": [],
        "isInitialReport": false,
        "created": 1786280160000,
        "isMajor": false,
        "name": null,
        "subCategoryA": "null",
        "adviceA": "Plan your journey",
        "adviceB": "Check signage",
        "adviceC": " ",
        "incidentKind": "Unplanned",
        "mainCategory": "OPEN TO  4WD ONLY",
        "lastUpdated": 1791250282199,
        "otherAdvice": "<p><strong>Due to recent rainfall and/or unstable road conditions, this road is open to 4WD vehicles only.</strong></p><p>Road conditions for Unincorporated Area of the Western Region are available on 08 8082 6660.</p><p><br></p>",
        "arrangementElements": [],
        "diversions": "",
        "additionalInfo": [],
        "weblinkName": null,
        "attendingGroups": null,
        "encodedPolylines": [
          {
            "levels": "",
            "direction": "BOTH_DIRECTIONS",
            "coords": "hqytD{~r{YJLLJ|@l@lA`AbAh@TLb@NZBXAn@Mh@Q`@IXGn@AX?p@Jd@Jz@^B@|@ZB@`@Px@VZJ`@@z@DV@\\BlIZlDXfCPnB\\B@nCj@x@XfFfB@@t@R~Af@fBb@j@H??x@Nz@Rn@Ph@JhB^bBTnALn@LL@F@^?Z@F@hAFlCBjC@R?zA@lCBlABfBBX@bABR@~@@p@BT@p@@VA^@vB@X?p@?`AAJ?L@\\?dA?dACH?zB?bD@d@@dBAdD@|B?nL@T?`E@jB@F?Z?nC?dB@D?jB@fC@nA@t@?vA?rD@rD@dIBbA?d@@bA@vA?~A@zA@xLCnACdC@vEBvNHbD@xIKjBCbCEnCCb@?|J@fBAl@?tFAr@CbA?x@CL?J?h@?~BDR@jB?t@?xA?d@AbA?@?f@Al@?`C?F?Z?x@AbB@T?v@AhE@L?N?b@?d@?bDAL?zD@|@@rDBT?bIBb@?tC?dB?rD?tE?zF?nL@bC?vBClECrG?pA?dC?N?xA?~BAj@?H?zF?xB@`F?fJ@zF@^?rCAbCArAAzF?nB?nD?\\?tCAb@AnCAjB@lB?lC@lC@pC@jFEL?vLAZ?~G@rD@vE@zA?zB?zEAT?H?~IC^?v@AzAA|HIh@?D?n@?j@@hA?nB@bA?fBAf@?J?|LAD?vFBhABnEDbDAzB?rBBpEBtB?bE?nE?n@AV?P?dE?tC?bB?bIAjB?jB?~EAZ?dAAhJCB?^AbC?rA?bL?rA?~F@fB?pDApJAlEEjECn@?bHHfDBrAAdEAr@?p@?f@?`MGpJIdEDX?L?x@@tBBN?~BFjBDL?F?zIBlA?X?Z?P@PAn@?dA@`AAtCBr@A|D@F?zHAhC?lAA`A?lC?F?rDDfABn@@fIEt@AjBEjBC~GKbIM~GKDAlFHB?@?fCHvC@`CBZAx@?F?fC@rD@bA?^?F?nCAjB@V?fCAzAAzDEtA@rAA`B?nBC^@@?tACvADf@@nCDvAB@?~B?tABB?^?bDC~CE~AC^AvAAN?tB?rB?R?z@?~@AfA?b@?tB?`BA~@ArACvAKxBQ`@ElAS\\EHCf@GnEy@lAQtAM\\Ef@Ex@C~@Bx@DjBNdALtANfEb@p@FlBPfBLTBf@@z@BzAFjBJvDHF?lBFfDFT@L?pA?pA@B?J?jKDtABpB@hFB`EDf@?hBBtDAnDAf@?dDE|DEjAAb@EfDKrDGz@CbC?lAAt@?nHB`A@~DA`EA`LA^ApLCtMChB?jCAB?rLBnELz@BN?f@?bFGlGIvA?xDF~ABxHJhCD`GJlCB`@?pBDd@?|A?rCBfB?B?lACx@CtBGfBG^?lAArA?tDAr@Ab@?z@AzCC\\?vA?X?v@@NBt@D|@Hn@BfA@v@?zB@~BBx@@~B@\\AbEEtCAnAApBAvBAbEEpBEnACbCGf@CbACzBGz@Av@AxBA~@?z@@dCBdCBrD@`IAfJ?rDApFTnAF^BdADbBD@?`@Bl@@nDB@?tE?p@?nB?pA?dBA^?d@?pBBlB@bA?nB@fF@dGDt@?dEB`B?z@y@Z[JQHQDQH]J_@DOBE@I@G?G?G?EACCCCCCEOKMKEIKUEOEe@AM?_@Bu@AWC]Gs@?AIq@EWGw@Ck@?{@?_@?S@QD_AF_@He@F_@He@Ho@Ho@Ly@He@DYDWFYFWBEDO`@s@rAoBdB}Ar@m@vAiArCsBl@e@nA}@vBaAb@QfCcAnA_@PCfAKbBCpBDZ@jKl@D?pF\\~EZ|DVdAJt@Fd@@`@?n@B\\B\\Df@LVHHBVHx@VvBv@bBl@lBb@|@R\\FlALrCR`ABrBHxFV`BPTB`Cb@~ARhCTnEZbBFP?b@@r@?h@AtCKF?nE]pGu@bB[f@Md@O^S`@W^YtAoAvDqDbA_AfAq@`Bw@pCaA`FmBDATEh@QTKNGl@_@pA_AHIl@i@RQb@Yf@a@`Ai@PIBAn@Q`AUb@Ib@MTEpC]TGPIJE\\IPIFGJKBCNWPS@AVYTS^a@r@q@h@e@^Y\\[\\a@Za@PULUt@mANQPYR]L[J[r@yC`@oAn@wAJSP[RUX[\\c@T[@C`@a@X[v@_AX]j@k@XUFINSX]f@g@X[DGVUT[X_@\\m@NSt@gAtCsD~B_CjDeCRMf@S^Q^QrAq@PKRKn@[VKRIpAs@`Ag@`@SHE|@o@bAm@ZOh@Qb@SpBkAJGbB{@|BkAvAs@nAu@v@a@\\QnBy@LGhC{AfAm@`DcBnCwAj@[tAm@rEaCnBeAfC{Ad@W`B{@HEd@WrAm@tGiDlKsFd@WJGr@]xA}@|F{C~Ay@l@_@rA}@HGPQh@s@`AiAz@_ANUdFoGFITWh@w@Xc@d@{@\\s@FOPm@TgAFORq@BGPe@h@}ApAgDn@gBXs@BGfAgDDMf@yBTgAHi@NmA?C`@eCF]`AaGLgALm@v@kCRw@Ng@DKDKNUd@w@Zg@z@iALQpAmAXMRKTEd@ChEu@rGk@nHe@jJ]`CElEGJ@H?d@@D?LEDGHIdAyAX[HGTM^MFCb@KLCx@G\\?pA@Z@R?ZDNBVFJ@D@RFh@\\b@TLDr@N~AXD@b@J@?lB^TFnA`@v@`@LHn@h@\\Xd@b@~AtB`@h@NNRNBBt@h@f@b@NHBBTJh@NJ@J@p@@T?TATAHAvAQj@Gf@?H@JDLFDBD@~Af@pAn@LHf@ZLJr@h@FDFFd@h@^ZjAr@hC|Av@j@^TfCfBh@j@\\VfAv@ZRVLND^JXFXJZJHDfAd@pAp@NFRFJBd@PZHJ@r@@lCDbADhAB`BBVCf@AD?\\EJ?\\@J@HBRNFDHHFJJVNl@HZLr@Nj@Tv@JZLZ\\x@n@hBj@jAJVNVX`@PNBBRLNHXJZJ`Bd@tCr@nAZ`@LHDNFLHZVLHHF`BfAdAv@l@^FDx@d@hC~AVNLFf@JNBZDpAJL@|@@rDF@?^@F@XHp@TNDnDj@xGbAP?@?XBxBJ~ABX@jAAj@CbALl@LzAh@XFL@pBDh@APARAVC^AhDCD@z@BZD^H\\NNHZPHDFBl@XJB@@NBp@HL@x@NLBL@f@@X@zA?fB\\nIbCrBl@~ErAzA`@`@Jl@ZTFTDV@`@D`@Hd@FzCd@JBtA`@JDj@^j@Z\\R@@\\T|@j@h@`@JHJDXJ~C~@hAZbBj@vAf@j@\\hA~@pAlAbAvAJLPV~@bAZ`@\\d@Xb@BFLPhAvA`@b@LJNLh@ZVRJJHHNVHNTTJJb@\\nAfAd@ZVNLF|Bt@HBX@`BCbBCF?NCPAb@AdAAXAJA^CHALEPEHCHKb@q@h@k@pAcBHI^a@b@a@^a@x@cATYFGv@k@HGXOPItAg@h@OLEn@Or@QnAc@TIVGJErAa@p@Un@Mv@Mx@Mj@MdAQTEjBMTE\\K\\OZMz@_@PGPMPK^WVUVY`@[FE`@KJAlAIt@If@Kj@MFClA_@`@KVERAh@AZ@n@BR?ZA^Ct@OTIHC\\MZOnBq@fEuAh@QFCrBs@TGLCFAv@GtAGhAIj@KJADCLGlAg@lAc@jAa@xAi@ZQ`@WPMRQRQLMPU@Af@w@JMFI~@eAfAeBj@w@PSNY\\o@DGh@o@LQt@y@\\c@DGBCrCuDNOZ[LMZSf@]l@]~@k@n@m@pAaAd@Wt@a@FCrA{@vBkAZOHAFAVCN?h@AvBSrAGB?f@GtFYbCOzAG`BKd@E`@GvB]HC~CYbBG^CB?rDCrDEpBChCCtEET?XBLBVJZLPDt@RdB\\^F\\FPFPH\\ZrA`A\\RHDTL`@Xr@v@\\\\@DDLJ`@ZxANl@FV\\fBHn@BX@DBPFLb@n@@@TZh@f@DDLJzB|ANHLF\\JHB^Dh@JF@N?b@Dz@Dn@BlCDvFJjADbABR?R?n@Af@CZCf@ETC`@G@AdAUd@InEg@x@KLCnCg@REHAd@KZGdAMfAGj@If@AP@L@^@\\Bn@H^DbABv@B|@HH?r@Bj@@jBNX@lBDb@BhAAt@ALA^AhBUZIXOd@[DEDChAe@nCyAHCHGRI^Sb@UxCiABAXSDCd@[zA}@h@[FEf@]`@c@\\]FG`@e@DEzAwA^c@VU\\c@pAmBpCyH`EoIfCaEJMb@i@NORSfAy@LMV[xCcDtEcFlAoA^]lEyDnCyCh@c@HIZYf@c@t@w@n@s@DCXUj@m@|@s@^UHEHEpDwCn@c@TQHEBAh@c@nAy@~AoA^Wh@]nBy@XKLG@?JCNAhAGBAr@MLCLA`AGl@Aj@@T?n@AdAIvCUr@GF?t@IhBMb@El@Q^I~Bk@pBy@fAWXI`Aa@TKJCLEfASVIjAe@v@Yr@[hBu@~DcB\\Kv@QTI@?LGnBy@bAg@VK^Sz@a@^Qd@Sf@YJGn@YrAu@|@a@RKl@_@NKVMVK^SJEVKJCLCLAb@AF?v@G\\?tBBL@j@Hf@HTHHB\\H\\Np@PT@RAz@Kt@YzAe@TMLI@CJCfA]nAq@BCHCh@Q\\Sb@YXYHG\\Sf@i@@Ah@]LIjAqANUDIRe@`@eAHY^kAf@sADKDKZm@j@yA@Eh@y@Xm@Xa@DKLUh@y@f@w@HKRa@FKr@cAn@s@X[TUJIb@YHKrB{BJIDEb@]rAgAh@m@rAeAHI`@Y\\Uv@g@j@c@`@[b@Y^Yp@c@TQLGHCBAd@KJEb@QLGXINAh@EJADAv@SJAt@GVGv@GjDSL?x@@h@@^@f@FN@N@rABtAFrABp@@P@H?^GLAl@Az@IV?fA@~AClA@F?h@?`AA`AI^CtAQrAKLAn@GLCt@STGp@Q^Qp@W^QLEz@ULExAk@VK~@a@rAk@dAg@^SHGt@m@h@m@d@aAp@y@r@iBf@uAd@eBZiB`@cC^iAfIkMf@u@vEgH|BkDr@w@ZSVI|Cq@`C_@fDa@~B_@z@I^MRKHGFGp@cArA_D`CaGpAuCdCwF^{@dA{C\\oA\\yCpAeLp@uGj@wFLoAlAaMRyBf@gFx@sFb@eBb@}A\\u@p@s@dA{@fAm@LGv@QNCvAKt@EdES~BKhGa@fIg@VCd@Ar@C~@AnDQpDQnFWlAErCU|Fc@^CxFg@d@M`CaAhHwCbCaAnOkG|EeC~BkA~BmA\\Q~@m@zFwDxEcEn@k@zC_C\\WjCqBz@k@f@S~@Kj@Ef@CvABbDHrCJpCEB?"
          }
        ],
        "displayName": "OPEN TO  4WD ONLY",
        "roads": [
          {
            "conditionTendency": "",
            "crossStreet": "",
            "delay": "",
            "impactedLanes": [
              {
                "affectedDirection": "Both directions",
                "closedLanes": "",
                "description": "",
                "extent": "Closed",
                "numberOfLanes": "",
                "roadType": "Road"
              }
            ],
            "locationQualifier": "at",
            "mainStreet": "Border Downs Road",
            "quadrant": "",
            "queueLength": 0,
            "region": "Far West NSW",
            "secondLocation": "",
            "suburb": "Border Downs to Hawker Gate",
            "trafficVolume": ""
          }
        ],
        "isLocalRoad": "Local road",
        "CategoryIcon": "Hazard"
      }
    },
    {
      "type": "Feature",
      "id": 283994,
      "geometry": {
        "type": "Point",
        "coordinates": [
          141.1454512,
          -29.7505784
        ],
        "collections": []
      },
      "properties": {
        "webLinks": [],
        "headline": "",
        "periods": [],
        "speedLimit": -1,
        "weblinkUrl": null,
        "expectedDelay": -1,
        "ended": false,
        "isNewIncident": false,
        "publicTransport": "",
        "impactingNetwork": true,
        "subCategoryB": null,
        "arrangementAttachments": [],
        "isInitialReport": false,
        "created": 1786280246000,
        "isMajor": false,
        "name": null,
        "subCategoryA": "null",
        "adviceA": "Plan your journey",
        "adviceB": "Check signage",
        "adviceC": " ",
        "incidentKind": "Unplanned",
        "mainCategory": "OPEN TO  4WD ONLY",
        "lastUpdated": 1791250420858,
        "otherAdvice": "<p><strong>Due to recent rainfall and/or unstable road conditions, this road is open to 4WD vehicles only.</strong></p><p>Road conditions for Unincorporated Area of the Western Region are available on 08 8082 6660.</p>",
        "arrangementElements": [],
        "diversions": "",
        "additionalInfo": [],
        "weblinkName": null,
        "attendingGroups": null,
        "encodedPolylines": [
          {
            "levels": "",
            "direction": "BOTH_DIRECTIONS",
            "coords": "p_ftD}rf}YfBn@f@R^J`@Hh@Jp@Ff@?XAVA|@Eh@Af@Ah@GlAGd@AtA?ZDZFVLd@\\NRJXHZHh@BZ\\jE@DHvADxAR|DJjAF`AN|B@DNnAF`AJ~@`@hDJx@RpBPdBZlCN|AFp@F`@Jh@Lj@\\dAd@pAJTZl@f@fA^v@xApCj@fAT`@R`@^|@z@bBfArBdApBhAvBDJHNd@~@tAjC|BhEXh@zAxCrBvDXh@pAjClAfCxAxCj@lAXr@^|@z@bCRd@d@vAPf@Pd@L`@Lj@BJHVBLDPHh@Hh@Fn@Fp@Fx@BVF^HnALvAJtAFhARtCd@|G`@~E`@lFP|ALn@d@vBH^ZfBr@bCx@`DNr@dAvEZpATlALv@?BJr@L|@rAdJTlArAvHf@vDHf@X`B@FZzA^`BRnAZfATz@Xv@\\t@^n@^h@~@zAj@t@HLrAtBbA~AdCvDnDlFn@dA`AvAPVpAdBxClERXV\\v@fApApBzBbDLPPVbDpEx@fAJLl@t@V\\\\b@l@~@vAhBh@~@bAnAZ`@r@bArAtBhBrCj@`AXd@~B|D|BpD|@tAxE|HXd@fBvCpB`Db@t@n@lAlApB|ArCl@jAZp@Tz@VdAVjAj@bC\\xAZvAr@|Cr@rC\\vAT~@x@tD~@zDNn@b@nBp@pCx@nDPn@h@xBz@jDn@jCNl@bA`Ep@nCf@lBv@zCJf@J`@VdAd@xBBDb@~AV|@Jh@Lp@Lt@?DV~ANvANhAPvA\\lDPxAN~@@JN`ARjBXjBTdBNlAHd@Lr@NfAb@dD?@RrAPhAp@nF`@lCJn@j@dEBLP`At@~EDT\\rBVfBFXd@pCV~@FNTr@XbA`A|BrAtCPZtAlCd@z@j@~@l@z@n@z@NRf@j@hApAjBrBt@t@v@t@~A`Bv@v@t@n@r@n@HHz@x@hA`AvEhEdA`AfAfA`@h@hAzAh@z@v@vAT\\j@~@PZBDjBfDn@nA`@t@b@|@b@~@l@tAL^Rh@l@bBn@zAnAbEH\\bAjD^`BPx@Lf@VxAPtAPjBPxBDx@HbAL`CJbCLvDDzAFvC@vABjABf@J|A\\fDRxADj@D\\^fDB`@d@xGF`D?dAAzAB~B@FHxBJbALz@Hb@b@nBPf@h@bA^j@Zd@d@j@x@x@FFj@l@dBnAbA|@z@p@DBPJdAj@h@ZtAp@j@XNNTR`@d@Xh@N^FJJj@Nx@NlAZbCRtBVtBBPD^F`@L^Pd@R`@|@jB\\~@Z|@Lv@?@BNJ~AJfALxBHnAFz@H~@@HVfDFp@Dj@Jd@b@tAf@hAbBhDL^DDNPDDTNJH~@f@f@h@j@zAXhBRdB@`AB\\L`ARj@h@v@b@x@XdALv@RbB?VAPEb@EVGf@EPi@vAQf@Wh@U`@UZST[`@]f@_@j@_@x@IRITK\\IXGTMl@Oz@YdA]~@m@pAENGPIb@k@fC_@bAMf@Kl@GVCt@Cn@?^@L@VLf@B`@C^GRi@hAs@fA]d@KLWJQDs@BaADSBC@a@R_@f@]f@Wb@Ob@Kh@Gv@?\\?B@`@Pb@Tf@XjARfAX|BFb@r@rDVnCNt@JrAHnA?t@BjB@h@?ZFpBLhDH`C?J@RBfBBjANlCJlARnBVdCXrAX|B@D\\bCBRF|@J^V|AjAtHBPVxBTxB^bBV|B@JVxA?DZjALv@Tn@@D`@~@\\r@b@`ANn@Db@D~@?vA?J?bBBx@?z@Bl@?FFv@Fx@HjANfAFj@XvBLfARfB^lCh@|CT~ABRRpAJv@HzATvC@PLvAB`@XdC`AhFXlAFL^|@pAlDl@hAl@rAZn@T`@|@~Bv@vBVlATr@Fl@Dn@Ht@VrCVhBHn@|AnIdApDv@pDr@pCj@~BrAfGbA|DfBjHr@`Dj@|B|CnN\\z@r@zAr@tAv@~ATf@zB|E`GpNjC`HjAlDV\\`@XVTvAn@`@Pd@J^Fl@BX@P@NDNHJBLDb@Rn@\\h@\\VHjAl@`AN@?jCVh@F`AP\\NXNl@h@rBlCHLb@j@PV~@rAbAxAdA~A`@v@?@L^J^J^RhABTFZLb@\\z@l@~@`@j@JZBHRd@\\nBVpAPpAHb@d@lBFNRh@Vp@FN\\z@~@jBn@hAr@pAz@~Ar@jAl@fAbCzGh@xAp@`C`@`C|AxKZ|BZtBd@`GF|@?Z@N@J?DFz@DRH\\H\\PTtB~Dr@bAb@bATf@\\~@Pt@RfAf@lDBBl@nF@JP~AHpA@|@LzB\\pCBTN|AP|BXfDR`BBV"
          }
        ],
        "displayName": "OPEN TO  4WD ONLY",
        "roads": [
          {
            "conditionTendency": "",
            "crossStreet": "",
            "delay": "",
            "impactedLanes": [
              {
                "affectedDirection": "Both directions",
                "closedLanes": "",
                "description": "",
                "extent": "Closed",
                "numberOfLanes": "",
                "roadType": "Road"
              }
            ],
            "locationQualifier": "at",
            "mainStreet": "Hawker Gate Road",
            "quadrant": "",
            "queueLength": 0,
            "region": "Far West NSW",
            "secondLocation": "",
            "suburb": "Hawker Gate to Yandama",
            "trafficVolume": ""
          }
        ],
        "isLocalRoad": "Local road",
        "CategoryIcon": "Hazard"
      }
    },
    {
      "type": "Feature",
      "id": 290098,
      "geometry": {
        "type": "Point",
        "coordinates": [
          151.2190391,
          -33.8726983
        ],
        "collections": []
      },
      "properties": {
        "webLinks": [],
        "headline": "",
        "periods": [],
        "speedLimit": -1,
        "weblinkUrl": null,
        "expectedDelay": -1,
        "ended": false,
        "isNewIncident": true,
        "publicTransport": "",
        "impactingNetwork": false,
        "subCategoryB": null,
        "arrangementAttachments": [],
        "isInitialReport": false,
        "created": 1791260086000,
        "isMajor": false,
        "name": null,
        "subCategoryA": "Planned Police operation",
        "adviceA": "Check signage",
        "adviceB": " ",
        "adviceC": " ",
        "end": 1791853200000,
        "hideEndDate": true,
        "incidentKind": "Planned",
        "mainCategory": "CHANGED TRAFFIC CONDITIONS",
        "lastUpdated": 1791260087059,
        "otherAdvice": "<p><strong>Special event clearways will be in effect for a planned Police Operation.</strong></p><p><strong>From 7am to 12pm Tuesday 13 October</strong></p><ul><li>Cathedral Street between Bourke Street and Forbes Street (eastern side)</li><li>Cathedral Street between Forbes Street and Bourke Street (western side)</li></ul><p>Clearways are strict no-parking zones for all vehicle types, and apply even to local residents and TfNSW Mobility Scheme Permit holders. Check signs carefully as vehicles left in clearways will be towed and a fee applies. If your vehicle is towed, you can search your vehicle registration at the <a href=\"https://www.nsw.gov.au/driving-boating-and-transport/demerits-penalties-and-offences/offences/if-your-car-gets-towed\" rel=\"noopener noreferrer\" target=\"_blank\">Find My Car</a> website to find its new location, or alternatively call 132 701 to speak to an operator.</p>",
        "arrangementElements": [],
        "diversions": "",
        "additionalInfo": [],
        "weblinkName": null,
        "attendingGroups": null,
        "encodedPolylines": [],
        "duration": null,
        "start": 1791810000000,
        "displayName": "SPECIAL EVENT CLEARWAYS Planned Police operation",
        "roads": [
          {
            "conditionTendency": "",
            "crossStreet": "",
            "delay": "",
            "impactedLanes": [],
            "locationQualifier": "-",
            "mainStreet": "Cathedral Street",
            "quadrant": "",
            "queueLength": 0,
            "region": "Sydney",
            "secondLocation": "",
            "suburb": "Sydney",
            "trafficVolume": ""
          }
        ],
        "isLocalRoad": "State road",
        "CategoryIcon": "ChangedConditions"
      }
    },
    {
      "type": "Feature",
      "id": 248549,
      "geometry": {
        "type": "Point",
        "coordinates": [
          148.1647014,
          -34.5178877
        ],
        "collections": []
      },
      "properties": {
        "webLinks": [],
        "headline": "",
        "periods": [
          {
            "closureType": "ROAD_CLOSURE",
            "roadextent": "Affected",
            "roadtype": "",
            "direction": "Both directions",
            "finishTime": "",
            "fromDay": "Every Day",
            "startTime": "all day",
            "toDay": ""
          }
        ],
        "speedLimit": -1,
        "weblinkUrl": null,
        "expectedDelay": -1,
        "ended": false,
        "isNewIncident": false,
        "publicTransport": "",
        "impactingNetwork": false,
        "subCategoryB": null,
        "arrangementAttachments": [],
        "isInitialReport": false,
        "created": 1757304215000,
        "isMajor": false,
        "name": null,
        "subCategoryA": "null",
        "adviceA": "Reduce your speed",
        "adviceB": "Check signage",
        "adviceC": "Allow extra travel time",
        "end": 1796018400000,
        "hideEndDate": true,
        "incidentKind": "Planned",
        "mainCategory": "CHANGED TRAFFIC CONDITIONS",
        "lastUpdated": 1791348693109,
        "otherAdvice": "",
        "arrangementElements": [
          {
            "html": "<p><strong>A full closure will be in place from Monday 2 November until Wednesday 11 November. </strong></p><p>When this closure is in place heavy vehicles to divert via Wombat Rd and Burley Griffin Way in both directions. This detour is suitable for B-doubles and PBS 2A vehicles up to 26 metres, and will add about 10 minutes&#39; travel time to most journeys. </p><p>PBS 2B permit vehicles and those longer than 26 metres and up to 30 metres in length will be detoured as follows:</p><p><strong>Southbound: </strong>at Cowra via Lachlan Valley Way, Hume Highway, Burley Griffin Way and rejoin the Olympic Highway at Wallendbeen.</p><p><strong>Northbound: </strong>at Wallendeen via Burley Griffin Way, Hume Highway, Lachlan Valley Way and rejoin the Olympic Highway at Cowra.</p><p>This detour will add more than one hour to travel times. </p><p> </p><p><strong>Please note:</strong></p><p>Unless specified otherwise, operators of Class 1,2 &amp; 3 vehicles travelling under a Notice <strong>must</strong> consult their relevant enforceable network map to confirm a suitable <strong>approved</strong> alternate route. </p><p>Operators of Class 1, 2 &amp; 3 vehicles travelling under a Permit <strong>must not</strong> travel off the approved route listed in the permit unless an updated permit is obtained from the NHVR.</p>",
            "title": "Advice for OSOM",
            "id": "921988"
          }
        ],
        "diversions": "",
        "additionalInfo": [],
        "weblinkName": null,
        "attendingGroups": null,
        "encodedPolylines": [],
        "duration": null,
        "start": 1761505200000,
        "displayName": "CHANGED TRAFFIC CONDITIONS",
        "roads": [
          {
            "conditionTendency": "",
            "crossStreet": "Silo Road",
            "delay": "",
            "impactedLanes": [],
            "locationQualifier": "near",
            "mainStreet": "Olympic Highway",
            "quadrant": "",
            "queueLength": 0,
            "region": "Riverina",
            "secondLocation": "",
            "suburb": "Wallendbeen",
            "trafficVolume": ""
          }
        ],
        "isLocalRoad": "State road",
        "CategoryIcon": "ChangedConditions"
      }
    },
    {
      "type": "Feature",
      "id": 290353,
      "geometry": {
        "type": "Point",
        "coordinates": [
          151.2051493,
          -33.867654
        ],
        "collections": []
      },
      "properties": {
        "webLinks": [],
        "headline": "",
        "periods": [
          {
            "closureType": "ROAD_CLOSURE",
            "roadextent": "Affected",
            "roadtype": "",
            "direction": "Northbound",
            "finishTime": "11:59pm",
            "fromDay": "Saturday",
            "startTime": "2:00am",
            "toDay": ""
          },
          {
            "closureType": "ROAD_CLOSURE",
            "roadextent": "Affected",
            "roadtype": "",
            "direction": "Northbound",
            "finishTime": "",
            "fromDay": "Sunday",
            "startTime": "all day",
            "toDay": ""
          },
          {
            "closureType": "ROAD_CLOSURE",
            "roadextent": "Affected",
            "roadtype": "",
            "direction": "Northbound",
            "finishTime": "2:00am",
            "fromDay": "Monday",
            "startTime": "12:00am",
            "toDay": ""
          }
        ],
        "speedLimit": -1,
        "weblinkUrl": null,
        "expectedDelay": -1,
        "ended": false,
        "isNewIncident": true,
        "publicTransport": "",
        "impactingNetwork": false,
        "subCategoryB": null,
        "arrangementAttachments": [],
        "isInitialReport": false,
        "created": 1791436515000,
        "isMajor": false,
        "name": null,
        "subCategoryA": "null",
        "adviceA": "Plan your journey",
        "adviceB": "Check signage",
        "adviceC": " ",
        "end": 1791730800000,
        "hideEndDate": false,
        "incidentKind": "Planned",
        "mainCategory": "CHANGED TRAFFIC CONDITIONS",
        "lastUpdated": 1791436516130,
        "otherAdvice": "<p>Special event clearways will be in place to facilitate Sydney Trains trackwork replacement bus operations:</p><p>Clearways are strict no-parking zones for all vehicle types and apply even to local residents and TfNSW Mobility Scheme Permit holders. Check signs carefully, as vehicles left in a clearway will be towed, and a fee applies. If your vehicle is towed, you can search your vehicle registration at the <a href=\"https://tfnswtowlink.force.com/findmycar/s/\" rel=\"noopener noreferrer\" target=\"_blank\">Find My Car</a> website to find its new location, or alternatively call 132 701 to speak to an operator.</p>",
        "arrangementElements": [],
        "diversions": "",
        "additionalInfo": [],
        "weblinkName": null,
        "attendingGroups": null,
        "encodedPolylines": [],
        "duration": null,
        "start": 1791558000000,
        "displayName": "SPECIAL EVENT CLEARWAYS Sydney Trains trackwork",
        "roads": [
          {
            "conditionTendency": "",
            "crossStreet": "Barrack Street",
            "delay": "",
            "impactedLanes": [],
            "locationQualifier": "between",
            "mainStreet": "Clarence Street",
            "quadrant": "",
            "queueLength": 0,
            "region": "Sydney",
            "secondLocation": "Margaret Street",
            "suburb": "Sydney",
            "trafficVolume": ""
          }
        ],
        "isLocalRoad": "State road",
        "CategoryIcon": "ChangedConditions"
      }
    },
    {
      "type": "Feature",
      "id": 287397,
      "geometry": {
        "type": "Point",
        "coordinates": [
          151.2061116,
          -33.8892761
        ],
        "collections": []
      },
      "properties": {
        "webLinks": [],
        "headline": "",
        "periods": [
          {
            "closureType": "ROAD_CLOSURE",
            "roadextent": "Affected",
            "roadtype": "",
            "direction": "Northbound",
            "finishTime": "11:59pm",
            "fromDay": "Saturday",
            "startTime": "2:00am",
            "toDay": ""
          },
          {
            "closureType": "ROAD_CLOSURE",
            "roadextent": "Affected",
            "roadtype": "",
            "direction": "Northbound",
            "finishTime": "",
            "fromDay": "Sunday",
            "startTime": "all day",
            "toDay": ""
          },
          {
            "closureType": "ROAD_CLOSURE",
            "roadextent": "Affected",
            "roadtype": "",
            "direction": "Northbound",
            "finishTime": "2:00am",
            "fromDay": "Monday",
            "startTime": "12:00am",
            "toDay": ""
          }
        ],
        "speedLimit": -1,
        "weblinkUrl": null,
        "expectedDelay": -1,
        "ended": false,
        "isNewIncident": false,
        "publicTransport": "",
        "impactingNetwork": false,
        "subCategoryB": null,
        "arrangementAttachments": [],
        "isInitialReport": false,
        "created": 1788745395000,
        "isMajor": false,
        "name": null,
        "subCategoryA": "null",
        "adviceA": "Plan your journey",
        "adviceB": "Check signage",
        "adviceC": " ",
        "end": 1791731700000,
        "hideEndDate": false,
        "incidentKind": "Planned",
        "mainCategory": "CHANGED TRAFFIC CONDITIONS",
        "lastUpdated": 1791439444096,
        "otherAdvice": "<p>Special event clearways will be in place on the western side of Chalmers St to facilitate Sydney Trains trackwork replacement bus operations.</p><p>Clearways are strict no-parking zones for all vehicle types and apply even to local residents and TfNSW Mobility Scheme Permit holders. Check signs carefully, as vehicles left in a clearway will be towed and a fee applies. If your vehicle is towed, you can search your vehicle registration at the <a href=\"https://tfnswtowlink.force.com/findmycar/s/\" rel=\"noopener noreferrer\" target=\"_blank\">Find My Car</a> website to find its new location, or alternatively call 132 701 to speak to an operator.</p>",
        "arrangementElements": [],
        "diversions": "",
        "additionalInfo": [],
        "weblinkName": null,
        "attendingGroups": null,
        "encodedPolylines": [],
        "duration": null,
        "start": 1791558000000,
        "displayName": "SPECIAL EVENT CLEARWAYS Sydney Trains trackwork",
        "roads": [
          {
            "conditionTendency": "",
            "crossStreet": "Cleveland Street",
            "delay": "",
            "impactedLanes": [],
            "locationQualifier": "between",
            "mainStreet": "Chalmers Street",
            "quadrant": "",
            "queueLength": 0,
            "region": "Sydney",
            "secondLocation": "Devonshire Street",
            "suburb": "Surry Hills",
            "trafficVolume": ""
          }
        ],
        "isLocalRoad": "State road",
        "CategoryIcon": "ChangedConditions"
      }
    },
    {
      "type": "Feature",
      "id": 290395,
      "geometry": {
        "type": "Point",
        "coordinates": [
          150.8609991,
          -34.4457102
        ],
        "collections": []
      },
      "properties": {
        "webLinks": [],
        "headline": "",
        "periods": [],
        "speedLimit": -1,
        "weblinkUrl": null,
        "expectedDelay": -1,
        "ended": true,
        "isNewIncident": false,
        "publicTransport": "",
        "impactingNetwork": true,
        "subCategoryB": null,
        "arrangementAttachments": [],
        "isInitialReport": false,
        "created": 1791485354000,
        "isMajor": false,
        "name": null,
        "subCategoryA": "B-double",
        "adviceA": "Reduce your speed",
        "adviceB": "Exercise caution",
        "adviceC": " ",
        "incidentKind": "Unplanned",
        "mainCategory": "BREAKDOWN",
        "lastUpdated": 1791486034643,
        "otherAdvice": "",
        "arrangementElements": [],
        "diversions": "",
        "additionalInfo": [],
        "weblinkName": null,
        "attendingGroups": [
          "Emergency services",
          "Transport for NSW"
        ],
        "encodedPolylines": [],
        "displayName": "BREAKDOWN B-double",
        "roads": [
          {
            "conditionTendency": "",
            "crossStreet": "Masters Road",
            "delay": "",
            "impactedLanes": [
              {
                "affectedDirection": "Southbound",
                "closedLanes": "1",
                "description": "Lane 1",
                "extent": "Lanes closed",
                "numberOfLanes": "3",
                "roadType": ""
              }
            ],
            "locationQualifier": "just past",
            "mainStreet": "Princes Motorway",
            "quadrant": "",
            "queueLength": 0,
            "region": "South Coast",
            "secondLocation": "",
            "suburb": "Unanderra",
            "trafficVolume": ""
          }
        ],
        "isLocalRoad": "State road",
        "CategoryIcon": "Breakdown"
      }
    },
    {
      "type": "Feature",
      "id": 290396,
      "geometry": {
        "type": "Point",
        "coordinates": [
          151.2029562,
          -33.8688953
        ],
        "collections": []
      },
      "properties": {
        "webLinks": [],
        "headline": "",
        "periods": [],
        "speedLimit": -1,
        "weblinkUrl": null,
        "expectedDelay": -1,
        "ended": true,
        "isNewIncident": false,
        "publicTransport": "",
        "impactingNetwork": true,
        "subCategoryB": null,
        "arrangementAttachments": [],
        "isInitialReport": false,
        "created": 1791485854000,
        "isMajor": false,
        "name": null,
        "subCategoryA": "Bus",
        "adviceA": "Prepare to merge",
        "adviceB": "Exercise caution",
        "adviceC": " ",
        "incidentKind": "Unplanned",
        "mainCategory": "BREAKDOWN",
        "lastUpdated": 1791486675145,
        "otherAdvice": "",
        "arrangementElements": [],
        "diversions": "",
        "additionalInfo": [],
        "weblinkName": null,
        "attendingGroups": [
          "Mechanic"
        ],
        "encodedPolylines": [],
        "displayName": "BREAKDOWN Bus",
        "roads": [
          {
            "conditionTendency": "",
            "crossStreet": "King Street",
            "delay": "",
            "impactedLanes": [
              {
                "affectedDirection": "Eastbound",
                "closedLanes": "1",
                "description": "Lane 4",
                "extent": "Lanes closed",
                "numberOfLanes": "4",
                "roadType": ""
              }
            ],
            "locationQualifier": "at",
            "mainStreet": "Western Distributor",
            "quadrant": "",
            "queueLength": 0,
            "region": "Sydney",
            "secondLocation": "",
            "suburb": "Sydney",
            "trafficVolume": ""
          }
        ],
        "isLocalRoad": "State road",
        "CategoryIcon": "Breakdown"
      }
    },
    {
      "type": "Feature",
      "id": 290399,
      "geometry": {
        "type": "Point",
        "coordinates": [
          150.8271885,
          -33.7821894
        ],
        "collections": []
      },
      "properties": {
        "webLinks": [],
        "headline": "",
        "periods": [],
        "speedLimit": -1,
        "weblinkUrl": null,
        "expectedDelay": -1,
        "ended": true,
        "isNewIncident": false,
        "publicTransport": "",
        "impactingNetwork": true,
        "subCategoryB": null,
        "arrangementAttachments": [],
        "isInitialReport": false,
        "created": 1791487568000,
        "isMajor": false,
        "name": null,
        "subCategoryA": "null",
        "adviceA": "Prepare to merge",
        "adviceB": "Exercise caution",
        "adviceC": " ",
        "incidentKind": "Unplanned",
        "mainCategory": "CRASH",
        "lastUpdated": 1791487657760,
        "otherAdvice": "",
        "arrangementElements": [],
        "diversions": "",
        "additionalInfo": [],
        "weblinkName": null,
        "attendingGroups": [
          "Transport for NSW"
        ],
        "encodedPolylines": [],
        "displayName": "CRASH Car",
        "roads": [
          {
            "conditionTendency": "",
            "crossStreet": "Rupertswood Road",
            "delay": "",
            "impactedLanes": [
              {
                "affectedDirection": "Eastbound",
                "closedLanes": "1",
                "description": "Lane 3",
                "extent": "Lanes closed",
                "numberOfLanes": "3",
                "roadType": ""
              }
            ],
            "locationQualifier": "approaching",
            "mainStreet": "Great Western Highway",
            "quadrant": "",
            "queueLength": 0,
            "region": "Sydney",
            "secondLocation": "",
            "suburb": "Minchinbury",
            "trafficVolume": ""
          }
        ],
        "isLocalRoad": "State road",
        "CategoryIcon": "Crash"
      }
    },
    {
      "type": "Feature",
      "id": 290401,
      "geometry": {
        "type": "Point",
        "coordinates": [
          151.1953398,
          -33.9378363
        ],
        "collections": []
      },
      "properties": {
        "webLinks": [],
        "headline": "",
        "periods": [],
        "speedLimit": -1,
        "weblinkUrl": null,
        "expectedDelay": -1,
        "ended": true,
        "isNewIncident": false,
        "publicTransport": "",
        "impactingNetwork": true,
        "subCategoryB": null,
        "arrangementAttachments": [],
        "isInitialReport": false,
        "created": 1791489156000,
        "isMajor": false,
        "name": null,
        "subCategoryA": "Car",
        "adviceA": "Reduce your speed",
        "adviceB": "Prepare to merge",
        "adviceC": " ",
        "incidentKind": "Unplanned",
        "mainCategory": "BREAKDOWN",
        "lastUpdated": 1791490200656,
        "otherAdvice": "",
        "arrangementElements": [],
        "diversions": "",
        "additionalInfo": [],
        "weblinkName": null,
        "attendingGroups": [
          "Transport for NSW"
        ],
        "encodedPolylines": [],
        "displayName": "BREAKDOWN Car",
        "roads": [
          {
            "conditionTendency": "",
            "crossStreet": "Botany Road",
            "delay": "",
            "impactedLanes": [
              {
                "affectedDirection": "Southbound",
                "closedLanes": "1",
                "description": "Lane 1",
                "extent": "Lanes closed",
                "numberOfLanes": "3",
                "roadType": ""
              },
              {
                "affectedDirection": "Southbound",
                "closedLanes": "1",
                "description": "Lane 1",
                "extent": "Lanes closed",
                "numberOfLanes": "3",
                "roadType": ""
              }
            ],
            "locationQualifier": "approaching",
            "mainStreet": "Southern Cross Drive",
            "quadrant": "",
            "queueLength": 0,
            "region": "Sydney",
            "secondLocation": "",
            "suburb": "Mascot",
            "trafficVolume": ""
          }
        ],
        "isLocalRoad": "State road",
        "CategoryIcon": "Breakdown"
      }
    },
    {
      "type": "Feature",
      "id": 290400,
      "geometry": {
        "type": "Point",
        "coordinates": [
          150.9628545,
          -33.8167429
        ],
        "collections": []
      },
      "properties": {
        "webLinks": [],
        "headline": "",
        "periods": [],
        "speedLimit": -1,
        "weblinkUrl": null,
        "expectedDelay": -1,
        "ended": true,
        "isNewIncident": false,
        "publicTransport": "",
        "impactingNetwork": true,
        "subCategoryB": null,
        "arrangementAttachments": [],
        "isInitialReport": false,
        "created": 1791488824000,
        "isMajor": false,
        "name": null,
        "subCategoryA": "Car",
        "adviceA": "Prepare to merge",
        "adviceB": "Exercise caution",
        "adviceC": " ",
        "incidentKind": "Unplanned",
        "mainCategory": "BREAKDOWN",
        "lastUpdated": 1791491157018,
        "otherAdvice": "",
        "arrangementElements": [],
        "diversions": "",
        "additionalInfo": [],
        "weblinkName": null,
        "attendingGroups": [
          "Transport for NSW"
        ],
        "encodedPolylines": [],
        "displayName": "BREAKDOWN Car",
        "roads": [
          {
            "conditionTendency": "",
            "crossStreet": "M4 Motorway",
            "delay": "",
            "impactedLanes": [
              {
                "affectedDirection": "Northbound",
                "closedLanes": "1",
                "description": "Lane 2",
                "extent": "Lanes closed",
                "numberOfLanes": "4",
                "roadType": ""
              }
            ],
            "locationQualifier": "approaching",
            "mainStreet": "Cumberland Highway",
            "quadrant": "",
            "queueLength": 0,
            "region": "Sydney",
            "secondLocation": "",
            "suburb": "Wentworthville",
            "trafficVolume": ""
          }
        ],
        "isLocalRoad": "State road",
        "CategoryIcon": "Breakdown"
      }
    },
    {
      "type": "Feature",
      "id": 290403,
      "geometry": {
        "type": "Point",
        "coordinates": [
          150.8954589,
          -33.946711
        ],
        "collections": []
      },
      "properties": {
        "webLinks": [],
        "headline": "",
        "periods": [],
        "speedLimit": -1,
        "weblinkUrl": null,
        "expectedDelay": -1,
        "ended": true,
        "isNewIncident": false,
        "publicTransport": "",
        "impactingNetwork": true,
        "subCategoryB": null,
        "arrangementAttachments": [],
        "isInitialReport": false,
        "created": 1791491604000,
        "isMajor": false,
        "name": null,
        "subCategoryA": "Car",
        "adviceA": "Prepare to merge",
        "adviceB": "Exercise caution",
        "adviceC": " ",
        "incidentKind": "Unplanned",
        "mainCategory": "BREAKDOWN",
        "lastUpdated": 1791491838135,
        "otherAdvice": "",
        "arrangementElements": [],
        "diversions": "",
        "additionalInfo": [],
        "weblinkName": null,
        "attendingGroups": [
          "Motorway Crew"
        ],
        "encodedPolylines": [],
        "displayName": "BREAKDOWN Car",
        "roads": [
          {
            "conditionTendency": "",
            "crossStreet": "Kurrajong Road",
            "delay": "",
            "impactedLanes": [
              {
                "affectedDirection": "Westbound",
                "closedLanes": "1",
                "description": "Lane 1",
                "extent": "Lanes closed",
                "numberOfLanes": "3",
                "roadType": ""
              }
            ],
            "locationQualifier": "at",
            "mainStreet": "M5 Motorway",
            "quadrant": "",
            "queueLength": 0,
            "region": "Sydney",
            "secondLocation": "",
            "suburb": "Casula",
            "trafficVolume": ""
          }
        ],
        "isLocalRoad": "State road",
        "CategoryIcon": "Breakdown"
      }
    },
    {
      "type": "Feature",
      "id": 290405,
      "geometry": {
        "type": "Point",
        "coordinates": [
          151.0266636,
          -33.7644347
        ],
        "collections": []
      },
      "properties": {
        "webLinks": [],
        "headline": "",
        "periods": [],
        "speedLimit": -1,
        "weblinkUrl": null,
        "expectedDelay": -1,
        "ended": true,
        "isNewIncident": false,
        "publicTransport": "",
        "impactingNetwork": true,
        "subCategoryB": null,
        "arrangementAttachments": [],
        "isInitialReport": false,
        "created": 1791491980000,
        "isMajor": false,
        "name": null,
        "subCategoryA": "Car towing trailer",
        "adviceA": "Reduce your speed",
        "adviceB": "Prepare to merge",
        "adviceC": " ",
        "incidentKind": "Unplanned",
        "mainCategory": "BREAKDOWN",
        "lastUpdated": 1791491992860,
        "otherAdvice": "",
        "arrangementElements": [],
        "diversions": "",
        "additionalInfo": [],
        "weblinkName": null,
        "attendingGroups": [
          "Emergency services",
          "Transport for NSW"
        ],
        "encodedPolylines": [],
        "displayName": "BREAKDOWN Car towing trailer",
        "roads": [
          {
            "conditionTendency": "",
            "crossStreet": "Oakes Road underpass",
            "delay": "",
            "impactedLanes": [
              {
                "affectedDirection": "Westbound",
                "closedLanes": "1",
                "description": "Lane 1",
                "extent": "Lanes closed",
                "numberOfLanes": "3",
                "roadType": ""
              }
            ],
            "locationQualifier": "just past",
            "mainStreet": "M2 motorway",
            "quadrant": "",
            "queueLength": 0,
            "region": "Sydney",
            "secondLocation": "",
            "suburb": "Carlingford",
            "trafficVolume": ""
          }
        ],
        "isLocalRoad": "State road",
        "CategoryIcon": "Breakdown"
      }
    },
    {
      "type": "Feature",
      "id": 290398,
      "geometry": {
        "type": "Point",
        "coordinates": [
          151.195419,
          -33.779276
        ],
        "collections": []
      },
      "properties": {
        "webLinks": [],
        "headline": "",
        "periods": [],
        "speedLimit": -1,
        "weblinkUrl": null,
        "expectedDelay": -1,
        "ended": true,
        "isNewIncident": false,
        "publicTransport": "",
        "impactingNetwork": true,
        "subCategoryB": null,
        "arrangementAttachments": [],
        "isInitialReport": false,
        "created": 1791487553000,
        "isMajor": false,
        "name": null,
        "subCategoryA": "null",
        "adviceA": "Reduce your speed",
        "adviceB": "Exercise caution",
        "adviceC": " ",
        "incidentKind": "Unplanned",
        "mainCategory": "TRAFFIC LIGHTS BLACKED OUT",
        "lastUpdated": 1791492430739,
        "otherAdvice": "",
        "arrangementElements": [],
        "diversions": "",
        "additionalInfo": [],
        "weblinkName": null,
        "attendingGroups": [
          "Utility Company"
        ],
        "encodedPolylines": [],
        "displayName": "TRAFFIC LIGHTS BLACKED OUT",
        "roads": [
          {
            "conditionTendency": "",
            "crossStreet": "Addison Avenue",
            "delay": "",
            "impactedLanes": [
              {
                "affectedDirection": "All directions",
                "closedLanes": "",
                "description": "",
                "extent": "Affected",
                "numberOfLanes": "",
                "roadType": ""
              }
            ],
            "locationQualifier": "at",
            "mainStreet": "Babbage Road",
            "quadrant": "",
            "queueLength": 0,
            "region": "Sydney",
            "secondLocation": "",
            "suburb": "Roseville Chase",
            "trafficVolume": ""
          }
        ],
        "isLocalRoad": "State road",
        "CategoryIcon": "TrafficSignals"
      }
    },
    {
      "type": "Feature",
      "id": 290385,
      "geometry": {
        "type": "Point",
        "coordinates": [
          151.095688,
          -33.862509
        ],
        "collections": []
      },
      "properties": {
        "webLinks": [],
        "headline": "",
        "periods": [],
        "speedLimit": -1,
        "weblinkUrl": null,
        "expectedDelay": -1,
        "ended": true,
        "isNewIncident": false,
        "publicTransport": "",
        "impactingNetwork": true,
        "subCategoryB": null,
        "arrangementAttachments": [],
        "isInitialReport": false,
        "created": 1791459342000,
        "isMajor": false,
        "name": null,
        "subCategoryA": "Truck",
        "adviceA": "Exercise caution",
        "adviceB": "Allow extra travel time",
        "adviceC": " ",
        "incidentKind": "Unplanned",
        "mainCategory": "CRASH",
        "lastUpdated": 1791492709386,
        "otherAdvice": "<p>Traffic control will be in place to direct motorists.</p>",
        "arrangementElements": [],
        "diversions": "",
        "additionalInfo": [],
        "weblinkName": null,
        "attendingGroups": [
          "Utility Company"
        ],
        "encodedPolylines": [],
        "displayName": "CRASH Truck, wires down",
        "roads": [
          {
            "conditionTendency": "",
            "crossStreet": "Keppel Avenue",
            "delay": "",
            "impactedLanes": [
              {
                "affectedDirection": "Both directions",
                "closedLanes": "",
                "description": "",
                "extent": "Affected",
                "numberOfLanes": "",
                "roadType": ""
              }
            ],
            "locationQualifier": "at",
            "mainStreet": "Patterson Street",
            "quadrant": "",
            "queueLength": 0,
            "region": "Sydney",
            "secondLocation": "",
            "suburb": "Concord",
            "trafficVolume": ""
          }
        ],
        "isLocalRoad": "State road",
        "CategoryIcon": "Crash"
      }
    },
    {
      "type": "Feature",
      "id": 290394,
      "geometry": {
        "type": "Point",
        "coordinates": [
          147.7955146,
          -35.2171357
        ],
        "collections": []
      },
      "properties": {
        "webLinks": [],
        "headline": "",
        "periods": [],
        "speedLimit": -1,
        "weblinkUrl": null,
        "expectedDelay": -1,
        "ended": true,
        "isNewIncident": false,
        "publicTransport": "",
        "impactingNetwork": true,
        "subCategoryB": null,
        "arrangementAttachments": [],
        "isInitialReport": false,
        "created": 1791484437000,
        "isMajor": false,
        "name": null,
        "subCategoryA": "B-double",
        "adviceA": "Prepare to merge",
        "adviceB": "Exercise caution",
        "adviceC": " ",
        "incidentKind": "Unplanned",
        "mainCategory": "BREAKDOWN",
        "lastUpdated": 1791494073073,
        "otherAdvice": "",
        "arrangementElements": [],
        "diversions": "",
        "additionalInfo": [],
        "weblinkName": null,
        "attendingGroups": [
          "Transport for NSW",
          "Heavy vehicle tow truck"
        ],
        "encodedPolylines": [],
        "displayName": "BREAKDOWN B-double",
        "roads": [
          {
            "conditionTendency": "",
            "crossStreet": "Sturt Highway",
            "delay": "",
            "impactedLanes": [
              {
                "affectedDirection": "Northbound",
                "closedLanes": "1",
                "description": "Lane 1",
                "extent": "Lanes closed",
                "numberOfLanes": "3",
                "roadType": ""
              }
            ],
            "locationQualifier": "at",
            "mainStreet": "Hume Highway",
            "quadrant": "",
            "queueLength": 0,
            "region": "Riverina",
            "secondLocation": "",
            "suburb": "Tarcutta",
            "trafficVolume": ""
          }
        ],
        "isLocalRoad": "State road",
        "CategoryIcon": "Breakdown"
      }
    },
    {
      "type": "Feature",
      "id": 290397,
      "geometry": {
        "type": "Point",
        "coordinates": [
          151.718342,
          -32.962053
        ],
        "collections": []
      },
      "properties": {
        "webLinks": [],
        "headline": "",
        "periods": [],
        "speedLimit": -1,
        "weblinkUrl": null,
        "expectedDelay": -1,
        "ended": true,
        "isNewIncident": false,
        "publicTransport": "",
        "impactingNetwork": true,
        "subCategoryB": null,
        "arrangementAttachments": [],
        "isInitialReport": false,
        "created": 1791486092000,
        "isMajor": false,
        "name": null,
        "subCategoryA": "null",
        "adviceA": "Reduce your speed",
        "adviceB": "Exercise caution",
        "adviceC": " ",
        "incidentKind": "Unplanned",
        "mainCategory": "TRAFFIC LIGHTS FLASHING YELLOW",
        "lastUpdated": 1791495859850,
        "otherAdvice": "",
        "arrangementElements": [],
        "diversions": "",
        "additionalInfo": [],
        "weblinkName": null,
        "attendingGroups": [
          "Transport for NSW"
        ],
        "encodedPolylines": [],
        "displayName": "TRAFFIC LIGHTS FLASHING YELLOW",
        "roads": [
          {
            "conditionTendency": "",
            "crossStreet": "Fernleigh Track",
            "delay": "",
            "impactedLanes": [
              {
                "affectedDirection": "All directions",
                "closedLanes": "",
                "description": "",
                "extent": "Affected",
                "numberOfLanes": "",
                "roadType": ""
              }
            ],
            "locationQualifier": "at",
            "mainStreet": "Burwood Road",
            "quadrant": "",
            "queueLength": 0,
            "region": "Hunter",
            "secondLocation": "",
            "suburb": "Kahibah",
            "trafficVolume": ""
          }
        ],
        "isLocalRoad": "State road",
        "CategoryIcon": "TrafficSignals"
      }
    },
    {
      "type": "Feature",
      "id": 290408,
      "geometry": {
        "type": "Point",
        "coordinates": [
          150.962648,
          -33.817588
        ],
        "collections": []
      },
      "properties": {
        "webLinks": [],
        "headline": "",
        "periods": [],
        "speedLimit": -1,
        "weblinkUrl": null,
        "expectedDelay": -1,
        "ended": true,
        "isNewIncident": false,
        "publicTransport": "",
        "impactingNetwork": true,
        "subCategoryB": null,
        "arrangementAttachments": [],
        "isInitialReport": false,
        "created": 1791495928000,
        "isMajor": false,
        "name": null,
        "subCategoryA": "null",
        "adviceA": "Reduce your speed",
        "adviceB": "Exercise caution",
        "adviceC": " ",
        "incidentKind": "Unplanned",
        "mainCategory": "CRASH",
        "lastUpdated": 1791496250785,
        "otherAdvice": "",
        "arrangementElements": [],
        "diversions": "",
        "additionalInfo": [],
        "weblinkName": null,
        "attendingGroups": [
          "Emergency services",
          "Transport for NSW"
        ],
        "encodedPolylines": [],
        "displayName": "CRASH Truck, Car",
        "roads": [
          {
            "conditionTendency": "",
            "crossStreet": "Old Prospect Road",
            "delay": "",
            "impactedLanes": [
              {
                "affectedDirection": "Southbound",
                "closedLanes": "1",
                "description": "Lane 2",
                "extent": "Lanes closed",
                "numberOfLanes": "3",
                "roadType": ""
              }
            ],
            "locationQualifier": "at",
            "mainStreet": "Cumberland Highway",
            "quadrant": "",
            "queueLength": 0,
            "region": "Sydney",
            "secondLocation": "",
            "suburb": "South Wentworthville",
            "trafficVolume": ""
          }
        ],
        "isLocalRoad": "State road",
        "CategoryIcon": "Crash"
      }
    },
    {
      "type": "Feature",
      "id": 290409,
      "geometry": {
        "type": "Point",
        "coordinates": [
          150.7897922,
          -33.7878403
        ],
        "collections": []
      },
      "properties": {
        "webLinks": [],
        "headline": "",
        "periods": [],
        "speedLimit": -1,
        "weblinkUrl": null,
        "expectedDelay": -1,
        "ended": true,
        "isNewIncident": false,
        "publicTransport": "",
        "impactingNetwork": true,
        "subCategoryB": null,
        "arrangementAttachments": [],
        "isInitialReport": false,
        "created": 1791496127000,
        "isMajor": false,
        "name": null,
        "subCategoryA": "Car",
        "adviceA": "Prepare to merge",
        "adviceB": "Exercise caution",
        "adviceC": " ",
        "incidentKind": "Unplanned",
        "mainCategory": "BREAKDOWN",
        "lastUpdated": 1791496680944,
        "otherAdvice": "",
        "arrangementElements": [],
        "diversions": "",
        "additionalInfo": [],
        "weblinkName": null,
        "attendingGroups": [
          "Transport for NSW"
        ],
        "encodedPolylines": [],
        "displayName": "BREAKDOWN Car",
        "roads": [
          {
            "conditionTendency": "",
            "crossStreet": "Bennett Road",
            "delay": "",
            "impactedLanes": [
              {
                "affectedDirection": "Westbound",
                "closedLanes": "1",
                "description": "Breakdown lane",
                "extent": "Lanes closed",
                "numberOfLanes": "",
                "roadType": ""
              }
            ],
            "locationQualifier": "at",
            "mainStreet": "M4 Motorway",
            "quadrant": "",
            "queueLength": 0,
            "region": "Sydney",
            "secondLocation": "",
            "suburb": "Colyton",
            "trafficVolume": ""
          }
        ],
        "isLocalRoad": "State road",
        "CategoryIcon": "Breakdown"
      }
    },
    {
      "type": "Feature",
      "id": 290412,
      "geometry": {
        "type": "Point",
        "coordinates": [
          151.0872908,
          -33.8630998
        ],
        "collections": []
      },
      "properties": {
        "webLinks": [],
        "headline": "",
        "periods": [],
        "speedLimit": 40,
        "weblinkUrl": null,
        "expectedDelay": -1,
        "ended": true,
        "isNewIncident": false,
        "publicTransport": "",
        "impactingNetwork": true,
        "subCategoryB": null,
        "arrangementAttachments": [],
        "isInitialReport": false,
        "created": 1791497272000,
        "isMajor": false,
        "name": null,
        "subCategoryA": "Car",
        "adviceA": "Prepare to merge",
        "adviceB": "Reduced speed limit",
        "adviceC": " ",
        "incidentKind": "Unplanned",
        "mainCategory": "BREAKDOWN",
        "lastUpdated": 1791497619236,
        "otherAdvice": "",
        "arrangementElements": [],
        "diversions": "",
        "additionalInfo": [],
        "weblinkName": null,
        "attendingGroups": [
          "Motorway Crew"
        ],
        "encodedPolylines": [],
        "displayName": "BREAKDOWN Car",
        "roads": [
          {
            "conditionTendency": "",
            "crossStreet": "",
            "delay": "",
            "impactedLanes": [
              {
                "affectedDirection": "Eastbound",
                "closedLanes": "1",
                "description": "Lane 1",
                "extent": "Lanes closed",
                "numberOfLanes": "3",
                "roadType": ""
              }
            ],
            "locationQualifier": "-",
            "mainStreet": "M4 Motorway tunnel",
            "quadrant": "",
            "queueLength": 0,
            "region": "Sydney",
            "secondLocation": "",
            "suburb": "North Strathfield",
            "trafficVolume": ""
          }
        ],
        "isLocalRoad": "State road",
        "CategoryIcon": "Breakdown"
      }
    },
    {
      "type": "Feature",
      "id": 290410,
      "geometry": {
        "type": "Point",
        "coordinates": [
          151.285581,
          -33.709275
        ],
        "collections": []
      },
      "properties": {
        "webLinks": [],
        "headline": "",
        "periods": [],
        "speedLimit": -1,
        "weblinkUrl": null,
        "expectedDelay": -1,
        "ended": true,
        "isNewIncident": false,
        "publicTransport": "",
        "impactingNetwork": true,
        "subCategoryB": null,
        "arrangementAttachments": [],
        "isInitialReport": false,
        "created": 1791496418000,
        "isMajor": false,
        "name": null,
        "subCategoryA": "Car, Pedestrian",
        "adviceA": "Plan your journey",
        "adviceB": "Allow extra travel time",
        "adviceC": "Use an alternative route",
        "incidentKind": "Unplanned",
        "mainCategory": "CRASH",
        "lastUpdated": 1791498378974,
        "otherAdvice": "",
        "arrangementElements": [],
        "diversions": "",
        "additionalInfo": [],
        "weblinkName": null,
        "attendingGroups": [
          "Emergency services",
          "Transport for NSW"
        ],
        "encodedPolylines": [],
        "displayName": "CRASH Car, Pedestrian",
        "roads": [
          {
            "conditionTendency": "",
            "crossStreet": "Mirrool Street",
            "delay": "",
            "impactedLanes": [
              {
                "affectedDirection": "Both directions",
                "closedLanes": "",
                "description": "",
                "extent": "Affected",
                "numberOfLanes": "",
                "roadType": ""
              }
            ],
            "locationQualifier": "at",
            "mainStreet": "Wakehurst Parkway",
            "quadrant": "",
            "queueLength": 0,
            "region": "Sydney",
            "secondLocation": "",
            "suburb": "Narrabeen",
            "trafficVolume": "Moderate"
          }
        ],
        "isLocalRoad": "State road",
        "CategoryIcon": "Crash"
      }
    },
    {
      "type": "Feature",
      "id": 290416,
      "geometry": {
        "type": "Point",
        "coordinates": [
          150.113892,
          -33.439695
        ],
        "collections": []
      },
      "properties": {
        "webLinks": [],
        "headline": "",
        "periods": [],
        "speedLimit": -1,
        "weblinkUrl": null,
        "expectedDelay": -1,
        "ended": true,
        "isNewIncident": false,
        "publicTransport": "",
        "impactingNetwork": true,
        "subCategoryB": null,
        "arrangementAttachments": [],
        "isInitialReport": false,
        "created": 1791498203000,
        "isMajor": false,
        "name": null,
        "subCategoryA": "null",
        "adviceA": "Reduce your speed",
        "adviceB": "Exercise caution",
        "adviceC": " ",
        "incidentKind": "Unplanned",
        "mainCategory": "CRASH",
        "lastUpdated": 1791498567762,
        "otherAdvice": "",
        "arrangementElements": [],
        "diversions": "",
        "additionalInfo": [],
        "weblinkName": null,
        "attendingGroups": [
          "Transport for NSW"
        ],
        "encodedPolylines": [],
        "displayName": "CRASH Car",
        "roads": [
          {
            "conditionTendency": "",
            "crossStreet": "Reserve Road",
            "delay": "",
            "impactedLanes": [
              {
                "affectedDirection": "Both directions",
                "closedLanes": "",
                "description": "",
                "extent": "Affected",
                "numberOfLanes": "",
                "roadType": ""
              }
            ],
            "locationQualifier": "at",
            "mainStreet": "Great Western Highway",
            "quadrant": "",
            "queueLength": 0,
            "region": "Blue Mountains",
            "secondLocation": "",
            "suburb": "Marrangaroo",
            "trafficVolume": ""
          }
        ],
        "isLocalRoad": "State road",
        "CategoryIcon": "Crash"
      }
    },
    {
      "type": "Feature",
      "id": 290415,
      "geometry": {
        "type": "Point",
        "coordinates": [
          150.9821051,
          -33.8192935
        ],
        "collections": []
      },
      "properties": {
        "webLinks": [],
        "headline": "",
        "periods": [],
        "speedLimit": -1,
        "weblinkUrl": null,
        "expectedDelay": -1,
        "ended": true,
        "isNewIncident": false,
        "publicTransport": "",
        "impactingNetwork": true,
        "subCategoryB": null,
        "arrangementAttachments": [],
        "isInitialReport": false,
        "created": 1791498138000,
        "isMajor": false,
        "name": null,
        "subCategoryA": "Car",
        "adviceA": "Reduce your speed",
        "adviceB": "Exercise caution",
        "adviceC": " ",
        "incidentKind": "Unplanned",
        "mainCategory": "BREAKDOWN",
        "lastUpdated": 1791498669667,
        "otherAdvice": "",
        "arrangementElements": [],
        "diversions": "",
        "additionalInfo": [],
        "weblinkName": null,
        "attendingGroups": [
          "Transport for NSW"
        ],
        "encodedPolylines": [],
        "displayName": "BREAKDOWN Car",
        "roads": [
          {
            "conditionTendency": "",
            "crossStreet": "Coleman Street",
            "delay": "",
            "impactedLanes": [
              {
                "affectedDirection": "Westbound",
                "closedLanes": "1",
                "description": "Lane 1",
                "extent": "Lanes closed",
                "numberOfLanes": "3",
                "roadType": ""
              }
            ],
            "locationQualifier": "at",
            "mainStreet": "M4 Motorway",
            "quadrant": "",
            "queueLength": 0,
            "region": "Sydney",
            "secondLocation": "",
            "suburb": "Wentworthville",
            "trafficVolume": ""
          }
        ],
        "isLocalRoad": "State road",
        "CategoryIcon": "Breakdown"
      }
    },
    {
      "type": "Feature",
      "id": 290406,
      "geometry": {
        "type": "Point",
        "coordinates": [
          151.124484,
          -33.927376
        ],
        "collections": []
      },
      "properties": {
        "webLinks": [],
        "headline": "",
        "periods": [],
        "speedLimit": -1,
        "weblinkUrl": null,
        "expectedDelay": -1,
        "ended": true,
        "isNewIncident": false,
        "publicTransport": "",
        "impactingNetwork": true,
        "subCategoryB": null,
        "arrangementAttachments": [],
        "isInitialReport": false,
        "created": 1791493343000,
        "isMajor": false,
        "name": null,
        "subCategoryA": "null",
        "adviceA": "Reduce your speed",
        "adviceB": "Exercise caution",
        "adviceC": " ",
        "incidentKind": "Unplanned",
        "mainCategory": "TRAFFIC LIGHTS FLASHING YELLOW",
        "lastUpdated": 1791498726713,
        "otherAdvice": "",
        "arrangementElements": [],
        "diversions": "",
        "additionalInfo": [],
        "weblinkName": null,
        "attendingGroups": [
          "Utility Company"
        ],
        "encodedPolylines": [],
        "displayName": "TRAFFIC LIGHTS FLASHING YELLOW",
        "roads": [
          {
            "conditionTendency": "",
            "crossStreet": "William Street",
            "delay": "",
            "impactedLanes": [
              {
                "affectedDirection": "All directions",
                "closedLanes": "",
                "description": "",
                "extent": "Affected",
                "numberOfLanes": "",
                "roadType": ""
              }
            ],
            "locationQualifier": "at",
            "mainStreet": "Homer Street",
            "quadrant": "",
            "queueLength": 0,
            "region": "Sydney",
            "secondLocation": "",
            "suburb": "Earlwood",
            "trafficVolume": ""
          }
        ],
        "isLocalRoad": "State road",
        "CategoryIcon": "TrafficSignals"
      }
    },
    {
      "type": "Feature",
      "id": 290402,
      "geometry": {
        "type": "Point",
        "coordinates": [
          151.094075,
          -33.864434
        ],
        "collections": []
      },
      "properties": {
        "webLinks": [],
        "headline": "",
        "periods": [],
        "speedLimit": -1,
        "weblinkUrl": null,
        "expectedDelay": -1,
        "ended": true,
        "isNewIncident": false,
        "publicTransport": "",
        "impactingNetwork": true,
        "subCategoryB": null,
        "arrangementAttachments": [],
        "isInitialReport": false,
        "created": 1791490179000,
        "isMajor": false,
        "name": null,
        "subCategoryA": "null",
        "adviceA": "Reduce your speed",
        "adviceB": "Exercise caution",
        "adviceC": " ",
        "incidentKind": "Unplanned",
        "mainCategory": "TRAFFIC LIGHTS FLASHING YELLOW",
        "lastUpdated": 1791499250600,
        "otherAdvice": "",
        "arrangementElements": [],
        "diversions": "",
        "additionalInfo": [],
        "weblinkName": null,
        "attendingGroups": [
          "Transport for NSW"
        ],
        "encodedPolylines": [],
        "displayName": "TRAFFIC LIGHTS FLASHING YELLOW",
        "roads": [
          {
            "conditionTendency": "",
            "crossStreet": "Sydney Street",
            "delay": "",
            "impactedLanes": [
              {
                "affectedDirection": "All directions",
                "closedLanes": "",
                "description": "",
                "extent": "Affected",
                "numberOfLanes": "",
                "roadType": ""
              }
            ],
            "locationQualifier": "at",
            "mainStreet": "Concord Road",
            "quadrant": "",
            "queueLength": 0,
            "region": "Sydney",
            "secondLocation": "",
            "suburb": "North Strathfield",
            "trafficVolume": ""
          }
        ],
        "isLocalRoad": "State road",
        "CategoryIcon": "TrafficSignals"
      }
    },
    {
      "type": "Feature",
      "id": 290418,
      "geometry": {
        "type": "Point",
        "coordinates": [
          151.115631,
          -33.7971026
        ],
        "collections": []
      },
      "properties": {
        "webLinks": [],
        "headline": "",
        "periods": [],
        "speedLimit": -1,
        "weblinkUrl": null,
        "expectedDelay": -1,
        "ended": true,
        "isNewIncident": false,
        "publicTransport": "",
        "impactingNetwork": true,
        "subCategoryB": null,
        "arrangementAttachments": [],
        "isInitialReport": false,
        "created": 1791498667000,
        "isMajor": false,
        "name": null,
        "subCategoryA": "Truck",
        "adviceA": "Prepare to merge",
        "adviceB": "Reduce your speed",
        "adviceC": " ",
        "incidentKind": "Unplanned",
        "mainCategory": "BREAKDOWN",
        "lastUpdated": 1791499361803,
        "otherAdvice": "",
        "arrangementElements": [],
        "diversions": "",
        "additionalInfo": [],
        "weblinkName": null,
        "attendingGroups": [
          "Transport for NSW"
        ],
        "encodedPolylines": [],
        "displayName": "BREAKDOWN Truck",
        "roads": [
          {
            "conditionTendency": "",
            "crossStreet": "Twin Road",
            "delay": "",
            "impactedLanes": [
              {
                "affectedDirection": "Southbound",
                "closedLanes": "1",
                "description": "Lane 1",
                "extent": "Lanes closed",
                "numberOfLanes": "3",
                "roadType": ""
              }
            ],
            "locationQualifier": "approaching",
            "mainStreet": "Lane Cove Road",
            "quadrant": "",
            "queueLength": 0,
            "region": "Sydney",
            "secondLocation": "",
            "suburb": "North Ryde",
            "trafficVolume": ""
          }
        ],
        "isLocalRoad": "State road",
        "CategoryIcon": "Breakdown"
      }
    },
    {
      "type": "Feature",
      "id": 290427,
      "geometry": {
        "type": "Point",
        "coordinates": [
          150.2545039,
          -34.5656932
        ],
        "collections": []
      },
      "properties": {
        "webLinks": [],
        "headline": "",
        "periods": [],
        "speedLimit": -1,
        "weblinkUrl": null,
        "expectedDelay": -1,
        "ended": true,
        "isNewIncident": false,
        "publicTransport": "",
        "impactingNetwork": true,
        "subCategoryB": null,
        "arrangementAttachments": [],
        "isInitialReport": false,
        "created": 1791500451000,
        "isMajor": false,
        "name": null,
        "subCategoryA": "null",
        "adviceA": "Prepare to merge",
        "adviceB": "Exercise caution",
        "adviceC": " ",
        "incidentKind": "Unplanned",
        "mainCategory": "CRASH",
        "lastUpdated": 1791500867082,
        "otherAdvice": "",
        "arrangementElements": [],
        "diversions": "",
        "additionalInfo": [],
        "weblinkName": null,
        "attendingGroups": [
          "Emergency services"
        ],
        "encodedPolylines": [],
        "displayName": "CRASH Car",
        "roads": [
          {
            "conditionTendency": "",
            "crossStreet": "Illawarra Highway",
            "delay": "",
            "impactedLanes": [
              {
                "affectedDirection": "Northbound",
                "closedLanes": "1",
                "description": "Lane 2",
                "extent": "Lanes closed",
                "numberOfLanes": "2",
                "roadType": ""
              }
            ],
            "locationQualifier": "just past",
            "mainStreet": "Hume Highway",
            "quadrant": "",
            "queueLength": 0,
            "region": "Southern Highlands",
            "secondLocation": "",
            "suburb": "Sutton Forest",
            "trafficVolume": ""
          }
        ],
        "isLocalRoad": "State road",
        "CategoryIcon": "Crash"
      }
    },
    {
      "type": "Feature",
      "id": 290422,
      "geometry": {
        "type": "Point",
        "coordinates": [
          151.0107306,
          -34.0802603
        ],
        "collections": []
      },
      "properties": {
        "webLinks": [],
        "headline": "",
        "periods": [],
        "speedLimit": -1,
        "weblinkUrl": null,
        "expectedDelay": -1,
        "ended": true,
        "isNewIncident": false,
        "publicTransport": "",
        "impactingNetwork": true,
        "subCategoryB": null,
        "arrangementAttachments": [],
        "isInitialReport": false,
        "created": 1791500055000,
        "isMajor": false,
        "name": null,
        "subCategoryA": "Car",
        "adviceA": "Reduce your speed",
        "adviceB": "Exercise caution",
        "adviceC": " ",
        "incidentKind": "Unplanned",
        "mainCategory": "BREAKDOWN",
        "lastUpdated": 1791500867241,
        "otherAdvice": "",
        "arrangementElements": [],
        "diversions": "",
        "additionalInfo": [],
        "weblinkName": null,
        "attendingGroups": [
          "Emergency services"
        ],
        "encodedPolylines": [],
        "displayName": "BREAKDOWN Car",
        "roads": [
          {
            "conditionTendency": "",
            "crossStreet": "Heathcote Road",
            "delay": "",
            "impactedLanes": [
              {
                "affectedDirection": "Northbound",
                "closedLanes": "1",
                "description": "Lane 3",
                "extent": "Lanes closed",
                "numberOfLanes": "3",
                "roadType": ""
              }
            ],
            "locationQualifier": "approaching",
            "mainStreet": "Princes Highway",
            "quadrant": "",
            "queueLength": 0,
            "region": "Sydney",
            "secondLocation": "",
            "suburb": "Heathcote",
            "trafficVolume": ""
          }
        ],
        "isLocalRoad": "State road",
        "CategoryIcon": "Breakdown"
      }
    },
    {
      "type": "Feature",
      "id": 290425,
      "geometry": {
        "type": "Point",
        "coordinates": [
          150.6399971,
          -33.7673938
        ],
        "collections": []
      },
      "properties": {
        "webLinks": [],
        "headline": "",
        "periods": [],
        "speedLimit": -1,
        "weblinkUrl": null,
        "expectedDelay": -1,
        "ended": true,
        "isNewIncident": false,
        "publicTransport": "",
        "impactingNetwork": true,
        "subCategoryB": null,
        "arrangementAttachments": [],
        "isInitialReport": false,
        "created": 1791500267000,
        "isMajor": false,
        "name": null,
        "subCategoryA": "null",
        "adviceA": "Reduce your speed",
        "adviceB": "Exercise caution",
        "adviceC": " ",
        "incidentKind": "Unplanned",
        "mainCategory": "CRASH",
        "lastUpdated": 1791501256128,
        "otherAdvice": "",
        "arrangementElements": [],
        "diversions": "",
        "additionalInfo": [],
        "weblinkName": null,
        "attendingGroups": [
          "Transport for NSW"
        ],
        "encodedPolylines": [],
        "displayName": "CRASH Car",
        "roads": [
          {
            "conditionTendency": "",
            "crossStreet": "Governors Drive",
            "delay": "",
            "impactedLanes": [
              {
                "affectedDirection": "Westbound",
                "closedLanes": "",
                "description": "",
                "extent": "Affected",
                "numberOfLanes": "",
                "roadType": ""
              }
            ],
            "locationQualifier": "at",
            "mainStreet": "M4 Motorway",
            "quadrant": "",
            "queueLength": 0,
            "region": "Blue Mountains",
            "secondLocation": "",
            "suburb": "Lapstone",
            "trafficVolume": ""
          }
        ],
        "isLocalRoad": "State road",
        "CategoryIcon": "Crash"
      }
    },
    {
      "type": "Feature",
      "id": 290424,
      "geometry": {
        "type": "Point",
        "coordinates": [
          150.7049739,
          -33.7850554
        ],
        "collections": []
      },
      "properties": {
        "webLinks": [],
        "headline": "",
        "periods": [],
        "speedLimit": -1,
        "weblinkUrl": null,
        "expectedDelay": -1,
        "ended": true,
        "isNewIncident": false,
        "publicTransport": "",
        "impactingNetwork": true,
        "subCategoryB": null,
        "arrangementAttachments": [],
        "isInitialReport": false,
        "created": 1791500209000,
        "isMajor": false,
        "name": null,
        "subCategoryA": "Car",
        "adviceA": "Prepare to merge",
        "adviceB": "Exercise caution",
        "adviceC": " ",
        "incidentKind": "Unplanned",
        "mainCategory": "BREAKDOWN",
        "lastUpdated": 1791501643602,
        "otherAdvice": "",
        "arrangementElements": [],
        "diversions": "",
        "additionalInfo": [],
        "weblinkName": null,
        "attendingGroups": [
          "Transport for NSW"
        ],
        "encodedPolylines": [],
        "displayName": "BREAKDOWN Car",
        "roads": [
          {
            "conditionTendency": "",
            "crossStreet": "M4 Motorway",
            "delay": "",
            "impactedLanes": [
              {
                "affectedDirection": "Southbound",
                "closedLanes": "1",
                "description": "Lane 3",
                "extent": "Lanes closed",
                "numberOfLanes": "6",
                "roadType": ""
              }
            ],
            "locationQualifier": "approaching",
            "mainStreet": "The Northern Road",
            "quadrant": "",
            "queueLength": 0,
            "region": "Sydney",
            "secondLocation": "",
            "suburb": "Orchard Hills",
            "trafficVolume": ""
          }
        ],
        "isLocalRoad": "State road",
        "CategoryIcon": "Breakdown"
      }
    },
    {
      "type": "Feature",
      "id": 290426,
      "geometry": {
        "type": "Point",
        "coordinates": [
          151.2265402,
          -33.9194828
        ],
        "collections": []
      },
      "properties": {
        "webLinks": [],
        "headline": "",
        "periods": [],
        "speedLimit": -1,
        "weblinkUrl": null,
        "expectedDelay": -1,
        "ended": true,
        "isNewIncident": false,
        "publicTransport": "",
        "impactingNetwork": true,
        "subCategoryB": null,
        "arrangementAttachments": [],
        "isInitialReport": false,
        "created": 1791500435000,
        "isMajor": false,
        "name": null,
        "subCategoryA": "Bus, Bicycle",
        "adviceA": "Reduce your speed",
        "adviceB": "Prepare to merge",
        "adviceC": " ",
        "incidentKind": "Unplanned",
        "mainCategory": "CRASH",
        "lastUpdated": 1791502300279,
        "otherAdvice": "",
        "arrangementElements": [],
        "diversions": "",
        "additionalInfo": [],
        "weblinkName": null,
        "attendingGroups": [
          "Emergency services",
          "Transport for NSW"
        ],
        "encodedPolylines": [],
        "displayName": "CRASH Bus, Bicycle",
        "roads": [
          {
            "conditionTendency": "",
            "crossStreet": "Barker Street",
            "delay": "",
            "impactedLanes": [
              {
                "affectedDirection": "Southbound",
                "closedLanes": "1",
                "description": "Lane 1",
                "extent": "Lanes closed",
                "numberOfLanes": "2",
                "roadType": ""
              }
            ],
            "locationQualifier": "at",
            "mainStreet": "Anzac Parade",
            "quadrant": "",
            "queueLength": 0,
            "region": "Sydney",
            "secondLocation": "",
            "suburb": "Kensington",
            "trafficVolume": ""
          }
        ],
        "isLocalRoad": "State road",
        "CategoryIcon": "Crash"
      }
    },
    {
      "type": "Feature",
      "id": 290417,
      "geometry": {
        "type": "Point",
        "coordinates": [
          150.992982,
          -33.760923
        ],
        "collections": []
      },
      "properties": {
        "webLinks": [],
        "headline": "",
        "periods": [],
        "speedLimit": -1,
        "weblinkUrl": null,
        "expectedDelay": -1,
        "ended": true,
        "isNewIncident": false,
        "publicTransport": "",
        "impactingNetwork": true,
        "subCategoryB": null,
        "arrangementAttachments": [],
        "isInitialReport": false,
        "created": 1791498242000,
        "isMajor": false,
        "name": null,
        "subCategoryA": "null",
        "adviceA": "Reduce your speed",
        "adviceB": "Exercise caution",
        "adviceC": " ",
        "incidentKind": "Unplanned",
        "mainCategory": "TRAFFIC LIGHTS FLASHING YELLOW",
        "lastUpdated": 1791503023141,
        "otherAdvice": "",
        "arrangementElements": [],
        "diversions": "",
        "additionalInfo": [],
        "weblinkName": null,
        "attendingGroups": [
          "Utility Company",
          "Transport for NSW"
        ],
        "encodedPolylines": [],
        "displayName": "TRAFFIC LIGHTS FLASHING YELLOW",
        "roads": [
          {
            "conditionTendency": "",
            "crossStreet": "Raemot Lane",
            "delay": "",
            "impactedLanes": [
              {
                "affectedDirection": "All directions",
                "closedLanes": "",
                "description": "",
                "extent": "Affected",
                "numberOfLanes": "",
                "roadType": ""
              }
            ],
            "locationQualifier": "at",
            "mainStreet": "Old Northern Road",
            "quadrant": "",
            "queueLength": 0,
            "region": "Sydney",
            "secondLocation": "",
            "suburb": "Baulkham Hills",
            "trafficVolume": ""
          }
        ],
        "isLocalRoad": "State road",
        "CategoryIcon": "TrafficSignals"
      }
    },
    {
      "type": "Feature",
      "id": 290428,
      "geometry": {
        "type": "Point",
        "coordinates": [
          150.9156349,
          -33.8041947
        ],
        "collections": []
      },
      "properties": {
        "webLinks": [],
        "headline": "",
        "periods": [],
        "speedLimit": -1,
        "weblinkUrl": null,
        "expectedDelay": -1,
        "ended": true,
        "isNewIncident": false,
        "publicTransport": "",
        "impactingNetwork": true,
        "subCategoryB": null,
        "arrangementAttachments": [],
        "isInitialReport": false,
        "created": 1791500931000,
        "isMajor": false,
        "name": null,
        "subCategoryA": "Semi-trailer",
        "adviceA": "Reduce your speed",
        "adviceB": "Prepare to merge",
        "adviceC": " ",
        "incidentKind": "Unplanned",
        "mainCategory": "BREAKDOWN",
        "lastUpdated": 1791504277342,
        "otherAdvice": "",
        "arrangementElements": [],
        "diversions": "",
        "additionalInfo": [],
        "weblinkName": null,
        "attendingGroups": [
          "Transport for NSW",
          "Heavy vehicle tow truck"
        ],
        "encodedPolylines": [],
        "displayName": "BREAKDOWN Semi-trailer",
        "roads": [
          {
            "conditionTendency": "",
            "crossStreet": "M4 Motorway",
            "delay": "",
            "impactedLanes": [
              {
                "affectedDirection": "Southbound",
                "closedLanes": "2",
                "description": "Lane 2, Lane 3",
                "extent": "Lanes closed",
                "numberOfLanes": "4",
                "roadType": ""
              }
            ],
            "locationQualifier": "at",
            "mainStreet": "Prospect Highway",
            "quadrant": "",
            "queueLength": 0,
            "region": "Sydney",
            "secondLocation": "",
            "suburb": "Prospect",
            "trafficVolume": ""
          }
        ],
        "isLocalRoad": "State road",
        "CategoryIcon": "Breakdown"
      }
    },
    {
      "type": "Feature",
      "id": 290434,
      "geometry": {
        "type": "Point",
        "coordinates": [
          151.0186711,
          -33.9384953
        ],
        "collections": []
      },
      "properties": {
        "webLinks": [],
        "headline": "",
        "periods": [],
        "speedLimit": -1,
        "weblinkUrl": null,
        "expectedDelay": -1,
        "ended": true,
        "isNewIncident": false,
        "publicTransport": "",
        "impactingNetwork": true,
        "subCategoryB": null,
        "arrangementAttachments": [],
        "isInitialReport": false,
        "created": 1791504726000,
        "isMajor": false,
        "name": null,
        "subCategoryA": "Car, Pedestrian",
        "adviceA": "Reduce your speed",
        "adviceB": "Exercise caution",
        "adviceC": " ",
        "incidentKind": "Unplanned",
        "mainCategory": "CRASH",
        "lastUpdated": 1791504893355,
        "otherAdvice": "",
        "arrangementElements": [],
        "diversions": "",
        "additionalInfo": [],
        "weblinkName": null,
        "attendingGroups": [
          "Emergency services",
          "Transport for NSW"
        ],
        "encodedPolylines": [],
        "displayName": "CRASH Car, Pedestrian",
        "roads": [
          {
            "conditionTendency": "",
            "crossStreet": "Canterbury Road",
            "delay": "",
            "impactedLanes": [
              {
                "affectedDirection": "Southbound",
                "closedLanes": "1",
                "description": "Lane 1",
                "extent": "Lanes closed",
                "numberOfLanes": "2",
                "roadType": ""
              }
            ],
            "locationQualifier": "at",
            "mainStreet": "The River Road",
            "quadrant": "",
            "queueLength": 0,
            "region": "Sydney",
            "secondLocation": "",
            "suburb": "Revesby",
            "trafficVolume": ""
          }
        ],
        "isLocalRoad": "State road",
        "CategoryIcon": "Crash"
      }
    },
    {
      "type": "Feature",
      "id": 290423,
      "geometry": {
        "type": "Point",
        "coordinates": [
          150.9916589,
          -33.7695545
        ],
        "collections": []
      },
      "properties": {
        "webLinks": [],
        "headline": "",
        "periods": [],
        "speedLimit": -1,
        "weblinkUrl": null,
        "expectedDelay": -1,
        "ended": true,
        "isNewIncident": false,
        "publicTransport": "",
        "impactingNetwork": true,
        "subCategoryB": null,
        "arrangementAttachments": [],
        "isInitialReport": false,
        "created": 1791500180000,
        "isMajor": false,
        "name": null,
        "subCategoryA": "Multiple vehicles",
        "adviceA": "Prepare to merge",
        "adviceB": "Reduce your speed",
        "adviceC": " ",
        "incidentKind": "Unplanned",
        "mainCategory": "CRASH",
        "lastUpdated": 1791506478377,
        "otherAdvice": "",
        "arrangementElements": [],
        "diversions": "",
        "additionalInfo": [],
        "weblinkName": null,
        "attendingGroups": [
          "Motorway Crew",
          "Emergency services"
        ],
        "encodedPolylines": [],
        "displayName": "CRASH Multiple vehicles",
        "roads": [
          {
            "conditionTendency": "",
            "crossStreet": "Watkins Road overpass",
            "delay": "Significant",
            "impactedLanes": [
              {
                "affectedDirection": "Westbound",
                "closedLanes": "2",
                "description": "Lane 1, Lane 2",
                "extent": "Lanes closed",
                "numberOfLanes": "3",
                "roadType": ""
              }
            ],
            "locationQualifier": "below",
            "mainStreet": "M2 Motorway",
            "quadrant": "",
            "queueLength": 0,
            "region": "Sydney",
            "secondLocation": "",
            "suburb": "Baulkham Hills",
            "trafficVolume": "Heavy"
          }
        ],
        "isLocalRoad": "State road",
        "CategoryIcon": "Crash"
      }
    },
    {
      "type": "Feature",
      "id": 290440,
      "geometry": {
        "type": "Point",
        "coordinates": [
          151.2129141,
          -33.8629692
        ],
        "collections": []
      },
      "properties": {
        "webLinks": [],
        "headline": "",
        "periods": [],
        "speedLimit": -1,
        "weblinkUrl": null,
        "expectedDelay": -1,
        "ended": true,
        "isNewIncident": false,
        "publicTransport": "",
        "impactingNetwork": true,
        "subCategoryB": null,
        "arrangementAttachments": [],
        "isInitialReport": false,
        "created": 1791506080000,
        "isMajor": false,
        "name": null,
        "subCategoryA": "2 cars",
        "adviceA": "Exercise caution",
        "adviceB": "Reduce your speed",
        "adviceC": " ",
        "incidentKind": "Unplanned",
        "mainCategory": "CRASH",
        "lastUpdated": 1791506945304,
        "otherAdvice": "",
        "arrangementElements": [],
        "diversions": "",
        "additionalInfo": [],
        "weblinkName": null,
        "attendingGroups": [
          "Transport for NSW",
          "Tow Truck"
        ],
        "encodedPolylines": [],
        "displayName": "CRASH 2 cars",
        "roads": [
          {
            "conditionTendency": "",
            "crossStreet": "Bridge Street",
            "delay": "",
            "impactedLanes": [
              {
                "affectedDirection": "Southbound",
                "closedLanes": "2",
                "description": "Lane 1, Lane 2",
                "extent": "Lanes closed",
                "numberOfLanes": "2",
                "roadType": ""
              }
            ],
            "locationQualifier": "approaching",
            "mainStreet": "Macquarie Street",
            "quadrant": "",
            "queueLength": 0,
            "region": "Sydney",
            "secondLocation": "",
            "suburb": "Sydney",
            "trafficVolume": ""
          }
        ],
        "isLocalRoad": "State road",
        "CategoryIcon": "Crash"
      }
    },
    {
      "type": "Feature",
      "id": 290432,
      "geometry": {
        "type": "Point",
        "coordinates": [
          153.1018099,
          -30.3052505
        ],
        "collections": []
      },
      "properties": {
        "webLinks": [],
        "headline": "",
        "periods": [],
        "speedLimit": -1,
        "weblinkUrl": null,
        "expectedDelay": -1,
        "ended": true,
        "isNewIncident": false,
        "publicTransport": "",
        "impactingNetwork": true,
        "subCategoryB": null,
        "arrangementAttachments": [],
        "isInitialReport": false,
        "created": 1791502928000,
        "isMajor": false,
        "name": null,
        "subCategoryA": "Bus",
        "adviceA": "Prepare to merge",
        "adviceB": "Exercise caution",
        "adviceC": " ",
        "incidentKind": "Unplanned",
        "mainCategory": "BREAKDOWN",
        "lastUpdated": 1791506991622,
        "otherAdvice": "",
        "arrangementElements": [],
        "diversions": "",
        "additionalInfo": [],
        "weblinkName": null,
        "attendingGroups": [
          "Transport for NSW",
          "Heavy vehicle tow truck"
        ],
        "encodedPolylines": [],
        "displayName": "BREAKDOWN Bus",
        "roads": [
          {
            "conditionTendency": "",
            "crossStreet": "Thompsons Road",
            "delay": "",
            "impactedLanes": [
              {
                "affectedDirection": "Northbound",
                "closedLanes": "1",
                "description": "Lane 1",
                "extent": "Lanes closed",
                "numberOfLanes": "2",
                "roadType": ""
              }
            ],
            "locationQualifier": "just past",
            "mainStreet": "Pacific Highway",
            "quadrant": "",
            "queueLength": 0,
            "region": "North Coast NSW",
            "secondLocation": "",
            "suburb": "Coffs Harbour",
            "trafficVolume": ""
          }
        ],
        "isLocalRoad": "State road",
        "CategoryIcon": "Breakdown"
      }
    },
    {
      "type": "Feature",
      "id": 290441,
      "geometry": {
        "type": "Point",
        "coordinates": [
          151.101344,
          -33.941952
        ],
        "collections": []
      },
      "properties": {
        "webLinks": [],
        "headline": "",
        "periods": [],
        "speedLimit": -1,
        "weblinkUrl": null,
        "expectedDelay": -1,
        "ended": true,
        "isNewIncident": false,
        "publicTransport": "",
        "impactingNetwork": true,
        "subCategoryB": null,
        "arrangementAttachments": [],
        "isInitialReport": false,
        "created": 1791506412000,
        "isMajor": false,
        "name": null,
        "subCategoryA": "Car, Pedestrian",
        "adviceA": "Follow directions on site",
        "adviceB": "Allow extra travel time",
        "adviceC": "Use an alternative route",
        "incidentKind": "Unplanned",
        "mainCategory": "CRASH",
        "lastUpdated": 1791507004254,
        "otherAdvice": "<p>Kingsgrove Rd is closed northbound from Morgan St.</p>",
        "arrangementElements": [],
        "diversions": "<p>Motorists are being diverted into Morgan St</p>",
        "additionalInfo": [],
        "weblinkName": null,
        "attendingGroups": [
          "Emergency services",
          "Transport for NSW"
        ],
        "encodedPolylines": [
          {
            "levels": "",
            "direction": "ONE_DIRECTION",
            "coords": "fldnEg_gy[{@J}@L"
          }
        ],
        "displayName": "CRASH Car, Pedestrian",
        "roads": [
          {
            "conditionTendency": "",
            "crossStreet": "Paterson Avenue",
            "delay": "",
            "impactedLanes": [
              {
                "affectedDirection": "Northbound",
                "closedLanes": "",
                "description": "",
                "extent": "Closed",
                "numberOfLanes": "",
                "roadType": "Road"
              }
            ],
            "locationQualifier": "at",
            "mainStreet": "Kingsgrove Road",
            "quadrant": "",
            "queueLength": 0,
            "region": "Sydney",
            "secondLocation": "",
            "suburb": "Kingsgrove",
            "trafficVolume": ""
          }
        ],
        "isLocalRoad": "State road",
        "CategoryIcon": "Crash"
      }
    },
    {
      "type": "Feature",
      "id": 290439,
      "geometry": {
        "type": "Point",
        "coordinates": [
          151.1841739,
          -33.4908071
        ],
        "collections": []
      },
      "properties": {
        "webLinks": [],
        "headline": "",
        "periods": [],
        "speedLimit": -1,
        "weblinkUrl": null,
        "expectedDelay": -1,
        "ended": true,
        "isNewIncident": false,
        "publicTransport": "",
        "impactingNetwork": true,
        "subCategoryB": null,
        "arrangementAttachments": [],
        "isInitialReport": false,
        "created": 1791505636000,
        "isMajor": false,
        "name": null,
        "subCategoryA": "Multiple vehicles",
        "adviceA": "Expect delays",
        "adviceB": " ",
        "adviceC": " ",
        "incidentKind": "Unplanned",
        "mainCategory": "CRASH",
        "lastUpdated": 1791507774098,
        "otherAdvice": "",
        "arrangementElements": [],
        "diversions": "",
        "additionalInfo": [
          "Site Cleared"
        ],
        "weblinkName": null,
        "attendingGroups": null,
        "encodedPolylines": [],
        "displayName": "CRASH Multiple vehicles",
        "roads": [
          {
            "conditionTendency": "",
            "crossStreet": "Pacific Highway underpass",
            "delay": "",
            "impactedLanes": [
              {
                "affectedDirection": "Northbound",
                "closedLanes": "",
                "description": "",
                "extent": "Affected",
                "numberOfLanes": "",
                "roadType": ""
              }
            ],
            "locationQualifier": "approaching",
            "mainStreet": "M1 Pacific Motorway",
            "quadrant": "",
            "queueLength": 0,
            "region": "Central Coast",
            "secondLocation": "",
            "suburb": "Cheero Point",
            "trafficVolume": "Heavy"
          }
        ],
        "isLocalRoad": "State road",
        "CategoryIcon": "Crash"
      }
    },
    {
      "type": "Feature",
      "id": 290443,
      "geometry": {
        "type": "Point",
        "coordinates": [
          151.1642015,
          -33.8744551
        ],
        "collections": []
      },
      "properties": {
        "webLinks": [],
        "headline": "",
        "periods": [],
        "speedLimit": 40,
        "weblinkUrl": null,
        "expectedDelay": -1,
        "ended": true,
        "isNewIncident": false,
        "publicTransport": "",
        "impactingNetwork": true,
        "subCategoryB": null,
        "arrangementAttachments": [],
        "isInitialReport": false,
        "created": 1791506773000,
        "isMajor": false,
        "name": null,
        "subCategoryA": "Truck",
        "adviceA": "Reduced speed limit",
        "adviceB": "Prepare to merge",
        "adviceC": " ",
        "incidentKind": "Unplanned",
        "mainCategory": "BREAKDOWN",
        "lastUpdated": 1791508025374,
        "otherAdvice": "",
        "arrangementElements": [],
        "diversions": "",
        "additionalInfo": [],
        "weblinkName": null,
        "attendingGroups": [
          "Motorway Crew"
        ],
        "encodedPolylines": [],
        "displayName": "BREAKDOWN Truck",
        "roads": [
          {
            "conditionTendency": "",
            "crossStreet": "Rozelle Interchange",
            "delay": "",
            "impactedLanes": [
              {
                "affectedDirection": "Northbound",
                "closedLanes": "1",
                "description": "Lane 1",
                "extent": "Lanes closed",
                "numberOfLanes": "3",
                "roadType": ""
              }
            ],
            "locationQualifier": "approaching",
            "mainStreet": "M8 Motorway tunnel",
            "quadrant": "",
            "queueLength": 0,
            "region": "Sydney",
            "secondLocation": "",
            "suburb": "Leichhardt",
            "trafficVolume": ""
          }
        ],
        "isLocalRoad": "State road",
        "CategoryIcon": "Breakdown"
      }
    },
    {
      "type": "Feature",
      "id": 290442,
      "geometry": {
        "type": "Point",
        "coordinates": [
          151.0698077,
          -33.8586698
        ],
        "collections": []
      },
      "properties": {
        "webLinks": [],
        "headline": "",
        "periods": [],
        "speedLimit": -1,
        "weblinkUrl": null,
        "expectedDelay": -1,
        "ended": true,
        "isNewIncident": false,
        "publicTransport": "",
        "impactingNetwork": true,
        "subCategoryB": null,
        "arrangementAttachments": [],
        "isInitialReport": false,
        "created": 1791506697000,
        "isMajor": false,
        "name": null,
        "subCategoryA": "2 cars",
        "adviceA": "Prepare to merge",
        "adviceB": "Exercise caution",
        "adviceC": " ",
        "incidentKind": "Unplanned",
        "mainCategory": "CRASH",
        "lastUpdated": 1791508071789,
        "otherAdvice": "",
        "arrangementElements": [],
        "diversions": "",
        "additionalInfo": [],
        "weblinkName": null,
        "attendingGroups": [
          "Emergency services",
          "Transport for NSW"
        ],
        "encodedPolylines": [],
        "displayName": "CRASH 2 cars",
        "roads": [
          {
            "conditionTendency": "",
            "crossStreet": "Austin Avenue",
            "delay": "",
            "impactedLanes": [
              {
                "affectedDirection": "Southbound",
                "closedLanes": "1",
                "description": "Lane 1",
                "extent": "Lanes closed",
                "numberOfLanes": "2",
                "roadType": ""
              }
            ],
            "locationQualifier": "at",
            "mainStreet": "Homebush Bay Drive",
            "quadrant": "",
            "queueLength": 0,
            "region": "Sydney",
            "secondLocation": "",
            "suburb": "Strathfield",
            "trafficVolume": ""
          }
        ],
        "isLocalRoad": "State road",
        "CategoryIcon": "Crash"
      }
    },
    {
      "type": "Feature",
      "id": 290430,
      "geometry": {
        "type": "Point",
        "coordinates": [
          151.096531,
          -33.950493
        ],
        "collections": []
      },
      "properties": {
        "webLinks": [],
        "headline": "",
        "periods": [],
        "speedLimit": -1,
        "weblinkUrl": null,
        "expectedDelay": -1,
        "ended": true,
        "isNewIncident": false,
        "publicTransport": "",
        "impactingNetwork": true,
        "subCategoryB": null,
        "arrangementAttachments": [],
        "isInitialReport": false,
        "created": 1791501219000,
        "isMajor": false,
        "name": null,
        "subCategoryA": "Semi-trailer",
        "adviceA": "Reduce your speed",
        "adviceB": "Prepare to merge",
        "adviceC": " ",
        "incidentKind": "Unplanned",
        "mainCategory": "BREAKDOWN",
        "lastUpdated": 1791509733943,
        "otherAdvice": "",
        "arrangementElements": [],
        "diversions": "",
        "additionalInfo": [],
        "weblinkName": null,
        "attendingGroups": [
          "Transport for NSW"
        ],
        "encodedPolylines": [],
        "displayName": "BREAKDOWN Semi-trailer",
        "roads": [
          {
            "conditionTendency": "",
            "crossStreet": "Monaro Avenue",
            "delay": "",
            "impactedLanes": [
              {
                "affectedDirection": "Eastbound",
                "closedLanes": "1",
                "description": "Lane 1",
                "extent": "Lanes closed",
                "numberOfLanes": "2",
                "roadType": ""
              }
            ],
            "locationQualifier": "near",
            "mainStreet": "Stoney Creek Road",
            "quadrant": "",
            "queueLength": 0,
            "region": "Sydney",
            "secondLocation": "",
            "suburb": "Beverly Hills",
            "trafficVolume": ""
          }
        ],
        "isLocalRoad": "State road",
        "CategoryIcon": "Breakdown"
      }
    },
    {
      "type": "Feature",
      "id": 290438,
      "geometry": {
        "type": "Point",
        "coordinates": [
          150.9694378,
          -33.8886708
        ],
        "collections": []
      },
      "properties": {
        "webLinks": [],
        "headline": "",
        "periods": [],
        "speedLimit": -1,
        "weblinkUrl": null,
        "expectedDelay": -1,
        "ended": true,
        "isNewIncident": false,
        "publicTransport": "",
        "impactingNetwork": true,
        "subCategoryB": null,
        "arrangementAttachments": [],
        "isInitialReport": false,
        "created": 1791505424000,
        "isMajor": false,
        "name": null,
        "subCategoryA": "Truck",
        "adviceA": "Prepare to merge",
        "adviceB": "Exercise caution",
        "adviceC": " ",
        "incidentKind": "Unplanned",
        "mainCategory": "BREAKDOWN",
        "lastUpdated": 1791509830590,
        "otherAdvice": "",
        "arrangementElements": [],
        "diversions": "",
        "additionalInfo": [],
        "weblinkName": null,
        "attendingGroups": [
          "Transport for NSW"
        ],
        "encodedPolylines": [],
        "displayName": "BREAKDOWN Truck",
        "roads": [
          {
            "conditionTendency": "",
            "crossStreet": "The Horsley Drive",
            "delay": "",
            "impactedLanes": [
              {
                "affectedDirection": "Eastbound",
                "closedLanes": "1",
                "description": "Lane 1",
                "extent": "Lanes closed",
                "numberOfLanes": "3",
                "roadType": ""
              }
            ],
            "locationQualifier": "at",
            "mainStreet": "Hume Highway",
            "quadrant": "",
            "queueLength": 0,
            "region": "Sydney",
            "secondLocation": "",
            "suburb": "Villawood",
            "trafficVolume": ""
          }
        ],
        "isLocalRoad": "State road",
        "CategoryIcon": "Breakdown"
      }
    },
    {
      "type": "Feature",
      "id": 290436,
      "geometry": {
        "type": "Point",
        "coordinates": [
          151.194352,
          -33.930641
        ],
        "collections": []
      },
      "properties": {
        "webLinks": [],
        "headline": "",
        "periods": [],
        "speedLimit": -1,
        "weblinkUrl": null,
        "expectedDelay": -1,
        "ended": true,
        "isNewIncident": false,
        "publicTransport": "",
        "impactingNetwork": true,
        "subCategoryB": null,
        "arrangementAttachments": [],
        "isInitialReport": false,
        "created": 1791505243000,
        "isMajor": false,
        "name": null,
        "subCategoryA": "null",
        "adviceA": "Reduce your speed",
        "adviceB": "Exercise caution",
        "adviceC": " ",
        "incidentKind": "Unplanned",
        "mainCategory": "TRAFFIC LIGHTS FLASHING YELLOW",
        "lastUpdated": 1791510078005,
        "otherAdvice": "",
        "arrangementElements": [],
        "diversions": "",
        "additionalInfo": [],
        "weblinkName": null,
        "attendingGroups": [
          "Utility Company"
        ],
        "encodedPolylines": [],
        "displayName": "TRAFFIC LIGHTS FLASHING YELLOW",
        "roads": [
          {
            "conditionTendency": "",
            "crossStreet": "High Street",
            "delay": "",
            "impactedLanes": [
              {
                "affectedDirection": "All directions",
                "closedLanes": "",
                "description": "",
                "extent": "Affected",
                "numberOfLanes": "",
                "roadType": ""
              }
            ],
            "locationQualifier": "at",
            "mainStreet": "Botany Road",
            "quadrant": "",
            "queueLength": 0,
            "region": "Sydney",
            "secondLocation": "",
            "suburb": "Mascot",
            "trafficVolume": ""
          }
        ],
        "isLocalRoad": "State road",
        "CategoryIcon": "TrafficSignals"
      }
    },
    {
      "type": "Feature",
      "id": 290448,
      "geometry": {
        "type": "Point",
        "coordinates": [
          151.1945755,
          -33.8737367
        ],
        "collections": []
      },
      "properties": {
        "webLinks": [],
        "headline": "",
        "periods": [],
        "speedLimit": -1,
        "weblinkUrl": null,
        "expectedDelay": -1,
        "ended": true,
        "isNewIncident": false,
        "publicTransport": "",
        "impactingNetwork": true,
        "subCategoryB": null,
        "arrangementAttachments": [],
        "isInitialReport": false,
        "created": 1791511383000,
        "isMajor": false,
        "name": null,
        "subCategoryA": "2 cars",
        "adviceA": "Reduce your speed",
        "adviceB": "Prepare to merge",
        "adviceC": " ",
        "incidentKind": "Unplanned",
        "mainCategory": "CRASH",
        "lastUpdated": 1791511413466,
        "otherAdvice": "",
        "arrangementElements": [],
        "diversions": "",
        "additionalInfo": [],
        "weblinkName": null,
        "attendingGroups": [
          "Transport for NSW",
          "Tow Truck"
        ],
        "encodedPolylines": [],
        "displayName": "CRASH 2 cars",
        "roads": [
          {
            "conditionTendency": "",
            "crossStreet": "Pyrmont Bridge Road",
            "delay": "",
            "impactedLanes": [
              {
                "affectedDirection": "Westbound",
                "closedLanes": "1",
                "description": "Lane 1",
                "extent": "Lanes closed",
                "numberOfLanes": "3",
                "roadType": ""
              }
            ],
            "locationQualifier": "approaching",
            "mainStreet": "Western Distributor",
            "quadrant": "",
            "queueLength": 0,
            "region": "Sydney",
            "secondLocation": "",
            "suburb": "Pyrmont",
            "trafficVolume": ""
          }
        ],
        "isLocalRoad": "State road",
        "CategoryIcon": "Crash"
      }
    },
    {
      "type": "Feature",
      "id": 290444,
      "geometry": {
        "type": "Point",
        "coordinates": [
          151.0962213,
          -34.01017
        ],
        "collections": []
      },
      "properties": {
        "webLinks": [],
        "headline": "",
        "periods": [],
        "speedLimit": -1,
        "weblinkUrl": null,
        "expectedDelay": -1,
        "ended": true,
        "isNewIncident": false,
        "publicTransport": "",
        "impactingNetwork": true,
        "subCategoryB": null,
        "arrangementAttachments": [],
        "isInitialReport": false,
        "created": 1791509114000,
        "isMajor": false,
        "name": null,
        "subCategoryA": "Truck",
        "adviceA": "Reduce your speed",
        "adviceB": "Prepare to merge",
        "adviceC": " ",
        "incidentKind": "Unplanned",
        "mainCategory": "BREAKDOWN",
        "lastUpdated": 1791511629860,
        "otherAdvice": "",
        "arrangementElements": [],
        "diversions": "",
        "additionalInfo": [],
        "weblinkName": null,
        "attendingGroups": [
          "Transport for NSW"
        ],
        "encodedPolylines": [],
        "displayName": "BREAKDOWN Truck",
        "roads": [
          {
            "conditionTendency": "",
            "crossStreet": "Birdwood Street",
            "delay": "",
            "impactedLanes": [
              {
                "affectedDirection": "Southbound",
                "closedLanes": "1",
                "description": "Lane 2",
                "extent": "Lanes closed",
                "numberOfLanes": "4",
                "roadType": ""
              }
            ],
            "locationQualifier": "at",
            "mainStreet": "Princes Highway",
            "quadrant": "",
            "queueLength": 0,
            "region": "Sydney",
            "secondLocation": "",
            "suburb": "Sylvania",
            "trafficVolume": ""
          }
        ],
        "isLocalRoad": "State road",
        "CategoryIcon": "Breakdown"
      }
    },
    {
      "type": "Feature",
      "id": 290445,
      "geometry": {
        "type": "Point",
        "coordinates": [
          151.2684215,
          -33.7678267
        ],
        "collections": []
      },
      "properties": {
        "webLinks": [],
        "headline": "",
        "periods": [],
        "speedLimit": -1,
        "weblinkUrl": null,
        "expectedDelay": -1,
        "ended": true,
        "isNewIncident": false,
        "publicTransport": "",
        "impactingNetwork": true,
        "subCategoryB": null,
        "arrangementAttachments": [],
        "isInitialReport": false,
        "created": 1791509116000,
        "isMajor": false,
        "name": null,
        "subCategoryA": "Multiple vehicles",
        "adviceA": "Reduce your speed",
        "adviceB": "Prepare to merge",
        "adviceC": " ",
        "incidentKind": "Unplanned",
        "mainCategory": "CRASH",
        "lastUpdated": 1791512813509,
        "otherAdvice": "",
        "arrangementElements": [],
        "diversions": "",
        "additionalInfo": [],
        "weblinkName": null,
        "attendingGroups": [
          "Emergency services"
        ],
        "encodedPolylines": [],
        "displayName": "CRASH Multiple vehicles",
        "roads": [
          {
            "conditionTendency": "",
            "crossStreet": "Condamine Street",
            "delay": "",
            "impactedLanes": [
              {
                "affectedDirection": "Southbound",
                "closedLanes": "1",
                "description": "Lane 1, Bus lane",
                "extent": "Lanes closed",
                "numberOfLanes": "3",
                "roadType": ""
              }
            ],
            "locationQualifier": "at",
            "mainStreet": "Pittwater Road",
            "quadrant": "",
            "queueLength": 0,
            "region": "Sydney",
            "secondLocation": "",
            "suburb": "Brookvale",
            "trafficVolume": ""
          }
        ],
        "isLocalRoad": "State road",
        "CategoryIcon": "Crash"
      }
    },
    {
      "type": "Feature",
      "id": 290449,
      "geometry": {
        "type": "Point",
        "coordinates": [
          151.216205,
          -33.8956958
        ],
        "collections": []
      },
      "properties": {
        "webLinks": [],
        "headline": "",
        "periods": [],
        "speedLimit": -1,
        "weblinkUrl": null,
        "expectedDelay": -1,
        "ended": true,
        "isNewIncident": false,
        "publicTransport": "",
        "impactingNetwork": true,
        "subCategoryB": null,
        "arrangementAttachments": [],
        "isInitialReport": false,
        "created": 1791512803000,
        "isMajor": false,
        "name": null,
        "subCategoryA": "Car, Motorcycle",
        "adviceA": "Prepare to merge",
        "adviceB": "Reduce your speed",
        "adviceC": " ",
        "incidentKind": "Unplanned",
        "mainCategory": "CRASH",
        "lastUpdated": 1791513151653,
        "otherAdvice": "",
        "arrangementElements": [],
        "diversions": "",
        "additionalInfo": [],
        "weblinkName": null,
        "attendingGroups": [
          "Emergency services"
        ],
        "encodedPolylines": [],
        "displayName": "CRASH Car, Motorcycle",
        "roads": [
          {
            "conditionTendency": "",
            "crossStreet": "Dacey Avenue`",
            "delay": "",
            "impactedLanes": [
              {
                "affectedDirection": "Southbound",
                "closedLanes": "1",
                "description": "Lane 2",
                "extent": "Lanes closed",
                "numberOfLanes": "2",
                "roadType": ""
              }
            ],
            "locationQualifier": "approaching",
            "mainStreet": "Eastern Distributor",
            "quadrant": "",
            "queueLength": 0,
            "region": "Sydney",
            "secondLocation": "",
            "suburb": "Waterloo",
            "trafficVolume": "Heavy"
          }
        ],
        "isLocalRoad": "State road",
        "CategoryIcon": "Crash"
      }
    },
    {
      "type": "Feature",
      "id": 290452,
      "geometry": {
        "type": "Point",
        "coordinates": [
          150.9278572,
          -33.8048437
        ],
        "collections": []
      },
      "properties": {
        "webLinks": [],
        "headline": "",
        "periods": [],
        "speedLimit": -1,
        "weblinkUrl": null,
        "expectedDelay": -1,
        "ended": true,
        "isNewIncident": false,
        "publicTransport": "",
        "impactingNetwork": true,
        "subCategoryB": null,
        "arrangementAttachments": [],
        "isInitialReport": false,
        "created": 1791513887000,
        "isMajor": false,
        "name": null,
        "subCategoryA": "Truck",
        "adviceA": "Prepare to merge",
        "adviceB": "Exercise caution",
        "adviceC": " ",
        "incidentKind": "Unplanned",
        "mainCategory": "BREAKDOWN",
        "lastUpdated": 1791514088067,
        "otherAdvice": "",
        "arrangementElements": [],
        "diversions": "",
        "additionalInfo": [],
        "weblinkName": null,
        "attendingGroups": [
          "Transport for NSW"
        ],
        "encodedPolylines": [],
        "displayName": "BREAKDOWN Truck",
        "roads": [
          {
            "conditionTendency": "",
            "crossStreet": "Blacktown Road",
            "delay": "",
            "impactedLanes": [
              {
                "affectedDirection": "Eastbound",
                "closedLanes": "1",
                "description": "Lane 1",
                "extent": "Lanes closed",
                "numberOfLanes": "4",
                "roadType": ""
              }
            ],
            "locationQualifier": "just past",
            "mainStreet": "Great Western Highway",
            "quadrant": "",
            "queueLength": 0,
            "region": "Sydney",
            "secondLocation": "",
            "suburb": "Toongabbie",
            "trafficVolume": ""
          }
        ],
        "isLocalRoad": "State road",
        "CategoryIcon": "Breakdown"
      }
    },
    {
      "type": "Feature",
      "id": 290453,
      "geometry": {
        "type": "Point",
        "coordinates": [
          150.8117456,
          -34.070696
        ],
        "collections": []
      },
      "properties": {
        "webLinks": [],
        "headline": "",
        "periods": [],
        "speedLimit": -1,
        "weblinkUrl": null,
        "expectedDelay": -1,
        "ended": true,
        "isNewIncident": false,
        "publicTransport": "",
        "impactingNetwork": true,
        "subCategoryB": null,
        "arrangementAttachments": [],
        "isInitialReport": false,
        "created": 1791514008000,
        "isMajor": false,
        "name": null,
        "subCategoryA": "Multiple vehicles",
        "adviceA": "Reduce your speed",
        "adviceB": "Exercise caution",
        "adviceC": " ",
        "incidentKind": "Unplanned",
        "mainCategory": "CRASH",
        "lastUpdated": 1791515543623,
        "otherAdvice": "",
        "arrangementElements": [],
        "diversions": "",
        "additionalInfo": [],
        "weblinkName": null,
        "attendingGroups": [
          "Emergency services",
          "Transport for NSW",
          "Tow Truck"
        ],
        "encodedPolylines": [],
        "displayName": "CRASH Multiple vehicles",
        "roads": [
          {
            "conditionTendency": "",
            "crossStreet": "Bradbury Avenue",
            "delay": "",
            "impactedLanes": [
              {
                "affectedDirection": "Northbound",
                "closedLanes": "",
                "description": "",
                "extent": "Affected",
                "numberOfLanes": "",
                "roadType": ""
              }
            ],
            "locationQualifier": "at",
            "mainStreet": "Moore-Oxley Bypass",
            "quadrant": "",
            "queueLength": 0,
            "region": "Sydney",
            "secondLocation": "",
            "suburb": "Campbelltown",
            "trafficVolume": ""
          }
        ],
        "isLocalRoad": "State road",
        "CategoryIcon": "Crash"
      }
    },
    {
      "type": "Feature",
      "id": 290446,
      "geometry": {
        "type": "Point",
        "coordinates": [
          151.191859,
          -33.871067
        ],
        "collections": []
      },
      "properties": {
        "webLinks": [],
        "headline": "",
        "periods": [],
        "speedLimit": -1,
        "weblinkUrl": null,
        "expectedDelay": -1,
        "ended": true,
        "isNewIncident": false,
        "publicTransport": "",
        "impactingNetwork": true,
        "subCategoryB": null,
        "arrangementAttachments": [],
        "isInitialReport": false,
        "created": 1791510894000,
        "isMajor": false,
        "name": null,
        "subCategoryA": "2 cars",
        "adviceA": "Reduce your speed",
        "adviceB": "Prepare to merge",
        "adviceC": " ",
        "incidentKind": "Unplanned",
        "mainCategory": "CRASH",
        "lastUpdated": 1791516190256,
        "otherAdvice": "",
        "arrangementElements": [],
        "diversions": "",
        "additionalInfo": [],
        "weblinkName": null,
        "attendingGroups": [
          "Tow Truck",
          "Transport for NSW"
        ],
        "encodedPolylines": [],
        "displayName": "CRASH 2 cars",
        "roads": [
          {
            "conditionTendency": "",
            "crossStreet": "Pyrmont Bridge Road",
            "delay": "",
            "impactedLanes": [
              {
                "affectedDirection": "Westbound",
                "closedLanes": "1",
                "description": "Lane 2",
                "extent": "Lanes closed",
                "numberOfLanes": "3",
                "roadType": ""
              }
            ],
            "locationQualifier": "just past",
            "mainStreet": "Western Distributor",
            "quadrant": "",
            "queueLength": 0,
            "region": "Sydney",
            "secondLocation": "",
            "suburb": "Pyrmont",
            "trafficVolume": ""
          }
        ],
        "isLocalRoad": "State road",
        "CategoryIcon": "Crash"
      }
    },
    {
      "type": "Feature",
      "id": 290457,
      "geometry": {
        "type": "Point",
        "coordinates": [
          150.9942227,
          -33.8271883
        ],
        "collections": []
      },
      "properties": {
        "webLinks": [],
        "headline": "",
        "periods": [],
        "speedLimit": -1,
        "weblinkUrl": null,
        "expectedDelay": -1,
        "ended": true,
        "isNewIncident": false,
        "publicTransport": "",
        "impactingNetwork": true,
        "subCategoryB": null,
        "arrangementAttachments": [],
        "isInitialReport": false,
        "created": 1791515931000,
        "isMajor": false,
        "name": null,
        "subCategoryA": "Car",
        "adviceA": "Prepare to merge",
        "adviceB": "Exercise caution",
        "adviceC": " ",
        "incidentKind": "Unplanned",
        "mainCategory": "BREAKDOWN",
        "lastUpdated": 1791516929469,
        "otherAdvice": "",
        "arrangementElements": [],
        "diversions": "",
        "additionalInfo": [],
        "weblinkName": null,
        "attendingGroups": [
          "Transport for NSW"
        ],
        "encodedPolylines": [],
        "displayName": "BREAKDOWN Car",
        "roads": [
          {
            "conditionTendency": "",
            "crossStreet": "Pitt Street",
            "delay": "",
            "impactedLanes": [
              {
                "affectedDirection": "Westbound",
                "closedLanes": "1",
                "description": "Lane 1",
                "extent": "Lanes closed",
                "numberOfLanes": "4",
                "roadType": ""
              }
            ],
            "locationQualifier": "at",
            "mainStreet": "M4 Motorway",
            "quadrant": "",
            "queueLength": 0,
            "region": "Sydney",
            "secondLocation": "",
            "suburb": "Holroyd",
            "trafficVolume": ""
          }
        ],
        "isLocalRoad": "State road",
        "CategoryIcon": "Breakdown"
      }
    },
    {
      "type": "Feature",
      "id": 290451,
      "geometry": {
        "type": "Point",
        "coordinates": [
          151.1179495,
          -33.7032073
        ],
        "collections": []
      },
      "properties": {
        "webLinks": [],
        "headline": "",
        "periods": [],
        "speedLimit": -1,
        "weblinkUrl": null,
        "expectedDelay": -1,
        "ended": true,
        "isNewIncident": false,
        "publicTransport": "",
        "impactingNetwork": true,
        "subCategoryB": null,
        "arrangementAttachments": [],
        "isInitialReport": false,
        "created": 1791513461000,
        "isMajor": false,
        "name": null,
        "subCategoryA": "Truck",
        "adviceA": "Prepare to merge",
        "adviceB": "Exercise caution",
        "adviceC": " ",
        "incidentKind": "Unplanned",
        "mainCategory": "BREAKDOWN",
        "lastUpdated": 1791517157984,
        "otherAdvice": "",
        "arrangementElements": [],
        "diversions": "",
        "additionalInfo": [
          "Site Cleared"
        ],
        "weblinkName": null,
        "attendingGroups": null,
        "encodedPolylines": [],
        "displayName": "BREAKDOWN Truck",
        "roads": [
          {
            "conditionTendency": "",
            "crossStreet": "Junction Road",
            "delay": "",
            "impactedLanes": [
              {
                "affectedDirection": "Northbound",
                "closedLanes": "",
                "description": "",
                "extent": "Affected",
                "numberOfLanes": "",
                "roadType": ""
              }
            ],
            "locationQualifier": "just past",
            "mainStreet": "M1 Pacific Motorway",
            "quadrant": "",
            "queueLength": 0,
            "region": "Sydney",
            "secondLocation": "",
            "suburb": "Hornsby",
            "trafficVolume": "Heavy"
          }
        ],
        "isLocalRoad": "State road",
        "CategoryIcon": "Breakdown"
      }
    },
    {
      "type": "Feature",
      "id": 290459,
      "geometry": {
        "type": "Point",
        "coordinates": [
          151.1924915,
          -33.5565206
        ],
        "collections": []
      },
      "properties": {
        "webLinks": [],
        "headline": "",
        "periods": [],
        "speedLimit": -1,
        "weblinkUrl": null,
        "expectedDelay": -1,
        "ended": true,
        "isNewIncident": false,
        "publicTransport": "",
        "impactingNetwork": true,
        "subCategoryB": null,
        "arrangementAttachments": [],
        "isInitialReport": false,
        "created": 1791516829000,
        "isMajor": false,
        "name": null,
        "subCategoryA": "Car",
        "adviceA": "Reduce your speed",
        "adviceB": "Prepare to merge",
        "adviceC": " ",
        "incidentKind": "Unplanned",
        "mainCategory": "BREAKDOWN",
        "lastUpdated": 1791517341041,
        "otherAdvice": "",
        "arrangementElements": [],
        "diversions": "",
        "additionalInfo": [],
        "weblinkName": null,
        "attendingGroups": [
          "Transport for NSW"
        ],
        "encodedPolylines": [],
        "displayName": "BREAKDOWN Car",
        "roads": [
          {
            "conditionTendency": "",
            "crossStreet": "Pacific Highway overpass",
            "delay": "",
            "impactedLanes": [
              {
                "affectedDirection": "Southbound",
                "closedLanes": "1",
                "description": "Lane 1",
                "extent": "Lanes closed",
                "numberOfLanes": "3",
                "roadType": ""
              }
            ],
            "locationQualifier": "just past",
            "mainStreet": "M1 Pacific Motorway",
            "quadrant": "",
            "queueLength": 0,
            "region": "Sydney",
            "secondLocation": "",
            "suburb": "Cowan",
            "trafficVolume": ""
          }
        ],
        "isLocalRoad": "State road",
        "CategoryIcon": "Breakdown"
      }
    },
    {
      "type": "Feature",
      "id": 290447,
      "geometry": {
        "type": "Point",
        "coordinates": [
          150.9484824,
          -33.9441183
        ],
        "collections": []
      },
      "properties": {
        "webLinks": [],
        "headline": "",
        "periods": [],
        "speedLimit": -1,
        "weblinkUrl": null,
        "expectedDelay": -1,
        "ended": true,
        "isNewIncident": false,
        "publicTransport": "",
        "impactingNetwork": true,
        "subCategoryB": null,
        "arrangementAttachments": [],
        "isInitialReport": false,
        "created": 1791511368000,
        "isMajor": false,
        "name": null,
        "subCategoryA": "Truck",
        "adviceA": "Expect delays",
        "adviceB": "Exercise caution",
        "adviceC": " ",
        "incidentKind": "Unplanned",
        "mainCategory": "BREAKDOWN",
        "lastUpdated": 1791517889322,
        "otherAdvice": "",
        "arrangementElements": [],
        "diversions": "",
        "additionalInfo": [
          "Site Cleared"
        ],
        "weblinkName": null,
        "attendingGroups": null,
        "encodedPolylines": [],
        "displayName": "BREAKDOWN Truck",
        "roads": [
          {
            "conditionTendency": "",
            "crossStreet": "Heathcote Road",
            "delay": "",
            "impactedLanes": [
              {
                "affectedDirection": "Westbound",
                "closedLanes": "",
                "description": "",
                "extent": "Affected",
                "numberOfLanes": "",
                "roadType": ""
              }
            ],
            "locationQualifier": "approaching",
            "mainStreet": "M5 Motorway",
            "quadrant": "",
            "queueLength": 0,
            "region": "Sydney",
            "secondLocation": "",
            "suburb": "Hammondville",
            "trafficVolume": "Heavy"
          }
        ],
        "isLocalRoad": "State road",
        "CategoryIcon": "Breakdown"
      }
    },
    {
      "type": "Feature",
      "id": 290461,
      "geometry": {
        "type": "Point",
        "coordinates": [
          150.7850962,
          -34.0622763
        ],
        "collections": []
      },
      "properties": {
        "webLinks": [],
        "headline": "",
        "periods": [],
        "speedLimit": -1,
        "weblinkUrl": null,
        "expectedDelay": -1,
        "ended": true,
        "isNewIncident": false,
        "publicTransport": "",
        "impactingNetwork": true,
        "subCategoryB": null,
        "arrangementAttachments": [],
        "isInitialReport": false,
        "created": 1791517167000,
        "isMajor": false,
        "name": null,
        "subCategoryA": "Truck",
        "adviceA": "Reduce your speed",
        "adviceB": "Exercise caution",
        "adviceC": " ",
        "incidentKind": "Unplanned",
        "mainCategory": "BREAKDOWN",
        "lastUpdated": 1791518011000,
        "otherAdvice": "",
        "arrangementElements": [],
        "diversions": "",
        "additionalInfo": [],
        "weblinkName": null,
        "attendingGroups": [
          "Transport for NSW"
        ],
        "encodedPolylines": [],
        "displayName": "BREAKDOWN Truck",
        "roads": [
          {
            "conditionTendency": "",
            "crossStreet": "Narellan Road",
            "delay": "",
            "impactedLanes": [
              {
                "affectedDirection": "Southbound",
                "closedLanes": "",
                "description": "",
                "extent": "Affected",
                "numberOfLanes": "",
                "roadType": ""
              }
            ],
            "locationQualifier": "at",
            "mainStreet": "Hume Motorway",
            "quadrant": "",
            "queueLength": 0,
            "region": "Sydney",
            "secondLocation": "",
            "suburb": "Glen Alpine",
            "trafficVolume": ""
          }
        ],
        "isLocalRoad": "State road",
        "CategoryIcon": "Breakdown"
      }
    },
    {
      "type": "Feature",
      "id": 290466,
      "geometry": {
        "type": "Point",
        "coordinates": [
          151.015706,
          -33.906095
        ],
        "collections": []
      },
      "properties": {
        "webLinks": [],
        "headline": "",
        "periods": [],
        "speedLimit": -1,
        "weblinkUrl": null,
        "expectedDelay": -1,
        "ended": true,
        "isNewIncident": false,
        "publicTransport": "",
        "impactingNetwork": true,
        "subCategoryB": null,
        "arrangementAttachments": [],
        "isInitialReport": false,
        "created": 1791518178000,
        "isMajor": false,
        "name": null,
        "subCategoryA": "Car",
        "adviceA": "Reduce your speed",
        "adviceB": "Exercise caution",
        "adviceC": " ",
        "incidentKind": "Unplanned",
        "mainCategory": "BREAKDOWN",
        "lastUpdated": 1791518228813,
        "otherAdvice": "",
        "arrangementElements": [],
        "diversions": "",
        "additionalInfo": [],
        "weblinkName": null,
        "attendingGroups": [
          "Transport for NSW"
        ],
        "encodedPolylines": [],
        "displayName": "BREAKDOWN Car",
        "roads": [
          {
            "conditionTendency": "",
            "crossStreet": "Edgar Street",
            "delay": "",
            "impactedLanes": [
              {
                "affectedDirection": "Westbound",
                "closedLanes": "",
                "description": "",
                "extent": "Affected",
                "numberOfLanes": "",
                "roadType": ""
              }
            ],
            "locationQualifier": "at",
            "mainStreet": "Hume Highway",
            "quadrant": "",
            "queueLength": 0,
            "region": "Sydney",
            "secondLocation": "",
            "suburb": "Yagoona",
            "trafficVolume": ""
          }
        ],
        "isLocalRoad": "State road",
        "CategoryIcon": "Breakdown"
      }
    },
    {
      "type": "Feature",
      "id": 290458,
      "geometry": {
        "type": "Point",
        "coordinates": [
          151.1801987,
          -33.8677354
        ],
        "collections": []
      },
      "properties": {
        "webLinks": [],
        "headline": "",
        "periods": [],
        "speedLimit": -1,
        "weblinkUrl": null,
        "expectedDelay": -1,
        "ended": true,
        "isNewIncident": false,
        "publicTransport": "",
        "impactingNetwork": true,
        "subCategoryB": null,
        "arrangementAttachments": [],
        "isInitialReport": false,
        "created": 1791516502000,
        "isMajor": false,
        "name": null,
        "subCategoryA": "Motorcycle",
        "adviceA": "Reduce your speed",
        "adviceB": "Exercise caution",
        "adviceC": " ",
        "incidentKind": "Unplanned",
        "mainCategory": "BREAKDOWN",
        "lastUpdated": 1791518411238,
        "otherAdvice": "",
        "arrangementElements": [],
        "diversions": "",
        "additionalInfo": [],
        "weblinkName": null,
        "attendingGroups": [
          "Transport for NSW"
        ],
        "encodedPolylines": [],
        "displayName": "BREAKDOWN Motorcycle",
        "roads": [
          {
            "conditionTendency": "",
            "crossStreet": "Anzac Bridge",
            "delay": "",
            "impactedLanes": [
              {
                "affectedDirection": "Eastbound",
                "closedLanes": "1",
                "description": "Lane 1",
                "extent": "Affected",
                "numberOfLanes": "4",
                "roadType": ""
              }
            ],
            "locationQualifier": "approaching",
            "mainStreet": "Western Distributor",
            "quadrant": "",
            "queueLength": 0,
            "region": "Sydney",
            "secondLocation": "",
            "suburb": "Rozelle",
            "trafficVolume": ""
          }
        ],
        "isLocalRoad": "State road",
        "CategoryIcon": "Breakdown"
      }
    },
    {
      "type": "Feature",
      "id": 290463,
      "geometry": {
        "type": "Point",
        "coordinates": [
          150.8614933,
          -34.3943636
        ],
        "collections": []
      },
      "properties": {
        "webLinks": [],
        "headline": "",
        "periods": [],
        "speedLimit": -1,
        "weblinkUrl": null,
        "expectedDelay": -1,
        "ended": true,
        "isNewIncident": false,
        "publicTransport": "",
        "impactingNetwork": true,
        "subCategoryB": null,
        "arrangementAttachments": [],
        "isInitialReport": false,
        "created": 1791517741000,
        "isMajor": false,
        "name": null,
        "subCategoryA": "null",
        "adviceA": "Reduce your speed",
        "adviceB": "Exercise caution",
        "adviceC": " ",
        "incidentKind": "Unplanned",
        "mainCategory": "CRASH",
        "lastUpdated": 1791518654952,
        "otherAdvice": "",
        "arrangementElements": [],
        "diversions": "",
        "additionalInfo": [],
        "weblinkName": null,
        "attendingGroups": [
          "Transport for NSW"
        ],
        "encodedPolylines": [],
        "displayName": "CRASH Car",
        "roads": [
          {
            "conditionTendency": "",
            "crossStreet": "New Mount Pleasant Road",
            "delay": "",
            "impactedLanes": [
              {
                "affectedDirection": "Northbound",
                "closedLanes": "1",
                "description": "Lane 3",
                "extent": "Lanes closed",
                "numberOfLanes": "3",
                "roadType": ""
              }
            ],
            "locationQualifier": "just past",
            "mainStreet": "Princes Motorway",
            "quadrant": "",
            "queueLength": 0,
            "region": "South Coast",
            "secondLocation": "",
            "suburb": "Mount Pleasant",
            "trafficVolume": ""
          }
        ],
        "isLocalRoad": "State road",
        "CategoryIcon": "Crash"
      }
    },
    {
      "type": "Feature",
      "id": 290464,
      "geometry": {
        "type": "Point",
        "coordinates": [
          151.2457887,
          -33.8762023
        ],
        "collections": []
      },
      "properties": {
        "webLinks": [],
        "headline": "",
        "periods": [],
        "speedLimit": -1,
        "weblinkUrl": null,
        "expectedDelay": -1,
        "ended": true,
        "isNewIncident": false,
        "publicTransport": "",
        "impactingNetwork": true,
        "subCategoryB": null,
        "arrangementAttachments": [],
        "isInitialReport": false,
        "created": 1791517851000,
        "isMajor": false,
        "name": null,
        "subCategoryA": "2 cars",
        "adviceA": "Prepare to merge",
        "adviceB": "Reduce your speed",
        "adviceC": " ",
        "incidentKind": "Unplanned",
        "mainCategory": "CRASH",
        "lastUpdated": 1791518912897,
        "otherAdvice": "",
        "arrangementElements": [],
        "diversions": "",
        "additionalInfo": [],
        "weblinkName": null,
        "attendingGroups": [
          "Emergency services",
          "Transport for NSW"
        ],
        "encodedPolylines": [],
        "displayName": "CRASH 2 cars",
        "roads": [
          {
            "conditionTendency": "",
            "crossStreet": "William Street",
            "delay": "",
            "impactedLanes": [
              {
                "affectedDirection": "Eastbound",
                "closedLanes": "1",
                "description": "Lane 1",
                "extent": "Lanes closed",
                "numberOfLanes": "2",
                "roadType": ""
              }
            ],
            "locationQualifier": "approaching",
            "mainStreet": "New South Head Road",
            "quadrant": "",
            "queueLength": 0,
            "region": "Sydney",
            "secondLocation": "",
            "suburb": "Double Bay",
            "trafficVolume": ""
          }
        ],
        "isLocalRoad": "State road",
        "CategoryIcon": "Crash"
      }
    },
    {
      "type": "Feature",
      "id": 290462,
      "geometry": {
        "type": "Point",
        "coordinates": [
          150.899308,
          -32.2796586
        ],
        "collections": []
      },
      "properties": {
        "webLinks": [],
        "headline": "",
        "periods": [],
        "speedLimit": -1,
        "weblinkUrl": null,
        "expectedDelay": -1,
        "ended": true,
        "isNewIncident": false,
        "publicTransport": "",
        "impactingNetwork": true,
        "subCategoryB": null,
        "arrangementAttachments": [],
        "isInitialReport": false,
        "created": 1791517319000,
        "isMajor": false,
        "name": null,
        "subCategoryA": "Oil spill",
        "adviceA": "Use an alternative route",
        "adviceB": "Plan your journey",
        "adviceC": "Allow extra travel time",
        "incidentKind": "Unplanned",
        "mainCategory": "HAZARD",
        "lastUpdated": 1791519069180,
        "otherAdvice": "",
        "arrangementElements": [],
        "diversions": "",
        "additionalInfo": [],
        "weblinkName": null,
        "attendingGroups": [
          "Transport for NSW",
          "Emergency services"
        ],
        "encodedPolylines": [],
        "displayName": "HAZARD Oil spill",
        "roads": [
          {
            "conditionTendency": "",
            "crossStreet": "Rutherford Road",
            "delay": "",
            "impactedLanes": [
              {
                "affectedDirection": "Southbound",
                "closedLanes": "1",
                "description": "Lane 1",
                "extent": "Lanes closed",
                "numberOfLanes": "2",
                "roadType": ""
              }
            ],
            "locationQualifier": "near",
            "mainStreet": "New England Highway (Maitland Street)",
            "quadrant": "",
            "queueLength": 0,
            "region": "Hunter",
            "secondLocation": "",
            "suburb": "Muswellbrook",
            "trafficVolume": ""
          }
        ],
        "isLocalRoad": "State road",
        "CategoryIcon": "Hazard"
      }
    },
    {
      "type": "Feature",
      "id": 290477,
      "geometry": {
        "type": "Point",
        "coordinates": [
          151.125556,
          -33.878929
        ],
        "collections": []
      },
      "properties": {
        "webLinks": [],
        "headline": "",
        "periods": [],
        "speedLimit": -1,
        "weblinkUrl": null,
        "expectedDelay": -1,
        "ended": true,
        "isNewIncident": false,
        "publicTransport": "",
        "impactingNetwork": true,
        "subCategoryB": null,
        "arrangementAttachments": [],
        "isInitialReport": false,
        "created": 1791521663000,
        "isMajor": false,
        "name": null,
        "subCategoryA": "2 cars",
        "adviceA": "Expect delays",
        "adviceB": "Use an alternative route",
        "adviceC": "Follow directions on site",
        "incidentKind": "Unplanned",
        "mainCategory": "CRASH",
        "lastUpdated": 1791522257631,
        "otherAdvice": "<p>Alternating (stop/slow) traffic conditions are in place to allow motorists to pass in one direction at a time. </p>",
        "arrangementElements": [],
        "diversions": "",
        "additionalInfo": [],
        "weblinkName": null,
        "attendingGroups": [
          "Emergency services"
        ],
        "encodedPolylines": [
          {
            "levels": "",
            "direction": "ONE_DIRECTION",
            "coords": "b~wmEavky[KWi@uAUm@IQw@qBCGg@uA"
          }
        ],
        "displayName": "CRASH 2 cars",
        "roads": [
          {
            "conditionTendency": "",
            "crossStreet": "Church Street",
            "delay": "",
            "impactedLanes": [
              {
                "affectedDirection": "Northbound",
                "closedLanes": "",
                "description": "",
                "extent": "Closed",
                "numberOfLanes": "",
                "roadType": "Road"
              },
              {
                "affectedDirection": "Southbound",
                "closedLanes": "",
                "description": "",
                "extent": "Affected",
                "numberOfLanes": "",
                "roadType": ""
              }
            ],
            "locationQualifier": "at",
            "mainStreet": "Frederick Street",
            "quadrant": "",
            "queueLength": 0,
            "region": "Sydney",
            "secondLocation": "",
            "suburb": "Ashfield",
            "trafficVolume": ""
          }
        ],
        "isLocalRoad": "State road",
        "CategoryIcon": "Crash"
      }
    },
    {
      "type": "Feature",
      "id": 290476,
      "geometry": {
        "type": "Point",
        "coordinates": [
          150.99999,
          -33.838524
        ],
        "collections": []
      },
      "properties": {
        "webLinks": [],
        "headline": "",
        "periods": [],
        "speedLimit": -1,
        "weblinkUrl": null,
        "expectedDelay": -1,
        "ended": true,
        "isNewIncident": false,
        "publicTransport": "",
        "impactingNetwork": true,
        "subCategoryB": null,
        "arrangementAttachments": [],
        "isInitialReport": false,
        "created": 1791521166000,
        "isMajor": false,
        "name": null,
        "subCategoryA": "Truck",
        "adviceA": "Prepare to merge",
        "adviceB": "Exercise caution",
        "adviceC": " ",
        "incidentKind": "Unplanned",
        "mainCategory": "BREAKDOWN",
        "lastUpdated": 1791522671391,
        "otherAdvice": "",
        "arrangementElements": [],
        "diversions": "",
        "additionalInfo": [],
        "weblinkName": null,
        "attendingGroups": [
          "Transport for NSW"
        ],
        "encodedPolylines": [],
        "displayName": "BREAKDOWN Truck",
        "roads": [
          {
            "conditionTendency": "",
            "crossStreet": "Merrylands Road",
            "delay": "",
            "impactedLanes": [
              {
                "affectedDirection": "Southbound",
                "closedLanes": "1",
                "description": "Lane 1",
                "extent": "Lanes closed",
                "numberOfLanes": "3",
                "roadType": ""
              }
            ],
            "locationQualifier": "at",
            "mainStreet": "Woodville Road",
            "quadrant": "",
            "queueLength": 0,
            "region": "Sydney",
            "secondLocation": "",
            "suburb": "Merrylands",
            "trafficVolume": ""
          }
        ],
        "isLocalRoad": "State road",
        "CategoryIcon": "Breakdown"
      }
    },
    {
      "type": "Feature",
      "id": 290465,
      "geometry": {
        "type": "Point",
        "coordinates": [
          148.8218281,
          -34.7733354
        ],
        "collections": []
      },
      "properties": {
        "webLinks": [],
        "headline": "",
        "periods": [],
        "speedLimit": -1,
        "weblinkUrl": null,
        "expectedDelay": -1,
        "ended": true,
        "isNewIncident": false,
        "publicTransport": "",
        "impactingNetwork": true,
        "subCategoryB": null,
        "arrangementAttachments": [],
        "isInitialReport": false,
        "created": 1791518081000,
        "isMajor": false,
        "name": null,
        "subCategoryA": "Motorcycle",
        "adviceA": "Reduce your speed",
        "adviceB": "Exercise caution",
        "adviceC": " ",
        "incidentKind": "Unplanned",
        "mainCategory": "CRASH",
        "lastUpdated": 1791523700387,
        "otherAdvice": "",
        "arrangementElements": [],
        "diversions": "",
        "additionalInfo": [],
        "weblinkName": null,
        "attendingGroups": [
          "Emergency services"
        ],
        "encodedPolylines": [],
        "displayName": "CRASH Motorcycle",
        "roads": [
          {
            "conditionTendency": "",
            "crossStreet": "Bowning Road",
            "delay": "",
            "impactedLanes": [
              {
                "affectedDirection": "Northbound",
                "closedLanes": "1",
                "description": "Lane 1",
                "extent": "Lanes closed",
                "numberOfLanes": "2",
                "roadType": ""
              }
            ],
            "locationQualifier": "just past",
            "mainStreet": "Hume Highway",
            "quadrant": "",
            "queueLength": 0,
            "region": "Southern Highlands",
            "secondLocation": "",
            "suburb": "Bowning",
            "trafficVolume": ""
          }
        ],
        "isLocalRoad": "State road",
        "CategoryIcon": "Crash"
      }
    },
    {
      "type": "Feature",
      "id": 290478,
      "geometry": {
        "type": "Point",
        "coordinates": [
          151.2150263,
          -33.9277737
        ],
        "collections": []
      },
      "properties": {
        "webLinks": [],
        "headline": "",
        "periods": [],
        "speedLimit": -1,
        "weblinkUrl": null,
        "expectedDelay": -1,
        "ended": true,
        "isNewIncident": false,
        "publicTransport": "",
        "impactingNetwork": true,
        "subCategoryB": null,
        "arrangementAttachments": [],
        "isInitialReport": false,
        "created": 1791521876000,
        "isMajor": false,
        "name": null,
        "subCategoryA": "Car",
        "adviceA": "Reduce your speed",
        "adviceB": "Prepare to merge",
        "adviceC": " ",
        "incidentKind": "Unplanned",
        "mainCategory": "BREAKDOWN",
        "lastUpdated": 1791523820033,
        "otherAdvice": "",
        "arrangementElements": [],
        "diversions": "",
        "additionalInfo": [],
        "weblinkName": null,
        "attendingGroups": [
          "Transport for NSW"
        ],
        "encodedPolylines": [],
        "displayName": "BREAKDOWN Car",
        "roads": [
          {
            "conditionTendency": "",
            "crossStreet": "Gardeners Road overpass",
            "delay": "",
            "impactedLanes": [
              {
                "affectedDirection": "Southbound",
                "closedLanes": "1",
                "description": "Lane 1",
                "extent": "Lanes closed",
                "numberOfLanes": "3",
                "roadType": ""
              }
            ],
            "locationQualifier": "just past",
            "mainStreet": "Southern Cross Drive",
            "quadrant": "",
            "queueLength": 0,
            "region": "Sydney",
            "secondLocation": "",
            "suburb": "Eastlakes",
            "trafficVolume": ""
          }
        ],
        "isLocalRoad": "State road",
        "CategoryIcon": "Breakdown"
      }
    },
    {
      "type": "Feature",
      "id": 290479,
      "geometry": {
        "type": "Point",
        "coordinates": [
          151.0206452,
          -33.8304454
        ],
        "collections": []
      },
      "properties": {
        "webLinks": [],
        "headline": "",
        "periods": [],
        "speedLimit": -1,
        "weblinkUrl": null,
        "expectedDelay": -1,
        "ended": true,
        "isNewIncident": false,
        "publicTransport": "",
        "impactingNetwork": true,
        "subCategoryB": null,
        "arrangementAttachments": [],
        "isInitialReport": false,
        "created": 1791522335000,
        "isMajor": false,
        "name": null,
        "subCategoryA": "Truck",
        "adviceA": "Prepare to merge",
        "adviceB": "Exercise caution",
        "adviceC": " ",
        "incidentKind": "Unplanned",
        "mainCategory": "BREAKDOWN",
        "lastUpdated": 1791525103829,
        "otherAdvice": "",
        "arrangementElements": [],
        "diversions": "",
        "additionalInfo": [],
        "weblinkName": null,
        "attendingGroups": [
          "Transport for NSW"
        ],
        "encodedPolylines": [],
        "displayName": "BREAKDOWN Truck",
        "roads": [
          {
            "conditionTendency": "",
            "crossStreet": "M4 Motorway",
            "delay": "",
            "impactedLanes": [
              {
                "affectedDirection": "Westbound",
                "closedLanes": "1",
                "description": "Lane 1",
                "extent": "Lanes closed",
                "numberOfLanes": "2",
                "roadType": ""
              }
            ],
            "locationQualifier": "to",
            "mainStreet": "James Ruse Ruse Drive on-ramp",
            "quadrant": "",
            "queueLength": 0,
            "region": "Sydney",
            "secondLocation": "",
            "suburb": "Granville",
            "trafficVolume": ""
          }
        ],
        "isLocalRoad": "State road",
        "CategoryIcon": "Breakdown"
      }
    },
    {
      "type": "Feature",
      "id": 290485,
      "geometry": {
        "type": "Point",
        "coordinates": [
          151.0040566,
          -33.8265499
        ],
        "collections": []
      },
      "properties": {
        "webLinks": [],
        "headline": "",
        "periods": [],
        "speedLimit": -1,
        "weblinkUrl": null,
        "expectedDelay": -1,
        "ended": true,
        "isNewIncident": false,
        "publicTransport": "",
        "impactingNetwork": true,
        "subCategoryB": null,
        "arrangementAttachments": [],
        "isInitialReport": false,
        "created": 1791524743000,
        "isMajor": false,
        "name": null,
        "subCategoryA": "Car",
        "adviceA": "Reduce your speed",
        "adviceB": "Exercise caution",
        "adviceC": " ",
        "incidentKind": "Unplanned",
        "mainCategory": "BREAKDOWN",
        "lastUpdated": 1791525159493,
        "otherAdvice": "",
        "arrangementElements": [],
        "diversions": "",
        "additionalInfo": [],
        "weblinkName": null,
        "attendingGroups": [
          "Transport for NSW"
        ],
        "encodedPolylines": [],
        "displayName": "BREAKDOWN Car",
        "roads": [
          {
            "conditionTendency": "",
            "crossStreet": "Church Street",
            "delay": "",
            "impactedLanes": [
              {
                "affectedDirection": "Eastbound",
                "closedLanes": "1",
                "description": "Lane 3",
                "extent": "Lanes closed",
                "numberOfLanes": "4",
                "roadType": ""
              }
            ],
            "locationQualifier": "to",
            "mainStreet": "M4 Motorway off-ramp",
            "quadrant": "",
            "queueLength": 0,
            "region": "Sydney",
            "secondLocation": "",
            "suburb": "Holroyd",
            "trafficVolume": ""
          }
        ],
        "isLocalRoad": "State road",
        "CategoryIcon": "Breakdown"
      }
    },
    {
      "type": "Feature",
      "id": 290487,
      "geometry": {
        "type": "Point",
        "coordinates": [
          151.2103805,
          -33.838341
        ],
        "collections": []
      },
      "properties": {
        "webLinks": [],
        "headline": "",
        "periods": [],
        "speedLimit": -1,
        "weblinkUrl": null,
        "expectedDelay": -1,
        "ended": true,
        "isNewIncident": false,
        "publicTransport": "",
        "impactingNetwork": true,
        "subCategoryB": null,
        "arrangementAttachments": [],
        "isInitialReport": false,
        "created": 1791525617000,
        "isMajor": false,
        "name": null,
        "subCategoryA": "Car",
        "adviceA": "Reduce your speed",
        "adviceB": "Prepare to merge",
        "adviceC": " ",
        "incidentKind": "Unplanned",
        "mainCategory": "BREAKDOWN",
        "lastUpdated": 1791526232499,
        "otherAdvice": "",
        "arrangementElements": [],
        "diversions": "",
        "additionalInfo": [],
        "weblinkName": null,
        "attendingGroups": [
          "Transport for NSW"
        ],
        "encodedPolylines": [],
        "displayName": "BREAKDOWN Car",
        "roads": [
          {
            "conditionTendency": "",
            "crossStreet": "Mount Street overpass",
            "delay": "",
            "impactedLanes": [
              {
                "affectedDirection": "Northbound",
                "closedLanes": "1",
                "description": "Lane 2",
                "extent": "Lanes closed",
                "numberOfLanes": "2",
                "roadType": ""
              }
            ],
            "locationQualifier": "approaching",
            "mainStreet": "Warringah Freeway (Sydney Harbour Tunnel lanes)",
            "quadrant": "",
            "queueLength": 0,
            "region": "Sydney",
            "secondLocation": "",
            "suburb": "North Sydney",
            "trafficVolume": ""
          }
        ],
        "isLocalRoad": "State road",
        "CategoryIcon": "Breakdown"
      }
    },
    {
      "type": "Feature",
      "id": 290450,
      "geometry": {
        "type": "Point",
        "coordinates": [
          152.8798008,
          -30.7896278
        ],
        "collections": []
      },
      "properties": {
        "webLinks": [],
        "headline": "",
        "periods": [],
        "speedLimit": -1,
        "weblinkUrl": null,
        "expectedDelay": -1,
        "ended": true,
        "isNewIncident": false,
        "publicTransport": "",
        "impactingNetwork": true,
        "subCategoryB": null,
        "arrangementAttachments": [],
        "isInitialReport": false,
        "created": 1791513123000,
        "isMajor": false,
        "name": null,
        "subCategoryA": "Car",
        "adviceA": "Reduce your speed",
        "adviceB": "Exercise caution",
        "adviceC": " ",
        "incidentKind": "Unplanned",
        "mainCategory": "BREAKDOWN",
        "lastUpdated": 1791526386934,
        "otherAdvice": "",
        "arrangementElements": [],
        "diversions": "",
        "additionalInfo": [],
        "weblinkName": null,
        "attendingGroups": [
          "Emergency services",
          "Transport for NSW"
        ],
        "encodedPolylines": [],
        "displayName": "BREAKDOWN Car",
        "roads": [
          {
            "conditionTendency": "",
            "crossStreet": "Upper Warrell Creek Road",
            "delay": "",
            "impactedLanes": [
              {
                "affectedDirection": "Southbound",
                "closedLanes": "1",
                "description": "Lane 1",
                "extent": "Lanes closed",
                "numberOfLanes": "2",
                "roadType": ""
              }
            ],
            "locationQualifier": "at",
            "mainStreet": "Pacific Highway",
            "quadrant": "",
            "queueLength": 0,
            "region": "North Coast NSW",
            "secondLocation": "",
            "suburb": "Eungai Creek",
            "trafficVolume": ""
          }
        ],
        "isLocalRoad": "State road",
        "CategoryIcon": "Breakdown"
      }
    },
    {
      "type": "Feature",
      "id": 290489,
      "geometry": {
        "type": "Point",
        "coordinates": [
          151.1358473,
          -33.9691688
        ],
        "collections": []
      },
      "properties": {
        "webLinks": [],
        "headline": "",
        "periods": [],
        "speedLimit": -1,
        "weblinkUrl": null,
        "expectedDelay": -1,
        "ended": true,
        "isNewIncident": false,
        "publicTransport": "",
        "impactingNetwork": true,
        "subCategoryB": null,
        "arrangementAttachments": [],
        "isInitialReport": false,
        "created": 1791526610000,
        "isMajor": false,
        "name": null,
        "subCategoryA": "Car",
        "adviceA": "Prepare to merge",
        "adviceB": "Reduce your speed",
        "adviceC": " ",
        "incidentKind": "Unplanned",
        "mainCategory": "BREAKDOWN",
        "lastUpdated": 1791526980253,
        "otherAdvice": "",
        "arrangementElements": [],
        "diversions": "",
        "additionalInfo": [],
        "weblinkName": null,
        "attendingGroups": [
          "Transport for NSW",
          "Tow Truck"
        ],
        "encodedPolylines": [],
        "displayName": "BREAKDOWN Car",
        "roads": [
          {
            "conditionTendency": "",
            "crossStreet": "Rocky Point Road",
            "delay": "",
            "impactedLanes": [
              {
                "affectedDirection": "Northbound",
                "closedLanes": "1",
                "description": "Lane 2",
                "extent": "Lanes closed",
                "numberOfLanes": "3",
                "roadType": ""
              }
            ],
            "locationQualifier": "at",
            "mainStreet": "Princes Highway",
            "quadrant": "",
            "queueLength": 0,
            "region": "Sydney",
            "secondLocation": "",
            "suburb": "Kogarah",
            "trafficVolume": ""
          }
        ],
        "isLocalRoad": "State road",
        "CategoryIcon": "Breakdown"
      }
    },
    {
      "type": "Feature",
      "id": 290488,
      "geometry": {
        "type": "Point",
        "coordinates": [
          151.0401373,
          -33.7601693
        ],
        "collections": []
      },
      "properties": {
        "webLinks": [],
        "headline": "",
        "periods": [],
        "speedLimit": -1,
        "weblinkUrl": null,
        "expectedDelay": -1,
        "ended": true,
        "isNewIncident": false,
        "publicTransport": "",
        "impactingNetwork": true,
        "subCategoryB": null,
        "arrangementAttachments": [],
        "isInitialReport": false,
        "created": 1791525867000,
        "isMajor": false,
        "name": null,
        "subCategoryA": "Multiple vehicles",
        "adviceA": "Reduce your speed",
        "adviceB": "Prepare to merge",
        "adviceC": " ",
        "incidentKind": "Unplanned",
        "mainCategory": "CRASH",
        "lastUpdated": 1791526992501,
        "otherAdvice": "",
        "arrangementElements": [],
        "diversions": "",
        "additionalInfo": [],
        "weblinkName": null,
        "attendingGroups": [
          "Tow Truck",
          "Motorway Crew"
        ],
        "encodedPolylines": [],
        "displayName": "CRASH Multiple vehicles",
        "roads": [
          {
            "conditionTendency": "",
            "crossStreet": "Oakes Road underpass",
            "delay": "",
            "impactedLanes": [
              {
                "affectedDirection": "Westbound",
                "closedLanes": "2",
                "description": "Lane 2, Lane 3",
                "extent": "Lanes closed",
                "numberOfLanes": "3",
                "roadType": ""
              }
            ],
            "locationQualifier": "just past",
            "mainStreet": "M2 Motorway",
            "quadrant": "",
            "queueLength": 0,
            "region": "Sydney",
            "secondLocation": "",
            "suburb": "Carlingford",
            "trafficVolume": "Heavy"
          }
        ],
        "isLocalRoad": "State road",
        "CategoryIcon": "Crash"
      }
    },
    {
      "type": "Feature",
      "id": 290483,
      "geometry": {
        "type": "Point",
        "coordinates": [
          150.9379651,
          -33.941515
        ],
        "collections": []
      },
      "properties": {
        "webLinks": [],
        "headline": "",
        "periods": [],
        "speedLimit": -1,
        "weblinkUrl": null,
        "expectedDelay": -1,
        "ended": true,
        "isNewIncident": false,
        "publicTransport": "",
        "impactingNetwork": true,
        "subCategoryB": null,
        "arrangementAttachments": [],
        "isInitialReport": false,
        "created": 1791524441000,
        "isMajor": false,
        "name": null,
        "subCategoryA": "null",
        "adviceA": "Expect delays",
        "adviceB": "Exercise caution",
        "adviceC": " ",
        "incidentKind": "Unplanned",
        "mainCategory": "CRASH",
        "lastUpdated": 1791527550097,
        "otherAdvice": "",
        "arrangementElements": [],
        "diversions": "",
        "additionalInfo": [
          "Site Cleared"
        ],
        "weblinkName": null,
        "attendingGroups": null,
        "encodedPolylines": [],
        "displayName": "CRASH Truck, Car",
        "roads": [
          {
            "conditionTendency": "",
            "crossStreet": "Heathcote Road",
            "delay": "",
            "impactedLanes": [
              {
                "affectedDirection": "Westbound",
                "closedLanes": "",
                "description": "",
                "extent": "Affected",
                "numberOfLanes": "",
                "roadType": ""
              }
            ],
            "locationQualifier": "just past",
            "mainStreet": "M5 Motorway",
            "quadrant": "",
            "queueLength": 0,
            "region": "Sydney",
            "secondLocation": "",
            "suburb": "Moorebank",
            "trafficVolume": "Heavy"
          }
        ],
        "isLocalRoad": "State road",
        "CategoryIcon": "Crash"
      }
    },
    {
      "type": "Feature",
      "id": 290469,
      "geometry": {
        "type": "Point",
        "coordinates": [
          150.772277,
          -33.777331
        ],
        "collections": []
      },
      "properties": {
        "webLinks": [],
        "headline": "",
        "periods": [],
        "speedLimit": 80,
        "weblinkUrl": null,
        "expectedDelay": -1,
        "ended": false,
        "isNewIncident": false,
        "publicTransport": "",
        "impactingNetwork": true,
        "subCategoryB": null,
        "arrangementAttachments": [],
        "isInitialReport": false,
        "created": 1791519756000,
        "isMajor": false,
        "name": null,
        "subCategoryA": "due to an earlier incident",
        "adviceA": "Reduced speed limit",
        "adviceB": "Exercise caution",
        "adviceC": " ",
        "incidentKind": "Unplanned",
        "mainCategory": "CHANGED TRAFFIC CONDITIONS",
        "lastUpdated": 1791528308382,
        "otherAdvice": "",
        "arrangementElements": [],
        "diversions": "",
        "additionalInfo": [],
        "weblinkName": null,
        "attendingGroups": [
          "Transport for NSW"
        ],
        "encodedPolylines": [],
        "displayName": "CHANGED TRAFFIC CONDITIONS due to an earlier incident",
        "roads": [
          {
            "conditionTendency": "",
            "crossStreet": "Mamre Road",
            "delay": "",
            "impactedLanes": [
              {
                "affectedDirection": "Eastbound",
                "closedLanes": "",
                "description": "",
                "extent": "Affected",
                "numberOfLanes": "",
                "roadType": ""
              }
            ],
            "locationQualifier": "to",
            "mainStreet": "M4 Motorway off-ramp",
            "quadrant": "",
            "queueLength": 0,
            "region": "Sydney",
            "secondLocation": "",
            "suburb": "St Marys",
            "trafficVolume": ""
          }
        ],
        "isLocalRoad": "State road",
        "CategoryIcon": "ChangedConditions"
      }
    },
    {
      "type": "Feature",
      "id": 290491,
      "geometry": {
        "type": "Point",
        "coordinates": [
          151.1675908,
          -33.9174983
        ],
        "collections": []
      },
      "properties": {
        "webLinks": [],
        "headline": "",
        "periods": [],
        "speedLimit": -1,
        "weblinkUrl": null,
        "expectedDelay": -1,
        "ended": true,
        "isNewIncident": false,
        "publicTransport": "",
        "impactingNetwork": true,
        "subCategoryB": null,
        "arrangementAttachments": [],
        "isInitialReport": false,
        "created": 1791527535000,
        "isMajor": false,
        "name": null,
        "subCategoryA": "2 cars",
        "adviceA": "Reduce your speed",
        "adviceB": "Prepare to merge",
        "adviceC": " ",
        "incidentKind": "Unplanned",
        "mainCategory": "CRASH",
        "lastUpdated": 1791528556595,
        "otherAdvice": "",
        "arrangementElements": [],
        "diversions": "",
        "additionalInfo": [],
        "weblinkName": null,
        "attendingGroups": [
          "Emergency services",
          "Transport for NSW"
        ],
        "encodedPolylines": [],
        "displayName": "CRASH 2 cars",
        "roads": [
          {
            "conditionTendency": "",
            "crossStreet": "Henry Street",
            "delay": "",
            "impactedLanes": [
              {
                "affectedDirection": "Southbound",
                "closedLanes": "1",
                "description": "Lane 1",
                "extent": "Lanes closed",
                "numberOfLanes": "2",
                "roadType": ""
              }
            ],
            "locationQualifier": "approaching",
            "mainStreet": "Railway Road",
            "quadrant": "",
            "queueLength": 0,
            "region": "Sydney",
            "secondLocation": "",
            "suburb": "Sydenham",
            "trafficVolume": ""
          }
        ],
        "isLocalRoad": "State road",
        "CategoryIcon": "Crash"
      }
    },
    {
      "type": "Feature",
      "id": 290492,
      "geometry": {
        "type": "Point",
        "coordinates": [
          151.0192125,
          -33.8303169
        ],
        "collections": []
      },
      "properties": {
        "webLinks": [],
        "headline": "",
        "periods": [],
        "speedLimit": -1,
        "weblinkUrl": null,
        "expectedDelay": -1,
        "ended": true,
        "isNewIncident": false,
        "publicTransport": "",
        "impactingNetwork": true,
        "subCategoryB": null,
        "arrangementAttachments": [],
        "isInitialReport": false,
        "created": 1791527660000,
        "isMajor": false,
        "name": null,
        "subCategoryA": "2 cars",
        "adviceA": "Allow extra travel time",
        "adviceB": " ",
        "adviceC": " ",
        "incidentKind": "Unplanned",
        "mainCategory": "CRASH",
        "lastUpdated": 1791530239941,
        "otherAdvice": "",
        "arrangementElements": [],
        "diversions": "",
        "additionalInfo": [
          "Site Cleared"
        ],
        "weblinkName": null,
        "attendingGroups": null,
        "encodedPolylines": [],
        "displayName": "CRASH 2 cars",
        "roads": [
          {
            "conditionTendency": "",
            "crossStreet": "James Ruse Drive",
            "delay": "",
            "impactedLanes": [
              {
                "affectedDirection": "Westbound",
                "closedLanes": "",
                "description": "",
                "extent": "Affected",
                "numberOfLanes": "",
                "roadType": ""
              }
            ],
            "locationQualifier": "just past",
            "mainStreet": "M4 Motorway",
            "quadrant": "",
            "queueLength": 0,
            "region": "Sydney",
            "secondLocation": "",
            "suburb": "Granville",
            "trafficVolume": "Heavy"
          }
        ],
        "isLocalRoad": "State road",
        "CategoryIcon": "Crash"
      }
    },
    {
      "type": "Feature",
      "id": 290495,
      "geometry": {
        "type": "Point",
        "coordinates": [
          151.0352993,
          -33.9642905
        ],
        "collections": []
      },
      "properties": {
        "webLinks": [],
        "headline": "",
        "periods": [],
        "speedLimit": -1,
        "weblinkUrl": null,
        "expectedDelay": -1,
        "ended": true,
        "isNewIncident": false,
        "publicTransport": "",
        "impactingNetwork": true,
        "subCategoryB": null,
        "arrangementAttachments": [],
        "isInitialReport": false,
        "created": 1791529496000,
        "isMajor": false,
        "name": null,
        "subCategoryA": "2 cars",
        "adviceA": "Exercise caution",
        "adviceB": "Expect delays",
        "adviceC": " ",
        "incidentKind": "Unplanned",
        "mainCategory": "CRASH",
        "lastUpdated": 1791531011098,
        "otherAdvice": "",
        "arrangementElements": [],
        "diversions": "",
        "additionalInfo": [],
        "weblinkName": null,
        "attendingGroups": [
          "Emergency services",
          "Transport for NSW",
          "Tow Truck"
        ],
        "encodedPolylines": [],
        "displayName": "CRASH 2 cars",
        "roads": [
          {
            "conditionTendency": "",
            "crossStreet": "Clancy Street",
            "delay": "",
            "impactedLanes": [
              {
                "affectedDirection": "Northbound",
                "closedLanes": "",
                "description": "",
                "extent": "Affected",
                "numberOfLanes": "",
                "roadType": ""
              }
            ],
            "locationQualifier": "just past",
            "mainStreet": "Davies Road",
            "quadrant": "",
            "queueLength": 0,
            "region": "Sydney",
            "secondLocation": "",
            "suburb": "Padstow",
            "trafficVolume": "Heavy"
          }
        ],
        "isLocalRoad": "State road",
        "CategoryIcon": "Crash"
      }
    },
    {
      "type": "Feature",
      "id": 290475,
      "geometry": {
        "type": "Point",
        "coordinates": [
          151.2780311,
          -33.6788869
        ],
        "collections": []
      },
      "properties": {
        "webLinks": [],
        "headline": "",
        "periods": [],
        "speedLimit": -1,
        "weblinkUrl": null,
        "expectedDelay": -1,
        "ended": true,
        "isNewIncident": false,
        "publicTransport": "",
        "impactingNetwork": true,
        "subCategoryB": null,
        "arrangementAttachments": [],
        "isInitialReport": false,
        "created": 1791520569000,
        "isMajor": false,
        "name": null,
        "subCategoryA": "Truck on fire",
        "adviceA": "Prepare to merge",
        "adviceB": "Reduce your speed",
        "adviceC": "Expect delays",
        "incidentKind": "Unplanned",
        "mainCategory": "HAZARD",
        "lastUpdated": 1791531625355,
        "otherAdvice": "",
        "arrangementElements": [],
        "diversions": "",
        "additionalInfo": [],
        "weblinkName": null,
        "attendingGroups": [
          "Transport for NSW",
          "Emergency services"
        ],
        "encodedPolylines": [],
        "displayName": "HAZARD Truck on fire",
        "roads": [
          {
            "conditionTendency": "",
            "crossStreet": "Lane Cove Road",
            "delay": "",
            "impactedLanes": [
              {
                "affectedDirection": "Westbound",
                "closedLanes": "1",
                "description": "",
                "extent": "Lanes closed",
                "numberOfLanes": "2",
                "roadType": ""
              }
            ],
            "locationQualifier": "just past",
            "mainStreet": "Mona Vale Road",
            "quadrant": "",
            "queueLength": 0,
            "region": "Sydney",
            "secondLocation": "",
            "suburb": "Ingleside",
            "trafficVolume": "Heavy"
          }
        ],
        "isLocalRoad": "State road",
        "CategoryIcon": "Hazard"
      }
    },
    {
      "type": "Feature",
      "id": 290500,
      "geometry": {
        "type": "Point",
        "coordinates": [
          151.196497,
          -33.884298
        ],
        "collections": []
      },
      "properties": {
        "webLinks": [],
        "headline": "",
        "periods": [],
        "speedLimit": -1,
        "weblinkUrl": null,
        "expectedDelay": -1,
        "ended": true,
        "isNewIncident": false,
        "publicTransport": "",
        "impactingNetwork": true,
        "subCategoryB": null,
        "arrangementAttachments": [],
        "isInitialReport": false,
        "created": 1791532184000,
        "isMajor": false,
        "name": null,
        "subCategoryA": "Car",
        "adviceA": "Exercise caution",
        "adviceB": "Prepare to merge",
        "adviceC": " ",
        "incidentKind": "Unplanned",
        "mainCategory": "BREAKDOWN",
        "lastUpdated": 1791532304336,
        "otherAdvice": "",
        "arrangementElements": [],
        "diversions": "",
        "additionalInfo": [],
        "weblinkName": null,
        "attendingGroups": [
          "Transport for NSW"
        ],
        "encodedPolylines": [],
        "displayName": "BREAKDOWN Car",
        "roads": [
          {
            "conditionTendency": "",
            "crossStreet": "Mountain Street",
            "delay": "",
            "impactedLanes": [
              {
                "affectedDirection": "Eastbound",
                "closedLanes": "1",
                "description": "Lane 3",
                "extent": "Lanes closed",
                "numberOfLanes": "4",
                "roadType": ""
              }
            ],
            "locationQualifier": "at",
            "mainStreet": "Broadway",
            "quadrant": "",
            "queueLength": 0,
            "region": "Sydney",
            "secondLocation": "",
            "suburb": "Ultimo",
            "trafficVolume": "Moderate"
          }
        ],
        "isLocalRoad": "State road",
        "CategoryIcon": "Breakdown"
      }
    },
    {
      "type": "Feature",
      "id": 290498,
      "geometry": {
        "type": "Point",
        "coordinates": [
          151.1841794,
          -33.4908231
        ],
        "collections": []
      },
      "properties": {
        "webLinks": [],
        "headline": "",
        "periods": [],
        "speedLimit": -1,
        "weblinkUrl": null,
        "expectedDelay": -1,
        "ended": true,
        "isNewIncident": false,
        "publicTransport": "",
        "impactingNetwork": true,
        "subCategoryB": null,
        "arrangementAttachments": [],
        "isInitialReport": false,
        "created": 1791531532000,
        "isMajor": false,
        "name": null,
        "subCategoryA": "Timber",
        "adviceA": "Reduce your speed",
        "adviceB": "Exercise caution",
        "adviceC": " ",
        "incidentKind": "Unplanned",
        "mainCategory": "HAZARD",
        "lastUpdated": 1791532378884,
        "otherAdvice": "",
        "arrangementElements": [],
        "diversions": "",
        "additionalInfo": [],
        "weblinkName": null,
        "attendingGroups": [
          "Transport for NSW"
        ],
        "encodedPolylines": [],
        "displayName": "HAZARD Timber",
        "roads": [
          {
            "conditionTendency": "",
            "crossStreet": "",
            "delay": "",
            "impactedLanes": [
              {
                "affectedDirection": "Northbound",
                "closedLanes": "2",
                "description": "Lane 2, Lane 3",
                "extent": "Affected",
                "numberOfLanes": "3",
                "roadType": ""
              }
            ],
            "locationQualifier": "at",
            "mainStreet": "M1 Pacific Motorway",
            "quadrant": "",
            "queueLength": 0,
            "region": "Central Coast",
            "secondLocation": "",
            "suburb": "Bar Point",
            "trafficVolume": ""
          }
        ],
        "isLocalRoad": "State road",
        "CategoryIcon": "Hazard"
      }
    },
    {
      "type": "Feature",
      "id": 290493,
      "geometry": {
        "type": "Point",
        "coordinates": [
          150.8944373,
          -33.9470633
        ],
        "collections": []
      },
      "properties": {
        "webLinks": [],
        "headline": "",
        "periods": [],
        "speedLimit": -1,
        "weblinkUrl": null,
        "expectedDelay": -1,
        "ended": true,
        "isNewIncident": false,
        "publicTransport": "",
        "impactingNetwork": true,
        "subCategoryB": null,
        "arrangementAttachments": [],
        "isInitialReport": false,
        "created": 1791528953000,
        "isMajor": false,
        "name": null,
        "subCategoryA": "Car",
        "adviceA": "Allow extra travel time",
        "adviceB": " ",
        "adviceC": " ",
        "incidentKind": "Unplanned",
        "mainCategory": "BREAKDOWN",
        "lastUpdated": 1791532840850,
        "otherAdvice": "",
        "arrangementElements": [],
        "diversions": "",
        "additionalInfo": [
          "Site Cleared"
        ],
        "weblinkName": null,
        "attendingGroups": null,
        "encodedPolylines": [],
        "displayName": "BREAKDOWN Car",
        "roads": [
          {
            "conditionTendency": "",
            "crossStreet": "Kurrajong Road",
            "delay": "",
            "impactedLanes": [
              {
                "affectedDirection": "Eastbound",
                "closedLanes": "",
                "description": "",
                "extent": "Affected",
                "numberOfLanes": "",
                "roadType": ""
              }
            ],
            "locationQualifier": "approaching",
            "mainStreet": "M5 Motorway",
            "quadrant": "",
            "queueLength": 0,
            "region": "Sydney",
            "secondLocation": "",
            "suburb": "Casula",
            "trafficVolume": "Heavy"
          }
        ],
        "isLocalRoad": "State road",
        "CategoryIcon": "Breakdown"
      }
    },
    {
      "type": "Feature",
      "id": 290497,
      "geometry": {
        "type": "Point",
        "coordinates": [
          151.122299,
          -33.869608
        ],
        "collections": []
      },
      "properties": {
        "webLinks": [],
        "headline": "",
        "periods": [],
        "speedLimit": -1,
        "weblinkUrl": null,
        "expectedDelay": -1,
        "ended": true,
        "isNewIncident": false,
        "publicTransport": "",
        "impactingNetwork": true,
        "subCategoryB": null,
        "arrangementAttachments": [],
        "isInitialReport": false,
        "created": 1791530947000,
        "isMajor": false,
        "name": null,
        "subCategoryA": "null",
        "adviceA": "Exercise caution",
        "adviceB": "Expect delays",
        "adviceC": " ",
        "incidentKind": "Unplanned",
        "mainCategory": "Police operation",
        "lastUpdated": 1791533102852,
        "otherAdvice": "",
        "arrangementElements": [],
        "diversions": "",
        "additionalInfo": [],
        "weblinkName": null,
        "attendingGroups": [
          "Emergency services"
        ],
        "encodedPolylines": [],
        "displayName": "Police operation",
        "roads": [
          {
            "conditionTendency": "",
            "crossStreet": "Harris Road",
            "delay": "",
            "impactedLanes": [
              {
                "affectedDirection": "Westbound",
                "closedLanes": "",
                "description": "",
                "extent": "Affected",
                "numberOfLanes": "",
                "roadType": ""
              }
            ],
            "locationQualifier": "at",
            "mainStreet": "Queens Road",
            "quadrant": "",
            "queueLength": 0,
            "region": "Sydney",
            "secondLocation": "",
            "suburb": "Five Dock",
            "trafficVolume": "Heavy"
          }
        ],
        "isLocalRoad": "State road",
        "CategoryIcon": "PublicEvent"
      }
    },
    {
      "type": "Feature",
      "id": 290494,
      "geometry": {
        "type": "Point",
        "coordinates": [
          153.5323147,
          -28.5251179
        ],
        "collections": []
      },
      "properties": {
        "webLinks": [],
        "headline": "",
        "periods": [],
        "speedLimit": -1,
        "weblinkUrl": null,
        "expectedDelay": -1,
        "ended": true,
        "isNewIncident": false,
        "publicTransport": "",
        "impactingNetwork": true,
        "subCategoryB": null,
        "arrangementAttachments": [],
        "isInitialReport": false,
        "created": 1791529269000,
        "isMajor": false,
        "name": null,
        "subCategoryA": "Car",
        "adviceA": "Allow extra travel time",
        "adviceB": " ",
        "adviceC": " ",
        "incidentKind": "Unplanned",
        "mainCategory": "CRASH",
        "lastUpdated": 1791534036163,
        "otherAdvice": "",
        "arrangementElements": [],
        "diversions": "",
        "additionalInfo": [
          "Site Cleared"
        ],
        "weblinkName": null,
        "attendingGroups": null,
        "encodedPolylines": [],
        "displayName": "CRASH Car",
        "roads": [
          {
            "conditionTendency": "",
            "crossStreet": "Smokey Valley Way underpass",
            "delay": "",
            "impactedLanes": [
              {
                "affectedDirection": "Southbound",
                "closedLanes": "",
                "description": "",
                "extent": "Affected",
                "numberOfLanes": "",
                "roadType": ""
              }
            ],
            "locationQualifier": "near",
            "mainStreet": "M1 Pacific Motorway",
            "quadrant": "",
            "queueLength": 0,
            "region": "North Coast NSW",
            "secondLocation": "",
            "suburb": "Ocean Shores",
            "trafficVolume": ""
          }
        ],
        "isLocalRoad": "State road",
        "CategoryIcon": "Crash"
      }
    },
    {
      "type": "Feature",
      "id": 290499,
      "geometry": {
        "type": "Point",
        "coordinates": [
          150.968257,
          -33.9286049
        ],
        "collections": []
      },
      "properties": {
        "webLinks": [],
        "headline": "",
        "periods": [],
        "speedLimit": -1,
        "weblinkUrl": null,
        "expectedDelay": -1,
        "ended": true,
        "isNewIncident": false,
        "publicTransport": "",
        "impactingNetwork": true,
        "subCategoryB": null,
        "arrangementAttachments": [],
        "isInitialReport": false,
        "created": 1791532148000,
        "isMajor": false,
        "name": null,
        "subCategoryA": "Car",
        "adviceA": "Exercise caution",
        "adviceB": "Prepare to merge",
        "adviceC": " ",
        "incidentKind": "Unplanned",
        "mainCategory": "BREAKDOWN",
        "lastUpdated": 1791534255917,
        "otherAdvice": "",
        "arrangementElements": [],
        "diversions": "",
        "additionalInfo": [],
        "weblinkName": null,
        "attendingGroups": [
          "Transport for NSW"
        ],
        "encodedPolylines": [],
        "displayName": "BREAKDOWN Car",
        "roads": [
          {
            "conditionTendency": "",
            "crossStreet": "Riverside Avenue",
            "delay": "",
            "impactedLanes": [
              {
                "affectedDirection": "Westbound",
                "closedLanes": "1",
                "description": "Lane 1",
                "extent": "Lanes closed",
                "numberOfLanes": "3",
                "roadType": ""
              }
            ],
            "locationQualifier": "at",
            "mainStreet": "Newbridge Road",
            "quadrant": "",
            "queueLength": 0,
            "region": "Sydney",
            "secondLocation": "",
            "suburb": "Moorebank",
            "trafficVolume": ""
          }
        ],
        "isLocalRoad": "State road",
        "CategoryIcon": "Breakdown"
      }
    },
    {
      "type": "Feature",
      "id": 290496,
      "geometry": {
        "type": "Point",
        "coordinates": [
          151.0416087,
          -33.8414314
        ],
        "collections": []
      },
      "properties": {
        "webLinks": [],
        "headline": "",
        "periods": [],
        "speedLimit": -1,
        "weblinkUrl": null,
        "expectedDelay": -1,
        "ended": true,
        "isNewIncident": false,
        "publicTransport": "",
        "impactingNetwork": true,
        "subCategoryB": null,
        "arrangementAttachments": [],
        "isInitialReport": false,
        "created": 1791530821000,
        "isMajor": false,
        "name": null,
        "subCategoryA": "Truck",
        "adviceA": "Exercise caution",
        "adviceB": "Prepare to merge",
        "adviceC": " ",
        "incidentKind": "Unplanned",
        "mainCategory": "BREAKDOWN",
        "lastUpdated": 1791535356423,
        "otherAdvice": "",
        "arrangementElements": [],
        "diversions": "",
        "additionalInfo": [],
        "weblinkName": null,
        "attendingGroups": [
          "Motorway Crew"
        ],
        "encodedPolylines": [],
        "displayName": "BREAKDOWN Truck",
        "roads": [
          {
            "conditionTendency": "",
            "crossStreet": "Silverwater Road",
            "delay": "",
            "impactedLanes": [
              {
                "affectedDirection": "Eastbound",
                "closedLanes": "1",
                "description": "Lane 1, Shoulder",
                "extent": "Lanes closed",
                "numberOfLanes": "3",
                "roadType": ""
              }
            ],
            "locationQualifier": "approaching",
            "mainStreet": "M4 Motorway",
            "quadrant": "",
            "queueLength": 0,
            "region": "Sydney",
            "secondLocation": "",
            "suburb": "Lidcombe",
            "trafficVolume": ""
          }
        ],
        "isLocalRoad": "State road",
        "CategoryIcon": "Breakdown"
      }
    },
    {
      "type": "Feature",
      "id": 290502,
      "geometry": {
        "type": "Point",
        "coordinates": [
          150.960566,
          -33.8298776
        ],
        "collections": []
      },
      "properties": {
        "webLinks": [],
        "headline": "",
        "periods": [],
        "speedLimit": -1,
        "weblinkUrl": null,
        "expectedDelay": -1,
        "ended": true,
        "isNewIncident": false,
        "publicTransport": "",
        "impactingNetwork": true,
        "subCategoryB": null,
        "arrangementAttachments": [],
        "isInitialReport": false,
        "created": 1791535383000,
        "isMajor": false,
        "name": null,
        "subCategoryA": "Car towing trailer",
        "adviceA": "Exercise caution",
        "adviceB": "Prepare to merge",
        "adviceC": " ",
        "incidentKind": "Unplanned",
        "mainCategory": "BREAKDOWN",
        "lastUpdated": 1791536071158,
        "otherAdvice": "",
        "arrangementElements": [],
        "diversions": "",
        "additionalInfo": [],
        "weblinkName": null,
        "attendingGroups": [
          "Emergency services",
          "Transport for NSW"
        ],
        "encodedPolylines": [],
        "displayName": "BREAKDOWN Car towing trailer",
        "roads": [
          {
            "conditionTendency": "",
            "crossStreet": "Merrylands Road",
            "delay": "",
            "impactedLanes": [
              {
                "affectedDirection": "Southbound",
                "closedLanes": "1",
                "description": "Lane 1",
                "extent": "Lanes closed",
                "numberOfLanes": "3",
                "roadType": ""
              }
            ],
            "locationQualifier": "approaching",
            "mainStreet": "Cumberland Highway",
            "quadrant": "",
            "queueLength": 0,
            "region": "Sydney",
            "secondLocation": "",
            "suburb": "Greystanes",
            "trafficVolume": ""
          }
        ],
        "isLocalRoad": "State road",
        "CategoryIcon": "Breakdown"
      }
    },
    {
      "type": "Feature",
      "id": 290503,
      "geometry": {
        "type": "Point",
        "coordinates": [
          151.2096595,
          -33.8537837
        ],
        "collections": []
      },
      "properties": {
        "webLinks": [],
        "headline": "",
        "periods": [],
        "speedLimit": -1,
        "weblinkUrl": null,
        "expectedDelay": -1,
        "ended": true,
        "isNewIncident": false,
        "publicTransport": "",
        "impactingNetwork": true,
        "subCategoryB": null,
        "arrangementAttachments": [],
        "isInitialReport": false,
        "created": 1791537243000,
        "isMajor": false,
        "name": null,
        "subCategoryA": "2 cars",
        "adviceA": "Exercise caution",
        "adviceB": "Prepare to merge",
        "adviceC": "Expect delays",
        "incidentKind": "Unplanned",
        "mainCategory": "CRASH",
        "lastUpdated": 1791538101095,
        "otherAdvice": "",
        "arrangementElements": [],
        "diversions": "",
        "additionalInfo": [],
        "weblinkName": null,
        "attendingGroups": [
          "Transport for NSW"
        ],
        "encodedPolylines": [],
        "displayName": "CRASH 2 cars",
        "roads": [
          {
            "conditionTendency": "",
            "crossStreet": "",
            "delay": "",
            "impactedLanes": [
              {
                "affectedDirection": "Northbound",
                "closedLanes": "1",
                "description": "Lane 3",
                "extent": "Lanes closed",
                "numberOfLanes": "3",
                "roadType": ""
              }
            ],
            "locationQualifier": "at",
            "mainStreet": "Sydney Harbour Bridge",
            "quadrant": "",
            "queueLength": 0,
            "region": "Sydney",
            "secondLocation": "",
            "suburb": "Sydney",
            "trafficVolume": "Heavy"
          }
        ],
        "isLocalRoad": "State road",
        "CategoryIcon": "Crash"
      }
    },
    {
      "type": "Feature",
      "id": 290501,
      "geometry": {
        "type": "Point",
        "coordinates": [
          144.7631189,
          -36.0431903
        ],
        "collections": []
      },
      "properties": {
        "webLinks": [],
        "headline": "",
        "periods": [],
        "speedLimit": -1,
        "weblinkUrl": null,
        "expectedDelay": -1,
        "ended": true,
        "isNewIncident": false,
        "publicTransport": "",
        "impactingNetwork": true,
        "subCategoryB": null,
        "arrangementAttachments": [],
        "isInitialReport": false,
        "created": 1791534741000,
        "isMajor": false,
        "name": null,
        "subCategoryA": "2 vehicles",
        "adviceA": "Exercise caution",
        "adviceB": " ",
        "adviceC": " ",
        "incidentKind": "Unplanned",
        "mainCategory": "CRASH",
        "lastUpdated": 1791540042119,
        "otherAdvice": "<p>Motorists are advised to expect intermittent closures. </p>",
        "arrangementElements": [],
        "diversions": "",
        "additionalInfo": [],
        "weblinkName": null,
        "attendingGroups": [
          "Emergency services"
        ],
        "encodedPolylines": [],
        "displayName": "CRASH 2 vehicles",
        "roads": [
          {
            "conditionTendency": "",
            "crossStreet": "Centre Road",
            "delay": "",
            "impactedLanes": [
              {
                "affectedDirection": "Both directions",
                "closedLanes": "",
                "description": "",
                "extent": "Affected",
                "numberOfLanes": "",
                "roadType": ""
              }
            ],
            "locationQualifier": "near",
            "mainStreet": "Cobb Highway",
            "quadrant": "",
            "queueLength": 0,
            "region": "The Murray",
            "secondLocation": "",
            "suburb": "Moama",
            "trafficVolume": ""
          }
        ],
        "isLocalRoad": "State road",
        "CategoryIcon": "Crash"
      }
    },
    {
      "type": "Feature",
      "id": 290504,
      "geometry": {
        "type": "Point",
        "coordinates": [
          150.9307951,
          -33.9299488
        ],
        "collections": []
      },
      "properties": {
        "webLinks": [],
        "headline": "",
        "periods": [],
        "speedLimit": -1,
        "weblinkUrl": null,
        "expectedDelay": -1,
        "ended": true,
        "isNewIncident": false,
        "publicTransport": "",
        "impactingNetwork": true,
        "subCategoryB": null,
        "arrangementAttachments": [],
        "isInitialReport": false,
        "created": 1791539048000,
        "isMajor": false,
        "name": null,
        "subCategoryA": "Car, Motorcycle",
        "adviceA": "Reduce your speed",
        "adviceB": "Exercise caution",
        "adviceC": " ",
        "incidentKind": "Unplanned",
        "mainCategory": "CRASH",
        "lastUpdated": 1791540440527,
        "otherAdvice": "",
        "arrangementElements": [],
        "diversions": "",
        "additionalInfo": [],
        "weblinkName": null,
        "attendingGroups": [
          "Emergency services"
        ],
        "encodedPolylines": [],
        "displayName": "CRASH Car, Motorcycle",
        "roads": [
          {
            "conditionTendency": "",
            "crossStreet": "Heathcote Road",
            "delay": "",
            "impactedLanes": [
              {
                "affectedDirection": "Southbound",
                "closedLanes": "1",
                "description": "Lane 2",
                "extent": "Lanes closed",
                "numberOfLanes": "2",
                "roadType": ""
              }
            ],
            "locationQualifier": "just past",
            "mainStreet": "Moorebank Avenue",
            "quadrant": "",
            "queueLength": 0,
            "region": "Sydney",
            "secondLocation": "",
            "suburb": "Moorebank",
            "trafficVolume": ""
          }
        ],
        "isLocalRoad": "State road",
        "CategoryIcon": "Crash"
      }
    },
    {
      "type": "Feature",
      "id": 290505,
      "geometry": {
        "type": "Point",
        "coordinates": [
          151.0395587,
          -33.9211094
        ],
        "collections": []
      },
      "properties": {
        "webLinks": [],
        "headline": "",
        "periods": [],
        "speedLimit": -1,
        "weblinkUrl": null,
        "expectedDelay": -1,
        "ended": true,
        "isNewIncident": false,
        "publicTransport": "",
        "impactingNetwork": true,
        "subCategoryB": null,
        "arrangementAttachments": [],
        "isInitialReport": false,
        "created": 1791539968000,
        "isMajor": false,
        "name": null,
        "subCategoryA": "Multiple vehicles",
        "adviceA": "Reduce your speed",
        "adviceB": "Exercise caution",
        "adviceC": " ",
        "incidentKind": "Unplanned",
        "mainCategory": "CRASH",
        "lastUpdated": 1791542801795,
        "otherAdvice": "",
        "arrangementElements": [],
        "diversions": "",
        "additionalInfo": [],
        "weblinkName": null,
        "attendingGroups": [
          "Emergency services",
          "Tow Truck"
        ],
        "encodedPolylines": [],
        "displayName": "CRASH Multiple vehicles",
        "roads": [
          {
            "conditionTendency": "",
            "crossStreet": "Stanley Street",
            "delay": "",
            "impactedLanes": [
              {
                "affectedDirection": "Southbound",
                "closedLanes": "",
                "description": "",
                "extent": "Affected",
                "numberOfLanes": "",
                "roadType": ""
              }
            ],
            "locationQualifier": "approaching",
            "mainStreet": "Stacey Street",
            "quadrant": "",
            "queueLength": 0,
            "region": "Sydney",
            "secondLocation": "",
            "suburb": "Bankstown",
            "trafficVolume": "Moderate"
          }
        ],
        "isLocalRoad": "State road",
        "CategoryIcon": "Crash"
      }
    },
    {
      "type": "Feature",
      "id": 290508,
      "geometry": {
        "type": "Point",
        "coordinates": [
          150.9950432,
          -33.8559746
        ],
        "collections": []
      },
      "properties": {
        "webLinks": [],
        "headline": "",
        "periods": [],
        "speedLimit": -1,
        "weblinkUrl": null,
        "expectedDelay": -1,
        "ended": true,
        "isNewIncident": false,
        "publicTransport": "",
        "impactingNetwork": true,
        "subCategoryB": null,
        "arrangementAttachments": [],
        "isInitialReport": false,
        "created": 1791545394000,
        "isMajor": false,
        "name": null,
        "subCategoryA": "3 vehicles",
        "adviceA": "Reduce your speed",
        "adviceB": "Exercise caution",
        "adviceC": " ",
        "incidentKind": "Unplanned",
        "mainCategory": "CRASH",
        "lastUpdated": 1791545866319,
        "otherAdvice": "",
        "arrangementElements": [],
        "diversions": "",
        "additionalInfo": [],
        "weblinkName": null,
        "attendingGroups": [
          "Emergency services"
        ],
        "encodedPolylines": [],
        "displayName": "CRASH 3 vehicles",
        "roads": [
          {
            "conditionTendency": "",
            "crossStreet": "Guildford Road",
            "delay": "",
            "impactedLanes": [
              {
                "affectedDirection": "Southbound",
                "closedLanes": "1",
                "description": "Lane 1",
                "extent": "Lanes closed",
                "numberOfLanes": "3",
                "roadType": ""
              }
            ],
            "locationQualifier": "just past",
            "mainStreet": "Woodville Road",
            "quadrant": "",
            "queueLength": 0,
            "region": "Sydney",
            "secondLocation": "",
            "suburb": "Guildford",
            "trafficVolume": ""
          }
        ],
        "isLocalRoad": "State road",
        "CategoryIcon": "Crash"
      }
    },
    {
      "type": "Feature",
      "id": 290509,
      "geometry": {
        "type": "Point",
        "coordinates": [
          151.0606562,
          -33.8544884
        ],
        "collections": []
      },
      "properties": {
        "webLinks": [],
        "headline": "",
        "periods": [],
        "speedLimit": -1,
        "weblinkUrl": null,
        "expectedDelay": -1,
        "ended": true,
        "isNewIncident": false,
        "publicTransport": "",
        "impactingNetwork": true,
        "subCategoryB": null,
        "arrangementAttachments": [],
        "isInitialReport": false,
        "created": 1791549790000,
        "isMajor": false,
        "name": null,
        "subCategoryA": "2 cars",
        "adviceA": "Exercise caution",
        "adviceB": "Prepare to merge",
        "adviceC": " ",
        "incidentKind": "Unplanned",
        "mainCategory": "CRASH",
        "lastUpdated": 1791550159888,
        "otherAdvice": "",
        "arrangementElements": [],
        "diversions": "",
        "additionalInfo": [],
        "weblinkName": null,
        "attendingGroups": [
          "Emergency services",
          "Tow Truck"
        ],
        "encodedPolylines": [],
        "displayName": "CRASH 2 cars",
        "roads": [
          {
            "conditionTendency": "",
            "crossStreet": "Birnie Avenue",
            "delay": "",
            "impactedLanes": [
              {
                "affectedDirection": "Westbound",
                "closedLanes": "1",
                "description": "Lane 1",
                "extent": "Lanes closed",
                "numberOfLanes": "3",
                "roadType": ""
              }
            ],
            "locationQualifier": "just past",
            "mainStreet": "Parramatta Road",
            "quadrant": "",
            "queueLength": 0,
            "region": "Sydney",
            "secondLocation": "",
            "suburb": "Lidcombe",
            "trafficVolume": ""
          }
        ],
        "isLocalRoad": "State road",
        "CategoryIcon": "Crash"
      }
    },
    {
      "type": "Feature",
      "id": 290510,
      "geometry": {
        "type": "Point",
        "coordinates": [
          151.0838297,
          -33.8377116
        ],
        "collections": []
      },
      "properties": {
        "webLinks": [],
        "headline": "",
        "periods": [],
        "speedLimit": -1,
        "weblinkUrl": null,
        "expectedDelay": -1,
        "ended": true,
        "isNewIncident": false,
        "publicTransport": "",
        "impactingNetwork": true,
        "subCategoryB": null,
        "arrangementAttachments": [],
        "isInitialReport": false,
        "created": 1791550487000,
        "isMajor": false,
        "name": null,
        "subCategoryA": "3 vehicles",
        "adviceA": "Exercise caution",
        "adviceB": "Prepare to merge",
        "adviceC": " ",
        "incidentKind": "Unplanned",
        "mainCategory": "CRASH",
        "lastUpdated": 1791550842525,
        "otherAdvice": "",
        "arrangementElements": [],
        "diversions": "",
        "additionalInfo": [],
        "weblinkName": null,
        "attendingGroups": [
          "Emergency services",
          "Tow Truck"
        ],
        "encodedPolylines": [],
        "displayName": "CRASH 3 vehicles",
        "roads": [
          {
            "conditionTendency": "",
            "crossStreet": "Oulton Avenue",
            "delay": "",
            "impactedLanes": [
              {
                "affectedDirection": "Southbound",
                "closedLanes": "1",
                "description": "Lane 1",
                "extent": "Lanes closed",
                "numberOfLanes": "3",
                "roadType": ""
              }
            ],
            "locationQualifier": "near",
            "mainStreet": "Homebush Bay Drive",
            "quadrant": "",
            "queueLength": 0,
            "region": "Sydney",
            "secondLocation": "",
            "suburb": "Rhodes",
            "trafficVolume": ""
          }
        ],
        "isLocalRoad": "State road",
        "CategoryIcon": "Crash"
      }
    },
    {
      "type": "Feature",
      "id": 290467,
      "geometry": {
        "type": "Point",
        "coordinates": [
          148.9951887,
          -31.4533295
        ],
        "collections": []
      },
      "properties": {
        "webLinks": [],
        "headline": "",
        "periods": [],
        "speedLimit": -1,
        "weblinkUrl": null,
        "expectedDelay": -1,
        "ended": true,
        "isNewIncident": false,
        "publicTransport": "",
        "impactingNetwork": true,
        "subCategoryB": null,
        "arrangementAttachments": [],
        "isInitialReport": false,
        "created": 1791519234000,
        "isMajor": false,
        "name": null,
        "subCategoryA": "null",
        "adviceA": "Reduce your speed",
        "adviceB": "Exercise caution",
        "adviceC": " ",
        "incidentKind": "Unplanned",
        "mainCategory": "BREAKDOWN",
        "lastUpdated": 1791553342727,
        "otherAdvice": "",
        "arrangementElements": [],
        "diversions": "",
        "additionalInfo": [],
        "weblinkName": null,
        "attendingGroups": [
          "Emergency services"
        ],
        "encodedPolylines": [],
        "displayName": "BREAKDOWN Road Train",
        "roads": [
          {
            "conditionTendency": "",
            "crossStreet": "O'Conners Road",
            "delay": "",
            "impactedLanes": [
              {
                "affectedDirection": "Northbound",
                "closedLanes": "1",
                "description": "Lane 1",
                "extent": "Lanes closed",
                "numberOfLanes": "2",
                "roadType": ""
              }
            ],
            "locationQualifier": "just past",
            "mainStreet": "Newell HIghway",
            "quadrant": "",
            "queueLength": 0,
            "region": "Central NSW",
            "secondLocation": "",
            "suburb": "Tooraweenah",
            "trafficVolume": ""
          }
        ],
        "isLocalRoad": "State road",
        "CategoryIcon": "Breakdown"
      }
    },
    {
      "type": "Feature",
      "id": 290512,
      "geometry": {
        "type": "Point",
        "coordinates": [
          150.979815,
          -33.387231
        ],
        "collections": []
      },
      "properties": {
        "webLinks": [
          {
            "linkText": "Vehicle ferries",
            "linkURL": "https://www.rms.nsw.gov.au/roads/using-roads/vehicular-ferries/index.html"
          },
          {
            "linkText": "Central Coast Council",
            "linkURL": "https://www.centralcoast.nsw.gov.au/residents/roads-and-water/road-closures"
          }
        ],
        "headline": "",
        "periods": [],
        "speedLimit": -1,
        "weblinkUrl": null,
        "expectedDelay": -1,
        "ended": true,
        "isNewIncident": false,
        "publicTransport": "",
        "impactingNetwork": false,
        "subCategoryB": null,
        "arrangementAttachments": [
          {
            "displayName": "Webbs Creek Ferry detour map",
            "fileName": "Webbs Creek Ferry detour map.png",
            "fileType": "PNG",
            "linkName": "Webbs Creek Ferry detour map",
            "sizeInBytes": 206588,
            "uniqueFileName": "383373_1762407105477_Webbs Creek Ferry detour map.png"
          }
        ],
        "isInitialReport": false,
        "created": 1791558361000,
        "isMajor": false,
        "name": null,
        "subCategoryA": "Breakdown",
        "adviceA": "Use diversions",
        "adviceB": "Plan your journey",
        "adviceC": "Allow extra travel time",
        "incidentKind": "Unplanned",
        "mainCategory": "FERRY OUT OF SERVICE",
        "lastUpdated": 1791561607560,
        "otherAdvice": "<p>The ferry will be out of service until approximately midday.</p>",
        "arrangementElements": [],
        "diversions": "<p><strong>Eastbound:</strong> St Albans Rd, Settlers Rd, Wisemans Ferry Rd, Old Northern Rd, to River Rd.</p><p><strong>Westbound:</strong> River Rd, Old Northern Rd, Wisemans Ferry Rd, Settlers Rd to St Albans Rd.</p>",
        "additionalInfo": [],
        "weblinkName": null,
        "attendingGroups": null,
        "encodedPolylines": [],
        "displayName": "FERRY OUT OF SERVICE Maintenance",
        "roads": [
          {
            "conditionTendency": "",
            "crossStreet": "River Road",
            "delay": "",
            "impactedLanes": [
              {
                "affectedDirection": "Both directions",
                "closedLanes": "",
                "description": "",
                "extent": "Closed",
                "numberOfLanes": "",
                "roadType": "Ferry"
              }
            ],
            "locationQualifier": "between",
            "mainStreet": "Webbs Creek Ferry",
            "quadrant": "",
            "queueLength": 0,
            "region": "Sydney",
            "secondLocation": "St Albans Road",
            "suburb": "Wisemans Ferry",
            "trafficVolume": ""
          }
        ],
        "isLocalRoad": "State road",
        "CategoryIcon": "Breakdown"
      }
    },
    {
      "type": "Feature",
      "id": 290513,
      "geometry": {
        "type": "Point",
        "coordinates": [
          150.8676167,
          -31.9562843
        ],
        "collections": []
      },
      "properties": {
        "webLinks": [],
        "headline": "",
        "periods": [],
        "speedLimit": -1,
        "weblinkUrl": null,
        "expectedDelay": -1,
        "ended": true,
        "isNewIncident": false,
        "publicTransport": "",
        "impactingNetwork": true,
        "subCategoryB": null,
        "arrangementAttachments": [],
        "isInitialReport": false,
        "created": 1791558475000,
        "isMajor": false,
        "name": null,
        "subCategoryA": "Truck, Car",
        "adviceA": "Exercise caution",
        "adviceB": "Expect delays",
        "adviceC": " ",
        "incidentKind": "Unplanned",
        "mainCategory": "CRASH",
        "lastUpdated": 1791563820684,
        "otherAdvice": "<p>Contraflow traffic conditions are in place to allow motorists to pass in both directions. </p>",
        "arrangementElements": [],
        "diversions": "",
        "additionalInfo": [],
        "weblinkName": null,
        "attendingGroups": [
          "Emergency services"
        ],
        "encodedPolylines": [],
        "displayName": "CRASH Truck, Car",
        "roads": [
          {
            "conditionTendency": "",
            "crossStreet": "Banool Lane",
            "delay": "",
            "impactedLanes": [
              {
                "affectedDirection": "Both directions",
                "closedLanes": "",
                "description": "",
                "extent": "Affected",
                "numberOfLanes": "",
                "roadType": ""
              }
            ],
            "locationQualifier": "near",
            "mainStreet": "New England Highway",
            "quadrant": "",
            "queueLength": 0,
            "region": "Hunter",
            "secondLocation": "",
            "suburb": "Parkville",
            "trafficVolume": "Moderate"
          }
        ],
        "isLocalRoad": "State road",
        "CategoryIcon": "Crash"
      }
    },
    {
      "type": "Feature",
      "id": 290515,
      "geometry": {
        "type": "Point",
        "coordinates": [
          149.6534493,
          -35.048863
        ],
        "collections": []
      },
      "properties": {
        "webLinks": [],
        "headline": "",
        "periods": [],
        "speedLimit": -1,
        "weblinkUrl": null,
        "expectedDelay": -1,
        "ended": true,
        "isNewIncident": false,
        "publicTransport": "",
        "impactingNetwork": true,
        "subCategoryB": null,
        "arrangementAttachments": [],
        "isInitialReport": false,
        "created": 1791561703000,
        "isMajor": false,
        "name": null,
        "subCategoryA": "2 cars",
        "adviceA": "Reduce your speed",
        "adviceB": "Exercise caution",
        "adviceC": " ",
        "incidentKind": "Unplanned",
        "mainCategory": "CRASH",
        "lastUpdated": 1791566092672,
        "otherAdvice": "",
        "arrangementElements": [],
        "diversions": "",
        "additionalInfo": [],
        "weblinkName": null,
        "attendingGroups": [
          "Emergency services",
          "Transport for NSW"
        ],
        "encodedPolylines": [],
        "displayName": "CRASH 2 cars",
        "roads": [
          {
            "conditionTendency": "",
            "crossStreet": "Lumley Road",
            "delay": "",
            "impactedLanes": [
              {
                "affectedDirection": "Both directions",
                "closedLanes": "",
                "description": "",
                "extent": "Affected",
                "numberOfLanes": "",
                "roadType": ""
              }
            ],
            "locationQualifier": "near",
            "mainStreet": "Braidwood Road",
            "quadrant": "",
            "queueLength": 0,
            "region": "Southern Highlands",
            "secondLocation": "",
            "suburb": "Lake Bathurst",
            "trafficVolume": ""
          }
        ],
        "isLocalRoad": "State road",
        "CategoryIcon": "Crash"
      }
    },
    {
      "type": "Feature",
      "id": 290514,
      "geometry": {
        "type": "Point",
        "coordinates": [
          150.692822,
          -33.738697
        ],
        "collections": []
      },
      "properties": {
        "webLinks": [],
        "headline": "",
        "periods": [],
        "speedLimit": -1,
        "weblinkUrl": null,
        "expectedDelay": -1,
        "ended": true,
        "isNewIncident": false,
        "publicTransport": "",
        "impactingNetwork": true,
        "subCategoryB": null,
        "arrangementAttachments": [],
        "isInitialReport": false,
        "created": 1791559634000,
        "isMajor": false,
        "name": null,
        "subCategoryA": "Power failure",
        "adviceA": "Reduce your speed",
        "adviceB": "Exercise caution",
        "adviceC": " ",
        "incidentKind": "Unplanned",
        "mainCategory": "TRAFFIC LIGHTS BLACKED OUT",
        "lastUpdated": 1791566413123,
        "otherAdvice": "",
        "arrangementElements": [],
        "diversions": "",
        "additionalInfo": [],
        "weblinkName": null,
        "attendingGroups": [
          "Utility Company"
        ],
        "encodedPolylines": [],
        "displayName": "TRAFFIC LIGHTS BLACKED OUT Power failure",
        "roads": [
          {
            "conditionTendency": "",
            "crossStreet": "Jack Williams Drive",
            "delay": "",
            "impactedLanes": [
              {
                "affectedDirection": "All directions",
                "closedLanes": "",
                "description": "",
                "extent": "Affected",
                "numberOfLanes": "",
                "roadType": ""
              }
            ],
            "locationQualifier": "at",
            "mainStreet": "Castlereagh Road",
            "quadrant": "",
            "queueLength": 0,
            "region": "Sydney",
            "secondLocation": "",
            "suburb": "Penrith",
            "trafficVolume": ""
          }
        ],
        "isLocalRoad": "State road",
        "CategoryIcon": "TrafficSignals"
      }
    },
    {
      "type": "Feature",
      "id": 290460,
      "geometry": {
        "type": "Point",
        "coordinates": [
          151.698468,
          -32.8511111
        ],
        "collections": []
      },
      "properties": {
        "webLinks": [],
        "headline": "",
        "periods": [],
        "speedLimit": -1,
        "weblinkUrl": null,
        "expectedDelay": -1,
        "ended": true,
        "isNewIncident": false,
        "publicTransport": "",
        "impactingNetwork": true,
        "subCategoryB": null,
        "arrangementAttachments": [],
        "isInitialReport": false,
        "created": 1791516848000,
        "isMajor": false,
        "name": null,
        "subCategoryA": "null",
        "adviceA": "Prepare to merge",
        "adviceB": "Reduce your speed",
        "adviceC": "Exercise caution",
        "incidentKind": "Unplanned",
        "mainCategory": "EMERGENCY ROADWORK",
        "lastUpdated": 1791568596471,
        "otherAdvice": "",
        "arrangementElements": [],
        "diversions": "",
        "additionalInfo": [],
        "weblinkName": null,
        "attendingGroups": [
          "Utility Company"
        ],
        "encodedPolylines": [],
        "displayName": "EMERGENCY UTILITY WORK",
        "roads": [
          {
            "conditionTendency": "",
            "crossStreet": "Shamrock Street",
            "delay": "",
            "impactedLanes": [
              {
                "affectedDirection": "Northbound",
                "closedLanes": "1",
                "description": "Lane 1",
                "extent": "Lanes closed",
                "numberOfLanes": "3",
                "roadType": ""
              }
            ],
            "locationQualifier": "approaching",
            "mainStreet": "Pacific Highway",
            "quadrant": "",
            "queueLength": 0,
            "region": "Hunter",
            "secondLocation": "",
            "suburb": "Hexham",
            "trafficVolume": ""
          }
        ],
        "isLocalRoad": "State road",
        "CategoryIcon": "Hazard"
      }
    },
    {
      "type": "Feature",
      "id": 290511,
      "geometry": {
        "type": "Point",
        "coordinates": [
          150.5497949,
          -33.6961844
        ],
        "collections": []
      },
      "properties": {
        "webLinks": [],
        "headline": "",
        "periods": [],
        "speedLimit": -1,
        "weblinkUrl": null,
        "expectedDelay": -1,
        "ended": false,
        "isNewIncident": false,
        "publicTransport": "",
        "impactingNetwork": true,
        "subCategoryB": null,
        "arrangementAttachments": [],
        "isInitialReport": false,
        "created": 1791558067000,
        "isMajor": false,
        "name": null,
        "subCategoryA": "Truck",
        "adviceA": "Expect delays",
        "adviceB": " ",
        "adviceC": " ",
        "incidentKind": "Unplanned",
        "mainCategory": "CRASH",
        "lastUpdated": 1791570574741,
        "otherAdvice": "<p>Road closure lines provided by Google Maps may not be up to date. </p>",
        "arrangementElements": [],
        "diversions": "",
        "additionalInfo": [],
        "weblinkName": null,
        "attendingGroups": [
          "Emergency services",
          "Transport for NSW",
          "Heavy vehicle tow truck"
        ],
        "encodedPolylines": [],
        "displayName": "CRASH Truck",
        "roads": [
          {
            "conditionTendency": "",
            "crossStreet": "Churchill Street",
            "delay": "",
            "impactedLanes": [
              {
                "affectedDirection": "Eastbound",
                "closedLanes": "1",
                "description": "Lane 1",
                "extent": "Lanes closed",
                "numberOfLanes": "2",
                "roadType": ""
              }
            ],
            "locationQualifier": "near",
            "mainStreet": "Great Western Highway",
            "quadrant": "",
            "queueLength": 0,
            "region": "Blue Mountains",
            "secondLocation": "",
            "suburb": "Faulconbridge",
            "trafficVolume": "Moderate"
          }
        ],
        "isLocalRoad": "State road",
        "CategoryIcon": "Crash"
      }
    },
    {
      "type": "Feature",
      "id": 290506,
      "geometry": {
        "type": "Point",
        "coordinates": [
          150.8585435,
          -34.3665539
        ],
        "collections": []
      },
      "properties": {
        "webLinks": [],
        "headline": "",
        "periods": [],
        "speedLimit": -1,
        "weblinkUrl": null,
        "expectedDelay": -1,
        "ended": false,
        "isNewIncident": false,
        "publicTransport": "",
        "impactingNetwork": true,
        "subCategoryB": null,
        "arrangementAttachments": [],
        "isInitialReport": false,
        "created": 1791544493000,
        "isMajor": false,
        "name": null,
        "subCategoryA": "Truck",
        "adviceA": "Use an alternative route",
        "adviceB": "Allow extra travel time",
        "adviceC": " ",
        "incidentKind": "Unplanned",
        "mainCategory": "CRASH",
        "lastUpdated": 1791570574949,
        "otherAdvice": "<p>The northbound off-ramp from M1 Princes Mtwy to Picton Rd is closed during heavy vehicle recovery.</p>",
        "arrangementElements": [],
        "diversions": "<p>Appin Rd - suitable for vehicles up to 26m B-Doubles.</p><p>Unless specified otherwise, operators of Class 1,2 &amp; 3 vehicles travelling under a Notice <strong>must</strong> consult their relevant enforceable network map to confirm a suitable <strong>approved</strong> alternative route.</p><p>Operators of Class 1, 2 &amp; 3 vehicles travelling under a Permit <strong>must not</strong> travel off the approved route listed in the permit unless an updated permit is obtained from the NHVR.</p>",
        "additionalInfo": [],
        "weblinkName": null,
        "attendingGroups": [
          "Emergency services"
        ],
        "encodedPolylines": [],
        "displayName": "CRASH Truck",
        "roads": [
          {
            "conditionTendency": "",
            "crossStreet": "M1 Princes Motorway (Mount Ousely Road)",
            "delay": "",
            "impactedLanes": [
              {
                "affectedDirection": "Northbound",
                "closedLanes": "",
                "description": "",
                "extent": "Closed",
                "numberOfLanes": "",
                "roadType": "Off-ramp"
              }
            ],
            "locationQualifier": "near",
            "mainStreet": "Picton Road",
            "quadrant": "",
            "queueLength": 0,
            "region": "South Coast",
            "secondLocation": "",
            "suburb": "Cataract",
            "trafficVolume": ""
          }
        ],
        "isLocalRoad": "State road",
        "CategoryIcon": "Crash"
      }
    }
  ]
}