{
  "type": "FeatureCollection",
  "features": [
    {
      "type": "Feature",
      "id": 283071,
      "geometry": {
        "type": "Point",
        "coordinates": [
          151.268379,
          -33.611606
        ],
        "collections": []
      },
      "properties": {
        "webLinks": [
          {
            "linkText": "West Head Road Race",
            "linkURL": "https://manlywarringahcc.org.au/racing/wh-race-general-info/"
          }
        ],
        "headline": "",
        "periods": [
          {
            "closureType": "ROAD_CLOSURE",
            "roadextent": "Affected",
            "roadtype": "",
            "direction": "Both directions",
            "finishTime": "9:30am",
            "fromDay": "Sunday",
            "startTime": "6:30am",
            "toDay": ""
          }
        ],
        "speedLimit": -1,
        "weblinkUrl": null,
        "expectedDelay": -1,
        "ended": false,
        "isNewIncident": false,
        "publicTransport": "<p>No Bus Route(s)will be affected by the road closures.</p>",
        "impactingNetwork": false,
        "subCategoryB": null,
        "arrangementAttachments": [],
        "isInitialReport": false,
        "created": 1785421229000,
        "isMajor": false,
        "name": null,
        "subCategoryA": "null",
        "adviceA": "Allow extra travel time",
        "adviceB": "Exercise caution",
        "adviceC": "Check signage",
        "end": 1796509800000,
        "hideEndDate": false,
        "incidentKind": "Planned",
        "mainCategory": "SPECIAL EVENT",
        "lastUpdated": 1785424445806,
        "otherAdvice": "<p>Alternating (stop/slow) traffic conditions will be in place to allow motorists to pass in one direction at a time. Motorists are advised to expect intermittent closures.</p><p><strong>The West Head Road Cyclist Race will take place on the following days:</strong></p><p>Sun 13 Sep 06:30 to 09:30</p><p>Sun 25 Oct 06:30 to 09:30</p><p>Sun 15 Nov 06:30 to 09:30</p><p>Sun 6 Dec 06:30 to 09:30</p>",
        "arrangementElements": [],
        "diversions": "",
        "additionalInfo": [],
        "weblinkName": null,
        "attendingGroups": null,
        "encodedPolylines": [],
        "duration": null,
        "start": 1789243200000,
        "displayName": "West Head Road Cyclist Race",
        "roads": [
          {
            "conditionTendency": "",
            "crossStreet": "Elvina Track",
            "delay": "",
            "impactedLanes": [],
            "locationQualifier": "between",
            "mainStreet": "West Head Road",
            "quadrant": "",
            "queueLength": 0,
            "region": "Sydney",
            "secondLocation": "Resolute Carpark",
            "suburb": "Ku-ring-gai Chase",
            "trafficVolume": ""
          }
        ],
        "isLocalRoad": "Local road",
        "CategoryIcon": "PublicEvent"
      }
    },
    {
      "type": "Feature",
      "id": 288235,
      "geometry": {
        "type": "Point",
        "coordinates": [
          151.228759,
          -33.9054279
        ],
        "collections": []
      },
      "properties": {
        "webLinks": [],
        "headline": "",
        "periods": [],
        "speedLimit": -1,
        "weblinkUrl": null,
        "expectedDelay": -1,
        "ended": false,
        "isNewIncident": true,
        "publicTransport": "<p>Race day tickets include travel on all public transport modes<strong>. </strong>Visit <a href=\"https://transportnsw.info/events/2026/10/epsom-day-everest-carnival\" rel=\"noopener noreferrer\" target=\"_blank\">transportnsw.info</a> to plan your trip.</p>",
        "impactingNetwork": false,
        "subCategoryB": null,
        "arrangementAttachments": [
          {
            "displayName": "Royal_Randwick_Spring_Carnival_Special_Event_Clearways_map_2026",
            "fileName": "Royal_Randwick_Spring_Carnival_Special_Event_Clearways_map_2026.pdf",
            "fileType": "PDF",
            "linkName": "Royal_Randwick_Spring_Carnival_Special_Event_Clearways_map_2026",
            "sizeInBytes": 1111903,
            "uniqueFileName": "457005_1788759433730_Royal_Randwick_Spring_Carnival_Special_Event_Clearways_map_2026.pdf"
          }
        ],
        "isInitialReport": false,
        "created": 1789950095000,
        "isMajor": false,
        "name": null,
        "subCategoryA": "null",
        "adviceA": "Allow extra travel time",
        "adviceB": "Use public transport",
        "adviceC": "Exercise caution",
        "end": 1791018000000,
        "hideEndDate": true,
        "incidentKind": "Planned",
        "mainCategory": "SPECIAL EVENT",
        "lastUpdated": 1789950096463,
        "otherAdvice": "<p><strong>Spring Carnival: Epsom Day at Royal Randwick Racecourse. First race at 12.05pm, last race from 5.25pm. </strong></p><p>Traffic may be heavier than usual on Anzac Pde, Doncaster Ave, High St, Alison Rd and Darley Rd as crowds travel to and from the event.</p><p>Motorists should allow extra travel time and be aware of increased pedestrian activity on local roads.</p><p><strong>Special event clearways will be in effect at the following times and locations: </strong></p><ul><li><strong>4am – 7pm</strong>: Darley Road between Alison Road and the Grand Drive roundabout (western side) </li><li><strong>8am – 7pm</strong>: Ascot Street between Doncaster Avenue and the roundabout at the entry to Randwick Racecourse (both sides) </li><li><strong>3pm – 7pm</strong>: High Street between Gate Two Avenue and Anzac Parade (southern side) </li></ul><p>Clearways are<strong> strict no-parking zones </strong>for all vehicle types and apply even to local residents and TfNSW Mobility Scheme Permit holders. Check signs carefully as vehicles left in clearways will be towed and a fee applies. If your vehicle is towed, you can search your vehicle registration at the <a href=\"https://www.nsw.gov.au/driving-boating-and-transport/demerits-penalties-and-offences/offences/if-your-car-gets-towed/what-to-do\" rel=\"noopener noreferrer\" target=\"_blank\">Find My Car website</a> to find its new location, or alternatively call 132 701 to speak to an operator.</p>",
        "arrangementElements": [],
        "diversions": "",
        "additionalInfo": [],
        "weblinkName": null,
        "attendingGroups": null,
        "encodedPolylines": [],
        "duration": null,
        "start": 1790949600000,
        "displayName": "Carnival Race Day",
        "roads": [
          {
            "conditionTendency": "",
            "crossStreet": "Royal Randwick Racecourse",
            "delay": "",
            "impactedLanes": [],
            "locationQualifier": "approaching",
            "mainStreet": "Anzac Parade, Alison Road, High Street",
            "quadrant": "",
            "queueLength": 0,
            "region": "Sydney",
            "secondLocation": "",
            "suburb": "Randwick",
            "trafficVolume": ""
          }
        ],
        "isLocalRoad": "State road",
        "CategoryIcon": "PublicEvent"
      }
    },
    {
      "type": "Feature",
      "id": 288243,
      "geometry": {
        "type": "Point",
        "coordinates": [
          151.1991944,
          -33.8759865
        ],
        "collections": []
      },
      "properties": {
        "webLinks": [
          {
            "linkText": "TikTok Entertainment Centre - What's On",
            "linkURL": "https://tiktokentcent.com/whats-on/"
          }
        ],
        "headline": "",
        "periods": [],
        "speedLimit": -1,
        "weblinkUrl": null,
        "expectedDelay": -1,
        "ended": false,
        "isNewIncident": true,
        "publicTransport": "<p>L1 Light rail service run regularly to Darling Harbour. Visit <a href=\"https://transportnsw.info\" rel=\"noopener noreferrer\" target=\"_blank\">transportnsw.info</a> to plan your trip. </p>",
        "impactingNetwork": true,
        "subCategoryB": null,
        "arrangementAttachments": [],
        "isInitialReport": false,
        "created": 1789951330000,
        "isMajor": false,
        "name": null,
        "subCategoryA": "null",
        "adviceA": "Allow extra travel time",
        "adviceB": " ",
        "adviceC": " ",
        "end": 1793364300000,
        "hideEndDate": false,
        "incidentKind": "Planned",
        "mainCategory": "SPECIAL EVENT",
        "lastUpdated": 1789951331357,
        "otherAdvice": "<p><strong>October shows at the TikTok Entertainment Centre:</strong></p><ul><li><strong>Saturday 3 October - </strong><a href=\"https://tiktokentcent.com/event/sonu-nigam/\" rel=\"noopener noreferrer\" target=\"_blank\"><strong>Sonu Nigam</strong></a><strong>. </strong>Show starts at 7.30pm</li><li><strong>Wednesday 7 &amp; Thursday 8 October - </strong><a href=\"https://tiktokentcent.com/event/lord-of-the-rings-in-concert/\" rel=\"noopener noreferrer\" target=\"_blank\"><strong>Lord of the Rings in Concert.</strong></a> Show starts nightly at 6.30pm</li><li><strong>Saturday 10 October - </strong><a href=\"https://tiktokentcent.com/event/elissa/\" rel=\"noopener noreferrer\" target=\"_blank\"><strong>Elissa</strong></a><strong>.</strong> Show starts at 7.30pm</li><li><strong>Saturday 17 October - </strong><a href=\"https://tiktokentcent.com/event/morgan-jay/\" rel=\"noopener noreferrer\" target=\"_blank\"><strong>Morgan Jay</strong></a><strong>.</strong> Show starts at 8pm</li><li><strong>Saturday 24 October - </strong><a href=\"https://tiktokentcent.com/event/the-wiggles-sparkle-big-show/\" rel=\"noopener noreferrer\" target=\"_blank\"><strong>The Wiggles Sparkle Big Show</strong></a>. Shows start at 10am and 1.30pm</li><li><strong>Sunday 25 &amp; Monday 26 October - </strong><a href=\"https://tiktokentcent.com/event/lily-allen/\" rel=\"noopener noreferrer\" target=\"_blank\"><strong>Lily Allen</strong></a>. Shows start nightly at 7pm</li><li><strong>Friday 30 October - </strong><a href=\"https://tiktokentcent.com/event/richie-jen-world-tour-2026/\" rel=\"noopener noreferrer\" target=\"_blank\"><strong>Richie Jen World Tour</strong></a>. Show starts at 8pm</li></ul><p>Traffic may be heavier than usual as attendees travel to and from the event. Motorists should allow extra travel time and be aware of increased pedestrian activity on local roads.</p>",
        "arrangementElements": [],
        "diversions": "",
        "additionalInfo": [],
        "weblinkName": null,
        "attendingGroups": null,
        "encodedPolylines": [],
        "duration": null,
        "start": 1790949600000,
        "displayName": "Upcoming events",
        "roads": [
          {
            "conditionTendency": "",
            "crossStreet": "TikTok Entertainment Centre",
            "delay": "",
            "impactedLanes": [],
            "locationQualifier": "approaching",
            "mainStreet": "Darling Drive",
            "quadrant": "",
            "queueLength": 0,
            "region": "Sydney",
            "secondLocation": "",
            "suburb": "Darling Harbour",
            "trafficVolume": ""
          }
        ],
        "isLocalRoad": "State road",
        "CategoryIcon": "PublicEvent"
      }
    },
    {
      "type": "Feature",
      "id": 288240,
      "geometry": {
        "type": "Point",
        "coordinates": [
          151.2216573,
          -33.8613081
        ],
        "collections": []
      },
      "properties": {
        "webLinks": [
          {
            "linkText": "What's On Botanic Gardens of Sydney",
            "linkURL": "https://www.botanicgardens.org.au/whats-on?garden%5B641%5D=641&event_date_start=2026-09-30&event_date_end=2026-10-31"
          }
        ],
        "headline": "",
        "periods": [],
        "speedLimit": -1,
        "weblinkUrl": null,
        "expectedDelay": -1,
        "ended": false,
        "isNewIncident": true,
        "publicTransport": "<p>Visit <a href=\"https://transportnsw.info\" target=\"_blank\">transportnsw.info</a> to plan your trip.</p>",
        "impactingNetwork": true,
        "subCategoryB": null,
        "arrangementAttachments": [],
        "isInitialReport": false,
        "created": 1789950904000,
        "isMajor": false,
        "name": null,
        "subCategoryA": "null",
        "adviceA": "Allow extra travel time",
        "adviceB": " ",
        "adviceC": " ",
        "end": 1790948700000,
        "hideEndDate": false,
        "incidentKind": "Planned",
        "mainCategory": "SPECIAL EVENT",
        "lastUpdated": 1789950905184,
        "otherAdvice": "<p><strong>Upcoming shows at Fleet Steps, Mrs Macquaries Point:</strong></p><ul><li><strong>Wednesday 30 September - </strong><a href=\"https://www.botanicgardens.org.au/whats-on/icehouse-harbour-2026\" rel=\"noopener noreferrer\" target=\"_blank\"><strong>Icehouse</strong></a><strong>. Show starts from 7pm</strong></li><li><strong>Thursday 1 October - </strong><a href=\"https://www.botanicgardens.org.au/whats-on/missy-higgins\" rel=\"noopener noreferrer\" target=\"_blank\"><strong>Missy Higgins</strong></a>. <strong>Show starts from 7pm</strong></li><li><strong>Friday 2 October - </strong><a href=\"https://www.botanicgardens.org.au/whats-on/teskey-brothers\" rel=\"noopener noreferrer\" target=\"_blank\"><strong>Teskey Brothers</strong></a><strong>. Show starts from 7pm</strong></li></ul><p>Traffic may be heavier than usual in the Sydney CBD on approaches to The Domain as attendees travel to and from each concert.</p><p>Delays are expected on Mrs Macquaries Road while crowds leave the area.</p><p>Motorists in the area should allow extra time and watch out for pedestrians.</p><p>Road closures will be in place for the events, so please allow additional travel time due to increased traffic on detour routes.</p><p>Please note that no right turn will be permitted onto Hospital Road from Art Gallery Road from 5pm-111pm on Thursday 1 and Friday 2 October. </p>",
        "arrangementElements": [
          {
            "html": "<p>The following roads will be closes on Thursday 1 and Friday 2 October:</p><ul><li><strong>12PM - Midnight</strong>: The Northern Loop of Mrs Macquaries Road at the turning circle </li><li><strong>9.30PM - 11.30PM</strong>: Art Gallery Road and the Southern Loop of Mrs Macquaries Road </li></ul><p><em>Please note that the above roads will remain open for the show on Wednesday 30 September.</em></p>",
            "title": "Road Closures",
            "id": "913485"
          }
        ],
        "diversions": "",
        "additionalInfo": [],
        "weblinkName": null,
        "attendingGroups": null,
        "encodedPolylines": [],
        "duration": null,
        "start": 1790690400000,
        "displayName": "Concerts",
        "roads": [
          {
            "conditionTendency": "",
            "crossStreet": "Fleet Steps, Mrs Macquaries Point",
            "delay": "",
            "impactedLanes": [],
            "locationQualifier": "at",
            "mainStreet": "Mrs Macquaries Road",
            "quadrant": "",
            "queueLength": 0,
            "region": "Sydney",
            "secondLocation": "",
            "suburb": "Sydney",
            "trafficVolume": ""
          }
        ],
        "isLocalRoad": "State road",
        "CategoryIcon": "PublicEvent"
      }
    },
    {
      "type": "Feature",
      "id": 288676,
      "geometry": {
        "type": "Point",
        "coordinates": [
          151.7481641,
          -32.7570071
        ],
        "collections": []
      },
      "properties": {
        "webLinks": [
          {
            "linkText": "Koori Knockout council page",
            "linkURL": "https://www.portstephens.nsw.gov.au/community/events/2026/all-events/nsw-koori-knockout-comes-to-raymond-terrace"
          },
          {
            "linkText": "2026 Annual NSW Koori Knockout event page",
            "linkURL": "https://newcastleyowies.com/"
          }
        ],
        "headline": "",
        "periods": [],
        "speedLimit": -1,
        "weblinkUrl": null,
        "expectedDelay": -1,
        "ended": false,
        "isNewIncident": false,
        "publicTransport": "",
        "impactingNetwork": false,
        "subCategoryB": null,
        "arrangementAttachments": [
          {
            "displayName": "KooriKnockout_ParkingMap",
            "fileName": "KooriKnockout_ParkingMap.pdf",
            "fileType": "PDF",
            "linkName": "KooriKnockout_ParkingMap",
            "sizeInBytes": 470791,
            "uniqueFileName": "489663_1789962883852_KooriKnockout_ParkingMap.pdf"
          }
        ],
        "isInitialReport": false,
        "created": 1789963797000,
        "isMajor": false,
        "name": null,
        "subCategoryA": "null",
        "adviceA": "Allow extra travel time",
        "adviceB": "Plan your journey",
        "adviceC": " ",
        "end": 1791180000000,
        "hideEndDate": false,
        "incidentKind": "Planned",
        "mainCategory": "SPECIAL EVENT",
        "lastUpdated": 1790035864500,
        "otherAdvice": "<p>The Koori Knockout is one of Australia’s largest Aboriginal sporting and cultural events, combining elite rugby league with 4 days of culture, connection and celebration. The event attracts around 10,000 per day.</p><p>This years knockout will be held at Kings Park Sports Complex.</p><p>Traffic delays may be experienced around the event precinct. Congestions is expected on or around:</p><ul><li>Pacific Highway towards Richardson Road exit</li><li>Richardson Road</li><li>Adelaide Street</li><li>Seaham Road</li><li>Newline Road</li><li>Port Stephens Street</li><li>Kangaroo Street</li></ul><p>There will be increased pedestrian activity around the event precinct.</p><p><br></p><p><br></p>",
        "arrangementElements": [],
        "diversions": "",
        "additionalInfo": [],
        "weblinkName": null,
        "attendingGroups": null,
        "encodedPolylines": [],
        "duration": null,
        "start": 1790888400000,
        "displayName": "SPECIAL EVENT Koori Knockout",
        "roads": [
          {
            "conditionTendency": "",
            "crossStreet": "Port Stephens Street",
            "delay": "",
            "impactedLanes": [],
            "locationQualifier": "at",
            "mainStreet": "William Bailey Street",
            "quadrant": "",
            "queueLength": 0,
            "region": "Hunter",
            "secondLocation": "",
            "suburb": "Raymond Terrace",
            "trafficVolume": ""
          }
        ],
        "isLocalRoad": "State road",
        "CategoryIcon": "PublicEvent"
      }
    },
    {
      "type": "Feature",
      "id": 287649,
      "geometry": {
        "type": "Point",
        "coordinates": [
          150.4745125,
          -35.3561118
        ],
        "collections": []
      },
      "properties": {
        "webLinks": [
          {
            "linkText": "Holiday and Journey Planning",
            "linkURL": "https://www.nsw.gov.au/driving-boating-and-transport/plan-your-trip/holiday-driving/holiday-and-journey-planning"
          },
          {
            "linkText": "Pinch Point Journey Planner",
            "linkURL": "https://www.myjourneynsw.info/"
          }
        ],
        "headline": "",
        "periods": [],
        "speedLimit": -1,
        "weblinkUrl": null,
        "expectedDelay": -1,
        "ended": false,
        "isNewIncident": true,
        "publicTransport": "",
        "impactingNetwork": false,
        "subCategoryB": null,
        "arrangementAttachments": [],
        "isInitialReport": false,
        "created": 1790107205000,
        "isMajor": false,
        "name": null,
        "subCategoryA": "null",
        "adviceA": "Plan your journey",
        "adviceB": "Allow extra travel time",
        "adviceC": " ",
        "end": 1791809100000,
        "hideEndDate": false,
        "incidentKind": "Planned",
        "mainCategory": "SPECIAL EVENT",
        "lastUpdated": 1790107205684,
        "otherAdvice": "<p>High volumes of holiday traffic are expected approaching and through Nowra, Jervis Bay, and Milton/Ulladulla during peak holiday travel periods.</p><p>For details about known holiday traffic pinch points, see the NSW Holiday and Journey planning <a href=\"https://www.nsw.gov.au/driving-boating-and-transport/plan-your-trip/holiday-driving/holiday-and-journey-planning\" target=\"_blank\">website</a> and the pinch point journey planning <a href=\"https://www.myjourneynsw.info/\" target=\"_blank\">tool</a>.</p>",
        "arrangementElements": [],
        "diversions": "",
        "additionalInfo": [],
        "weblinkName": null,
        "attendingGroups": null,
        "encodedPolylines": [],
        "duration": null,
        "start": 1790344800000,
        "displayName": "HOLIDAY TRAFFIC EXPECTED",
        "roads": [
          {
            "conditionTendency": "",
            "crossStreet": "",
            "delay": "",
            "impactedLanes": [],
            "locationQualifier": "at",
            "mainStreet": "Princes Highway",
            "quadrant": "",
            "queueLength": 0,
            "region": "South Coast",
            "secondLocation": "",
            "suburb": "Ulladulla",
            "trafficVolume": ""
          }
        ],
        "isLocalRoad": "State road",
        "CategoryIcon": "PublicEvent"
      }
    },
    {
      "type": "Feature",
      "id": 288902,
      "geometry": {
        "type": "Point",
        "coordinates": [
          148.1854398,
          -33.8977048
        ],
        "collections": []
      },
      "properties": {
        "webLinks": [
          {
            "linkText": "Weddin Mountain Muster",
            "linkURL": "https://www.weddinmountainmuster.com.au/"
          }
        ],
        "headline": "",
        "periods": [
          {
            "closureType": "ROAD_CLOSURE",
            "roadextent": "Affected",
            "roadtype": "",
            "direction": "All directions",
            "finishTime": "4:30pm",
            "fromDay": "Monday",
            "startTime": "8:30am",
            "toDay": ""
          },
          {
            "closureType": "ROAD_CLOSURE",
            "roadextent": "Affected",
            "roadtype": "",
            "direction": "All directions",
            "finishTime": "4:30pm",
            "fromDay": "Wednesday",
            "startTime": "8:30am",
            "toDay": ""
          },
          {
            "closureType": "ROAD_CLOSURE",
            "roadextent": "Affected",
            "roadtype": "",
            "direction": "All directions",
            "finishTime": "4:30pm",
            "fromDay": "Thursday",
            "startTime": "8:30am",
            "toDay": ""
          }
        ],
        "speedLimit": 40,
        "weblinkUrl": null,
        "expectedDelay": -1,
        "ended": false,
        "isNewIncident": true,
        "publicTransport": "",
        "impactingNetwork": false,
        "subCategoryB": null,
        "arrangementAttachments": [],
        "isInitialReport": false,
        "created": 1790125154000,
        "isMajor": false,
        "name": null,
        "subCategoryA": "null",
        "adviceA": "Exercise caution",
        "adviceB": "Reduced speed limit",
        "adviceC": "Check signage",
        "end": 1791014400000,
        "hideEndDate": false,
        "incidentKind": "Planned",
        "mainCategory": "SPECIAL EVENT",
        "lastUpdated": 1790125155229,
        "otherAdvice": "<p>The <strong>Weddin Mountain Muster</strong> is a five-day horse trail riding event held in Grenfell from Sunday 27 September to Saturday 3 October.</p><p>On Monday, Wednesday and Thursday the ride will cross the Mid Western Hwy within the 50km/h town zone. Traffic control will hold traffic for 5 minutes during the horse crossing on the Mid Western Hwy to ensure the horses can cross the highway safely.</p>",
        "arrangementElements": [],
        "diversions": "",
        "additionalInfo": [],
        "weblinkName": null,
        "attendingGroups": null,
        "encodedPolylines": [],
        "duration": null,
        "start": 1790461800000,
        "displayName": "Weddin Mountain Muster",
        "roads": [
          {
            "conditionTendency": "",
            "crossStreet": "Adelargo Road",
            "delay": "",
            "impactedLanes": [],
            "locationQualifier": "between",
            "mainStreet": "Mid Western Highway",
            "quadrant": "",
            "queueLength": 0,
            "region": "Central NSW",
            "secondLocation": "Derribong Lane",
            "suburb": "Grenfell",
            "trafficVolume": ""
          }
        ],
        "isLocalRoad": "State road",
        "CategoryIcon": "PublicEvent"
      }
    },
    {
      "type": "Feature",
      "id": 288232,
      "geometry": {
        "type": "Point",
        "coordinates": [
          150.9020764,
          -34.4266465
        ],
        "collections": []
      },
      "properties": {
        "webLinks": [],
        "headline": "",
        "periods": [],
        "speedLimit": -1,
        "weblinkUrl": null,
        "expectedDelay": -1,
        "ended": false,
        "isNewIncident": true,
        "publicTransport": "<p>Visit <a href=\"https://transportnsw.info/events/2026/10/nbl-illawarra-hawks-v-adelaide-36ers\" rel=\"noopener noreferrer\" target=\"_blank\">transportnsw.info</a> to plan your trip.</p>",
        "impactingNetwork": false,
        "subCategoryB": null,
        "arrangementAttachments": [],
        "isInitialReport": false,
        "created": 1789948911000,
        "isMajor": false,
        "name": null,
        "subCategoryA": "null",
        "adviceA": "Use public transport",
        "adviceB": "Allow extra travel time",
        "adviceC": " ",
        "end": 1790942400000,
        "hideEndDate": false,
        "incidentKind": "Planned",
        "mainCategory": "SPECIAL EVENT",
        "lastUpdated": 1789948911691,
        "otherAdvice": "<p><strong>NBL: Illawarra Hawks v Adelaide 36ers at WIN Entertainment Centre. Tip-off at 7.30pm, full time around 9.30pm.</strong></p><p>Traffic may be heavier than usual on roads approaching the Wollongong CBD and on local roads around WIN Entertainment Centre as fans travel to and from the match during the busy evening peak.</p><p>Local roads around the stadium may close before, during and after the game for the safety of pedestrians.</p><p>Fans driving to the game on the freeway are encouraged to use the Masters Rd exit to avoid congestion at Mount Ousley Rd, both in and out of Wollongong.</p><p>Motorists should allow extra time for parking and be aware of increased pedestrian activity on local roads.</p>",
        "arrangementElements": [],
        "diversions": "",
        "additionalInfo": [],
        "weblinkName": null,
        "attendingGroups": null,
        "encodedPolylines": [],
        "duration": null,
        "start": 1790863200000,
        "displayName": "NBL",
        "roads": [
          {
            "conditionTendency": "",
            "crossStreet": "WIN Entertainment Centre",
            "delay": "",
            "impactedLanes": [],
            "locationQualifier": "at",
            "mainStreet": "Harbour Street",
            "quadrant": "",
            "queueLength": 0,
            "region": "South Coast",
            "secondLocation": "",
            "suburb": "Wollongong",
            "trafficVolume": ""
          }
        ],
        "isLocalRoad": "State road",
        "CategoryIcon": "PublicEvent"
      }
    },
    {
      "type": "Feature",
      "id": 288783,
      "geometry": {
        "type": "Point",
        "coordinates": [
          151.2730936,
          -33.8939039
        ],
        "collections": [
          {
            "type": "Point",
            "coordinates": [
              151.25369,
              -33.891318
            ]
          }
        ]
      },
      "properties": {
        "webLinks": [
          {
            "linkText": "Sculpture by the Sea 2026",
            "linkURL": "https://sculpturebythesea.com/"
          }
        ],
        "headline": "",
        "periods": [],
        "speedLimit": -1,
        "weblinkUrl": null,
        "expectedDelay": -1,
        "ended": false,
        "isNewIncident": true,
        "publicTransport": "<p>Buses will run frequently between the city, Bondi Junction and Bondi Beach. Buses will be in high demand so allow extra travel time. Avoid the largest crowds by visiting on a weekday instead. Visit <a href=\"https://transportnsw.info/sculpture-by-the-sea\" target=\"_blank\">transportnsw.info</a> to plan your trip.</p>",
        "impactingNetwork": true,
        "subCategoryB": null,
        "arrangementAttachments": [
          {
            "displayName": "SculptureByTheSea2026_RoadClosureClearwayMap",
            "fileName": "SculptureByTheSea2026_RoadClosureClearwayMap.pdf",
            "fileType": "PDF",
            "linkName": "SculptureByTheSea2026_RoadClosureClearwayMap",
            "sizeInBytes": 1043163,
            "uniqueFileName": "174654_1790211164639_SculptureByTheSea2026_RoadClosureClearwayMap.pdf"
          }
        ],
        "isInitialReport": false,
        "created": 1790211250000,
        "isMajor": false,
        "name": null,
        "subCategoryA": "null",
        "adviceA": "Check signage",
        "adviceB": "Allow extra travel time",
        "adviceC": "Use public transport",
        "end": 1793610000000,
        "hideEndDate": false,
        "incidentKind": "Planned",
        "mainCategory": "SPECIAL EVENT",
        "lastUpdated": 1790211251038,
        "otherAdvice": "<p>The Sculpture by the Sea exhibition returns to the Bondi to Tamarama coastal walk for 18 days from Friday 16 October to Monday 2 November. Changed traffic conditions and parking restrictions will be in place.</p><p><strong>With up to 450,000 people expected to visit throughout the exhibition, significant delays are expected on roads approaching Bondi and Tamarama beaches including Bondi Rd, Old South Head Rd and Syd Einfeld Dr. </strong></p><p>Motorists should avoid driving through the area where possible or expect delays and allow plenty of extra travel time, particularly on weekends.</p><p><strong>Road closures and changed traffic conditions:</strong></p><ul><li>Local roads will close from 7:30am to 6:30pm daily in Bronte, Bondi and Tamarama including sections of Ashley St, Bayview St, Birell St, Carlisle St, Darling St, Fletcher St. Illawong Ave, Kenneth St, Marks Ln, Notts Ave, Rowland Ave, Silvia St, Turner St, Wilga St and Wolaroi Cres.</li><li>One-way traffic conditions will be in place around the coastal walk for the duration of the event from 9am Friday 16 October until 10am Monday 2 November. Allow extra travel time and follow the directions of traffic controllers and exercise caution.</li></ul><p><strong>Special event clearways: </strong>Strict no-parking restrictions will be in effect each weekend of the event on Saturday 17 and Sunday 18 October, Saturday 24 and Sunday 25 October and Saturday 31 October and Sunday 1 November at the following times and locations:</p><ul><li><strong>7am to 2pm:</strong> Bondi Rd between Old South Head and opposite Sandridge St at Bondi Beach (northern side)</li><li><strong>12pm midday to 7pm:</strong> Bondi Rd between Sandridge St at Bondi Beach and Oxford St at Bondi Junction (southern side)</li><li><strong>8am to 4pm: </strong>Campbell Pde between Queen Elizabeth Drive and Beach Rd at Bondi Beach (Eastern side)</li></ul><p>Special event clearways are strict no-parking zones for all vehicle types, and apply even to local residents and TfNSW Mobility Scheme Permit holders. Check signs carefully as vehicles left in clearways will be towed and a fee applies. If your vehicle is towed it will be relocated to the nearest legal parking space, use the <a href=\"https://www.nsw.gov.au/driving-boating-and-transport/demerits-penalties-and-offences/offences/if-your-car-gets-towed\" rel=\"noopener noreferrer\" target=\"_blank\">Find My Car </a>website or call 132 701 to find its new location.</p>",
        "arrangementElements": [
          {
            "html": "<p><strong>ROAD CLOSURES</strong></p><p><strong>BRONTE, TAMARAMA &amp; BONDI</strong></p><p><strong>Access will be maintained for residents and taxis only</strong></p><p><strong>7.30am Friday 16 October - 6:30pm Monday 2 November </strong></p><ul><li>Carlisle St closed from Silva St to end of road </li><li>Fletcher St closed from Sandridge St to Marks Ln </li><li>Kenneth St closed from Alexander St to Marks Ln </li></ul><p><strong>7:30am to 6:30pm Daily - Friday 16 October to Monday 2 November </strong></p><ul><li>Notts Ave closed from Campbell Pde to end of road </li><li>Rowland Ave closed from Fletcher St and Wilga St </li><li>Silva St closed from Fletcher St to end of road</li><li>Wilga St closed from Sandridge St to the western end </li><li>Wilga St closed from Sandridge St to the eastern end </li></ul><p><strong>10am Friday 16 October - 6:30pm Monday 2 November </strong></p><ul><li>Ashley St closed from Turner St to end of road </li><li>Bayview St closed from Bronte Marine Dr to end of road </li><li>Darling St closed eastbound rom Alfred St to Ashley St</li><li>Illawong Ave closed from Farrellys Ave to end of road </li></ul><p><strong>10am Friday 16 October - 7pm Monday 2 November </strong></p><ul><li>Birrell St closed eastbound from Tamarama St to Cross St</li></ul><p><strong>7:30am to 6:30pm (weekend days) Saturday 17 to Sunday 18 October, Saturday 24 to Sunday 25 October and Saturday 31 October to Sunday 1 November</strong></p><ul><li>Wolaroi Cr from Thompson St to end of road</li><li>Ashley St between Turner St and end of lane</li><li>Bayview St between West of Bronte Marine Drive and end of street</li><li>Birrell St between Tamarama St and Cross St (Eastbound lanes only)</li><li>Carlisle St between Dellview St and end of street</li><li>Cross St between Birrell St and Turner St (Southbound lanes only)</li><li> Darling St between Alfred St and Ashely St</li><li>Fletcher St between Sandridge St and Marks Ln</li><li>Illawong Ave From Farrellys Ave (southbound)</li><li> Kenneth St between Alexander St and Marks Ln</li><li> Marks Ln between Kenneth St and Fletcher St</li><li>Notts Ave between Campbell Parade and end of street</li><li>Rowland Ave between Fletcher St and Wilga St</li><li>Silvia St between Fletcher St and end of street</li><li>Turner St between Cross St and Ashley St (Eastbound lanes only)</li><li>Wilga St between Sandridge St and end of street</li><li>Wolaroi Cres between Thompson St and end of street</li></ul><p><strong>ONE WAY CHANGED TRAFFIC CONDITIONS </strong></p><p>The following roads will become one-way only roads for the duration of the event:</p><p><strong>From 9am, Fri 16 Oct until 10am, Tue 3 Nov:</strong></p><ul><li><strong>Mirimar Ave northbound only</strong> from Hewlett St to Thompson St</li><li><strong>Thompson St</strong> <strong>westbound only</strong> from Mirimar Ave to Ashley St</li><li><strong>Ashley St</strong> <strong>northbound only</strong> from Darling St to Turner St</li><li><strong>Turner St</strong> <strong>westbound only</strong> from Ashley St to Cross St</li><li><strong>Cross St</strong> <strong>northbound only</strong> from Turner St to Birrell St</li><li><strong>Birrell St</strong> <strong>westbound only</strong> from Cross St to Tamarama St</li><li><strong>Marks Ln</strong> <strong>southbound only</strong> from Fletcher St to Kenneth St </li></ul><p><strong>From 10am, Fri 16 Oct until 10am, Tue 3 Nov:</strong></p><ul><li><strong>Gaerloch Ave southbound only</strong> from Alexander St to Dellview</li></ul><p><strong>Dellview St</strong> <strong>northbound only</strong> from Pacific Ave to Fletcher St The following roads will become one-way only, for the duration of the event: </p><p><strong>6:30am Friday 16 October - 6:30am Tuesday 3 November </strong></p><ul><li>Dellview St closed southbound from Fletcher St to Pacific Ave. Northbound traffic only. </li><li>Gaerloch Ave closed eastbound and northbound from Dellview St to Alexander St. Southbound traffic only. </li><li>Thompson St closed eastbound from Ashley St to Mirimar Ave. Westbound traffic only.</li></ul><p><strong>7:30am Friday 16 October - 6:30pm Monday 2 November </strong></p><ul><li>Marks Ln closed northbound from Kenneth St to Fletcher St. Southbound traffic only. </li></ul><p><strong>7:30am - 6:30pm Daily (Friday 16 October - Monday 2 November) </strong></p><ul><li>Bayview St closed southbound from Hewlett St to Bronte Marine Dr. Northbound traffic only. </li></ul><p><strong>10am Friday 16 October - 6:30pm Monday 2 November </strong></p><ul><li>Mirimar Ave closed southbound from Thompson St to Hewlett St. Northbound traffic only.</li><li>Turner St closed eastbound from Cross St to Ashley St. Westbound traffic only.</li></ul>",
            "title": "Road closures & Changed traffic conditions",
            "id": "915309"
          }
        ],
        "diversions": "",
        "additionalInfo": [],
        "weblinkName": null,
        "attendingGroups": null,
        "encodedPolylines": [],
        "duration": null,
        "start": 1792069200000,
        "displayName": "Sculpture by the Sea",
        "roads": [
          {
            "conditionTendency": "",
            "crossStreet": "Oxford Street",
            "delay": "",
            "impactedLanes": [],
            "locationQualifier": "between",
            "mainStreet": "Bondi Road",
            "quadrant": "",
            "queueLength": 0,
            "region": "Sydney",
            "secondLocation": "Sandridge Street",
            "suburb": "Bondi to Tamarama",
            "trafficVolume": ""
          }
        ],
        "isLocalRoad": "State road",
        "CategoryIcon": "PublicEvent"
      }
    },
    {
      "type": "Feature",
      "id": 289019,
      "geometry": {
        "type": "Point",
        "coordinates": [
          151.156585,
          -33.8799417
        ],
        "collections": []
      },
      "properties": {
        "webLinks": [
          {
            "linkText": "Norton Street Festa Website",
            "linkURL": "https://festa.net.au/"
          }
        ],
        "headline": "",
        "periods": [],
        "speedLimit": -1,
        "weblinkUrl": null,
        "expectedDelay": -1,
        "ended": false,
        "isNewIncident": true,
        "publicTransport": "<p>Route 437, 440 and 445 bus services will be diverting while road closures are in place. Visit <a href=\"https://transportnsw.info/events/2026/10/norton-street-italian-festa\" rel=\"noopener noreferrer\" target=\"_blank\">transportnsw.info</a> to plan your trip.</p>",
        "impactingNetwork": true,
        "subCategoryB": null,
        "arrangementAttachments": [
          {
            "displayName": "NortonStreetFesta2026_RoadClosureClearwayMap",
            "fileName": "NortonStreetFesta2026_RoadClosureClearwayMap.pdf",
            "fileType": "PDF",
            "linkName": "NortonStreetFesta2026_RoadClosureClearwayMap",
            "sizeInBytes": 408524,
            "uniqueFileName": "177539_1790211243097_NortonStreetFesta2026_RoadClosureClearwayMap.pdf"
          }
        ],
        "isInitialReport": false,
        "created": 1790211713000,
        "isMajor": false,
        "name": null,
        "subCategoryA": "null",
        "adviceA": "Check signage",
        "adviceB": "Use diversions",
        "adviceC": "Expect delays",
        "end": 1792923300000,
        "hideEndDate": true,
        "incidentKind": "Planned",
        "mainCategory": "SPECIAL EVENT",
        "lastUpdated": 1790211714201,
        "otherAdvice": "<p>The annual Norton Street Italian Festa celebrating its 40th year will be held along Norton St on Sunday from 10am to 5pm. </p><p>Heavy traffic is expected while closures are in place and on roads approaching the area including Parramatta Rd and the City West Link. Motorists should allow extra travel time in the area and expect delays.</p><p><strong>Road closures:</strong></p><ul><li><strong>3am to 9pm: </strong>Norton St will be closed between Marion St and William St, as well as surrounding local roads.</li><li><strong>6am to 9pm:</strong> sections of Allen, Carlisle, Derbyshire, Lou, Macauley and Marlborough streets will close.</li></ul><p><strong>Special event clearways will be in effect on sections of Norton Street and William St from 3am until 9pm</strong>.</p><p>Clearways are <strong>strict no-parking zones </strong>for all vehicle types and apply even to local residents and TfNSW Mobility Scheme Permit holders. Check signs carefully as vehicles left in clearways will be towed and a fee applies. If your vehicle is towed, you can search your vehicle registration at the <a href=\"https://www.nsw.gov.au/driving-boating-and-transport/demerits-penalties-and-offences/offences/if-your-car-gets-towed\" rel=\"noopener noreferrer\" target=\"_blank\">Find My Car website</a> to find its new location, or alternatively call 132 701 to speak to an operator.</p>",
        "arrangementElements": [
          {
            "html": "<p><strong>ROAD CLOSURES // LEICHHARDT</strong></p><p><strong>FROM 3AM TO 9PM</strong></p><ul><li>Allen Street between Derbyshire Road and Norton Street</li><li>Arthur Street between Allen Street and Short Street</li><li>Norton Street between Marion Street and William Street</li><li>Short Street between Norton Street and Derbyshire Road</li><li>Wetherill Street *between Norton Street and Derbyshire Road</li></ul><p><strong>FROM 6AM TO 9PM</strong></p><ul><li>Allen Street between James Street and Norton Street</li><li>Carlisle Street between Cromwell Street and Norton Street</li><li>Derbyshire Road from William St</li><li>Derbyshire Rd Between William St and Moore St West</li><li>Lou St between Allen Street and Marion Street</li><li>Macauley Street* between Cromwell Street and Norton Street</li><li>Marlborough Street between Cromwell Street and Norton Street </li></ul><p><em>*Managed access only</em></p><p><strong>SPECIAL EVENT CLEARWAYS // LEICHHARDT </strong></p><p><strong>FROM 3AM TO 9PM</strong></p><ul><li>Norton Street between Marion Street and William Street</li><li>William Street between James Street and Norton Street</li></ul><p>Clearways are strict no-parking zones for all vehicle types and apply even to local residents and TfNSW Mobility Scheme Permit holders. Check signs carefully as vehicles left in clearways will be towed and a fee applies. If your vehicle is towed, you can search your vehicle registration at the<a href=\"https://www.nsw.gov.au/driving-boating-and-transport/demerits-penalties-and-offences/offences/if-your-car-gets-towed\" rel=\"noopener noreferrer\" target=\"_blank\"> Find My Car website</a> to find its new location, or alternatively call 132 701 to speak to an operator.</p>",
            "title": "Road Closures & Special Event Clearways",
            "id": "915313"
          }
        ],
        "diversions": "",
        "additionalInfo": [],
        "weblinkName": null,
        "attendingGroups": null,
        "encodedPolylines": [],
        "duration": null,
        "start": 1792846800000,
        "displayName": "Norton Street Festa",
        "roads": [
          {
            "conditionTendency": "",
            "crossStreet": "Marion Street",
            "delay": "",
            "impactedLanes": [],
            "locationQualifier": "between",
            "mainStreet": "Norton Street",
            "quadrant": "",
            "queueLength": 0,
            "region": "Sydney",
            "secondLocation": "William Street",
            "suburb": "Leichhardt",
            "trafficVolume": ""
          }
        ],
        "isLocalRoad": "State road",
        "CategoryIcon": "PublicEvent"
      }
    },
    {
      "type": "Feature",
      "id": 289017,
      "geometry": {
        "type": "Point",
        "coordinates": [
          146.569813,
          -34.2840427
        ],
        "collections": []
      },
      "properties": {
        "webLinks": [
          {
            "linkText": "Barellan Good Old Days",
            "linkURL": "https://barellanclydesdales.com.au/"
          }
        ],
        "headline": "",
        "periods": [],
        "speedLimit": -1,
        "weblinkUrl": null,
        "expectedDelay": -1,
        "ended": false,
        "isNewIncident": true,
        "publicTransport": "",
        "impactingNetwork": false,
        "subCategoryB": null,
        "arrangementAttachments": [],
        "isInitialReport": false,
        "created": 1790280063000,
        "isMajor": false,
        "name": null,
        "subCategoryA": "null",
        "adviceA": "Exercise caution",
        "adviceB": "Allow extra travel time",
        "adviceC": " ",
        "end": 1790917200000,
        "hideEndDate": false,
        "incidentKind": "Planned",
        "mainCategory": "SPECIAL EVENT",
        "lastUpdated": 1790280064461,
        "otherAdvice": "<p>Stop/slow traffic control for eastbound traffic with vehicle escorts following the parade. Westbound speed reduction only.</p><p>Exercise caution in the area with increased pedestrian activity.</p>",
        "arrangementElements": [],
        "diversions": "",
        "additionalInfo": [],
        "weblinkName": null,
        "attendingGroups": null,
        "encodedPolylines": [],
        "duration": null,
        "start": 1790899200000,
        "displayName": "Barellan Good Old Days",
        "roads": [
          {
            "conditionTendency": "",
            "crossStreet": "",
            "delay": "",
            "impactedLanes": [],
            "locationQualifier": "-",
            "mainStreet": "Burley Griffin Way",
            "quadrant": "",
            "queueLength": 0,
            "region": "Riverina",
            "secondLocation": "",
            "suburb": "Barellan",
            "trafficVolume": ""
          }
        ],
        "isLocalRoad": "State road",
        "CategoryIcon": "PublicEvent"
      }
    },
    {
      "type": "Feature",
      "id": 288943,
      "geometry": {
        "type": "Point",
        "coordinates": [
          149.2779857,
          -31.2754334
        ],
        "collections": []
      },
      "properties": {
        "webLinks": [],
        "headline": "",
        "periods": [],
        "speedLimit": -1,
        "weblinkUrl": null,
        "expectedDelay": -1,
        "ended": false,
        "isNewIncident": true,
        "publicTransport": "",
        "impactingNetwork": false,
        "subCategoryB": null,
        "arrangementAttachments": [],
        "isInitialReport": false,
        "created": 1790366405000,
        "isMajor": false,
        "name": null,
        "subCategoryA": "null",
        "adviceA": "Use diversions",
        "adviceB": "Reduce your speed",
        "adviceC": "Exercise caution",
        "end": 1790919000000,
        "hideEndDate": false,
        "incidentKind": "Planned",
        "mainCategory": "SPECIAL EVENT",
        "lastUpdated": 1790366406170,
        "otherAdvice": "<p>The Coonabarabran Pony Club Street Parade will be held on Friday 2 October 2026. The parade will commence at the Coonabarabran Showground on Edward St and will proceed onto the Newell Hwy (Edward St) for the main parade. The Newell Hwy is expected to be closed from 3pm to 3.30pm. Detours in place for all vehicles.</p>",
        "arrangementElements": [],
        "diversions": "<p>All vehicles will be detoured for both north and south traffic via Saleyards Rd / Gardener St, Namoi St, Edward St. Note Edward St will be closed up to 5 minutes whilst the parade travels from the showground and onto the highway.</p>",
        "additionalInfo": [],
        "weblinkName": null,
        "attendingGroups": null,
        "encodedPolylines": [],
        "duration": null,
        "start": 1790917200000,
        "displayName": "Coonabarabran Pony Club Parade",
        "roads": [
          {
            "conditionTendency": "",
            "crossStreet": "Edwards Street",
            "delay": "",
            "impactedLanes": [],
            "locationQualifier": "between",
            "mainStreet": "Newell Highway",
            "quadrant": "",
            "queueLength": 0,
            "region": "Central NSW",
            "secondLocation": "Dalgarno Street",
            "suburb": "Coonabarabran",
            "trafficVolume": ""
          }
        ],
        "isLocalRoad": "State road",
        "CategoryIcon": "PublicEvent"
      }
    },
    {
      "type": "Feature",
      "id": 288136,
      "geometry": {
        "type": "Point",
        "coordinates": [
          150.2845311,
          -33.6303657
        ],
        "collections": []
      },
      "properties": {
        "webLinks": [
          {
            "linkText": "Holiday and Journey Planning",
            "linkURL": "https://www.nsw.gov.au/driving-boating-and-transport/plan-your-trip/holiday-driving/holiday-and-journey-planning"
          },
          {
            "linkText": "Pinch Point Journey Planner",
            "linkURL": "https://www.myjourneynsw.info/"
          }
        ],
        "headline": "",
        "periods": [],
        "speedLimit": -1,
        "weblinkUrl": null,
        "expectedDelay": -1,
        "ended": false,
        "isNewIncident": false,
        "publicTransport": "",
        "impactingNetwork": false,
        "subCategoryB": null,
        "arrangementAttachments": [],
        "isInitialReport": false,
        "created": 1790193646000,
        "isMajor": false,
        "name": null,
        "subCategoryA": "null",
        "adviceA": "Plan your journey",
        "adviceB": "Allow extra travel time",
        "adviceC": " ",
        "end": 1791809100000,
        "hideEndDate": false,
        "incidentKind": "Planned",
        "mainCategory": "SPECIAL EVENT",
        "lastUpdated": 1790466412229,
        "otherAdvice": "<p>High volumes of holiday traffic are expected approaching and through Blackheath, during peak holiday travel periods.</p><p>For details about known holiday traffic pinch points, see the NSW Holiday and Journey planning <a href=\"https://www.nsw.gov.au/driving-boating-and-transport/plan-your-trip/holiday-driving/holiday-and-journey-planning\" target=\"_blank\">website</a> and the pinch point journey planning <a href=\"https://www.myjourneynsw.info/\" target=\"_blank\">tool</a>.</p>",
        "arrangementElements": [],
        "diversions": "",
        "additionalInfo": [],
        "weblinkName": null,
        "attendingGroups": null,
        "encodedPolylines": [],
        "duration": null,
        "start": 1790172000000,
        "displayName": "HOLIDAY TRAFFIC EXPECTED",
        "roads": [
          {
            "conditionTendency": "",
            "crossStreet": "",
            "delay": "",
            "impactedLanes": [],
            "locationQualifier": "-",
            "mainStreet": "Great Western Highway",
            "quadrant": "",
            "queueLength": 0,
            "region": "Blue Mountains",
            "secondLocation": "",
            "suburb": "Blackheath",
            "trafficVolume": ""
          }
        ],
        "isLocalRoad": "State road",
        "CategoryIcon": "PublicEvent"
      }
    },
    {
      "type": "Feature",
      "id": 288142,
      "geometry": {
        "type": "Point",
        "coordinates": [
          150.441137,
          -35.317857
        ],
        "collections": []
      },
      "properties": {
        "webLinks": [
          {
            "linkText": "Holiday and Journey Planning",
            "linkURL": "https://www.nsw.gov.au/driving-boating-and-transport/plan-your-trip/holiday-driving/holiday-and-journey-planning"
          },
          {
            "linkText": "Pinch Point Journey Planner",
            "linkURL": "https://www.myjourneynsw.info/"
          }
        ],
        "headline": "",
        "periods": [],
        "speedLimit": -1,
        "weblinkUrl": null,
        "expectedDelay": -1,
        "ended": false,
        "isNewIncident": false,
        "publicTransport": "",
        "impactingNetwork": false,
        "subCategoryB": null,
        "arrangementAttachments": [],
        "isInitialReport": false,
        "created": 1790193646000,
        "isMajor": false,
        "name": null,
        "subCategoryA": "null",
        "adviceA": "Plan your journey",
        "adviceB": "Allow extra travel time",
        "adviceC": " ",
        "end": 1791809100000,
        "hideEndDate": false,
        "incidentKind": "Planned",
        "mainCategory": "SPECIAL EVENT",
        "lastUpdated": 1790466414051,
        "otherAdvice": "<p>High volumes of holiday traffic are expected approaching and through Nowra, Jervis Bay, and Milton/Ulladulla during peak holiday travel periods.</p><p>For details about known holiday traffic pinch points, see the NSW Holiday and Journey planning <a href=\"https://www.nsw.gov.au/driving-boating-and-transport/plan-your-trip/holiday-driving/holiday-and-journey-planning\" target=\"_blank\">website</a> and the pinch point journey planning <a href=\"https://www.myjourneynsw.info/\" target=\"_blank\">tool</a>.</p>",
        "arrangementElements": [],
        "diversions": "",
        "additionalInfo": [],
        "weblinkName": null,
        "attendingGroups": null,
        "encodedPolylines": [],
        "duration": null,
        "start": 1790172000000,
        "displayName": "HOLIDAY TRAFFIC EXPECTED",
        "roads": [
          {
            "conditionTendency": "",
            "crossStreet": "",
            "delay": "",
            "impactedLanes": [],
            "locationQualifier": "at",
            "mainStreet": "Princes Highway",
            "quadrant": "",
            "queueLength": 0,
            "region": "South Coast",
            "secondLocation": "",
            "suburb": "Milton",
            "trafficVolume": ""
          }
        ],
        "isLocalRoad": "State road",
        "CategoryIcon": "PublicEvent"
      }
    },
    {
      "type": "Feature",
      "id": 288144,
      "geometry": {
        "type": "Point",
        "coordinates": [
          149.818504,
          -35.452746
        ],
        "collections": []
      },
      "properties": {
        "webLinks": [
          {
            "linkText": "Holiday and Journey Planning",
            "linkURL": "https://www.nsw.gov.au/driving-boating-and-transport/plan-your-trip/holiday-driving/holiday-and-journey-planning"
          },
          {
            "linkText": "Pinch Point Journey Planner",
            "linkURL": "https://www.myjourneynsw.info/"
          }
        ],
        "headline": "",
        "periods": [],
        "speedLimit": -1,
        "weblinkUrl": null,
        "expectedDelay": -1,
        "ended": false,
        "isNewIncident": false,
        "publicTransport": "",
        "impactingNetwork": false,
        "subCategoryB": null,
        "arrangementAttachments": [],
        "isInitialReport": false,
        "created": 1790193646000,
        "isMajor": false,
        "name": null,
        "subCategoryA": "null",
        "adviceA": "Plan your journey",
        "adviceB": "Allow extra travel time",
        "adviceC": " ",
        "end": 1791809100000,
        "hideEndDate": false,
        "incidentKind": "Planned",
        "mainCategory": "SPECIAL EVENT",
        "lastUpdated": 1790466420343,
        "otherAdvice": "<p>High volumes of holiday traffic are expected approaching and through Nowra, Jervis Bay, and Milton/Ulladulla during peak holiday travel periods.</p><p>For details about known holiday traffic pinch points, see the NSW Holiday and Journey planning <a href=\"https://www.nsw.gov.au/driving-boating-and-transport/plan-your-trip/holiday-driving/holiday-and-journey-planning\" target=\"_blank\">website</a> and the pinch point journey planning <a href=\"https://www.myjourneynsw.info/\" target=\"_blank\">tool</a>.</p>",
        "arrangementElements": [],
        "diversions": "",
        "additionalInfo": [],
        "weblinkName": null,
        "attendingGroups": null,
        "encodedPolylines": [],
        "duration": null,
        "start": 1790172000000,
        "displayName": "HOLIDAY TRAFFIC EXPECTED",
        "roads": [
          {
            "conditionTendency": "",
            "crossStreet": "",
            "delay": "",
            "impactedLanes": [],
            "locationQualifier": "at",
            "mainStreet": "Kings Highway",
            "quadrant": "",
            "queueLength": 0,
            "region": "Southern Highlands",
            "secondLocation": "",
            "suburb": "Braidwood",
            "trafficVolume": ""
          }
        ],
        "isLocalRoad": "State road",
        "CategoryIcon": "PublicEvent"
      }
    },
    {
      "type": "Feature",
      "id": 288145,
      "geometry": {
        "type": "Point",
        "coordinates": [
          153.1075816,
          -30.3041764
        ],
        "collections": []
      },
      "properties": {
        "webLinks": [
          {
            "linkText": "Holiday and Journey Planning",
            "linkURL": "https://www.nsw.gov.au/driving-boating-and-transport/plan-your-trip/holiday-driving/holiday-and-journey-planning"
          },
          {
            "linkText": "Pinch Point Journey Planner",
            "linkURL": "https://www.myjourneynsw.info/"
          }
        ],
        "headline": "",
        "periods": [],
        "speedLimit": -1,
        "weblinkUrl": null,
        "expectedDelay": -1,
        "ended": false,
        "isNewIncident": false,
        "publicTransport": "",
        "impactingNetwork": false,
        "subCategoryB": null,
        "arrangementAttachments": [],
        "isInitialReport": false,
        "created": 1790193646000,
        "isMajor": false,
        "name": null,
        "subCategoryA": "null",
        "adviceA": "Plan your journey",
        "adviceB": "Allow extra travel time",
        "adviceC": " ",
        "end": 1791809100000,
        "hideEndDate": false,
        "incidentKind": "Planned",
        "mainCategory": "SPECIAL EVENT",
        "lastUpdated": 1790466425053,
        "otherAdvice": "<p>High volumes of holiday traffic are expected approaching and through Coffs Harbour during peak travel periods.</p><p>For details about known holiday traffic pinch points, see the NSW Holiday and Journey planning <a href=\"https://www.nsw.gov.au/driving-boating-and-transport/plan-your-trip/holiday-driving/holiday-and-journey-planning\" target=\"_blank\">website</a> and the pinch point journey planning <a href=\"https://www.myjourneynsw.info/\" target=\"_blank\">tool</a>.</p>",
        "arrangementElements": [],
        "diversions": "",
        "additionalInfo": [],
        "weblinkName": null,
        "attendingGroups": null,
        "encodedPolylines": [],
        "duration": null,
        "start": 1790172000000,
        "displayName": "HOLIDAY TRAFFIC EXPECTED",
        "roads": [
          {
            "conditionTendency": "",
            "crossStreet": "",
            "delay": "",
            "impactedLanes": [],
            "locationQualifier": "at",
            "mainStreet": "Pacific Highway",
            "quadrant": "",
            "queueLength": 0,
            "region": "North Coast NSW",
            "secondLocation": "",
            "suburb": "Coffs Harbour",
            "trafficVolume": ""
          }
        ],
        "isLocalRoad": "State road",
        "CategoryIcon": "PublicEvent"
      }
    },
    {
      "type": "Feature",
      "id": 288138,
      "geometry": {
        "type": "Point",
        "coordinates": [
          150.1684522,
          -33.4794537
        ],
        "collections": []
      },
      "properties": {
        "webLinks": [
          {
            "linkText": "Holiday and Journey Planning",
            "linkURL": "https://www.nsw.gov.au/driving-boating-and-transport/plan-your-trip/holiday-driving/holiday-and-journey-planning"
          },
          {
            "linkText": "Pinch Point Journey Planner",
            "linkURL": "https://www.myjourneynsw.info/"
          }
        ],
        "headline": "",
        "periods": [],
        "speedLimit": -1,
        "weblinkUrl": null,
        "expectedDelay": -1,
        "ended": false,
        "isNewIncident": false,
        "publicTransport": "",
        "impactingNetwork": false,
        "subCategoryB": null,
        "arrangementAttachments": [],
        "isInitialReport": false,
        "created": 1790193646000,
        "isMajor": false,
        "name": null,
        "subCategoryA": "null",
        "adviceA": "Plan your journey",
        "adviceB": "Allow extra travel time",
        "adviceC": " ",
        "end": 1791809100000,
        "hideEndDate": false,
        "incidentKind": "Planned",
        "mainCategory": "SPECIAL EVENT",
        "lastUpdated": 1790466435372,
        "otherAdvice": "<p>High volumes of holiday traffic are expected through Lithgow during peak holiday travel periods due to the closure of Great Western Highway at Victoria Pass.</p><p>For details about known holiday traffic pinch points, see the NSW Holiday and Journey planning <a href=\"https://www.nsw.gov.au/driving-boating-and-transport/plan-your-trip/holiday-driving/holiday-and-journey-planning\" target=\"_blank\">website</a> and the pinch point journey planning <a href=\"https://www.myjourneynsw.info/\" target=\"_blank\">tool</a>.</p><p>For more information about the work we are undertaking at Victoria Pass,<a href=\"https://www.transport.nsw.gov.au/projects/current-projects/great-western-highway-road-closure-at-victoria-pass\" target=\"_blank\"> click here.</a></p>",
        "arrangementElements": [],
        "diversions": "",
        "additionalInfo": [],
        "weblinkName": null,
        "attendingGroups": null,
        "encodedPolylines": [],
        "duration": null,
        "start": 1790172000000,
        "displayName": "HOLIDAY TRAFFIC EXPECTED",
        "roads": [
          {
            "conditionTendency": "",
            "crossStreet": "Mort Street",
            "delay": "",
            "impactedLanes": [],
            "locationQualifier": "-",
            "mainStreet": "Chifley Road",
            "quadrant": "",
            "queueLength": 0,
            "region": "Blue Mountains",
            "secondLocation": "",
            "suburb": "Lithgow",
            "trafficVolume": ""
          }
        ],
        "isLocalRoad": "State road",
        "CategoryIcon": "PublicEvent"
      }
    },
    {
      "type": "Feature",
      "id": 288140,
      "geometry": {
        "type": "Point",
        "coordinates": [
          151.1128047,
          -33.7148738
        ],
        "collections": []
      },
      "properties": {
        "webLinks": [],
        "headline": "",
        "periods": [],
        "speedLimit": -1,
        "weblinkUrl": null,
        "expectedDelay": -1,
        "ended": false,
        "isNewIncident": false,
        "publicTransport": "",
        "impactingNetwork": false,
        "subCategoryB": null,
        "arrangementAttachments": [],
        "isInitialReport": false,
        "created": 1790193646000,
        "isMajor": false,
        "name": null,
        "subCategoryA": "null",
        "adviceA": "Plan your journey",
        "adviceB": "Allow extra travel time",
        "adviceC": " ",
        "end": 1791809100000,
        "hideEndDate": false,
        "incidentKind": "Planned",
        "mainCategory": "SPECIAL EVENT",
        "lastUpdated": 1790496636728,
        "otherAdvice": "<p>High volumes of holiday traffic are expected from Wahroonga to Calga on the M1 Pacific Motorway during peak holiday travel periods.</p><p>For details about known holiday traffic pinch points, see the NSW Holiday and Journey planning <a href=\"https://www.nsw.gov.au/driving-boating-and-transport/plan-your-trip/holiday-driving/holiday-and-journey-planning\" target=\"_blank\">website</a> and the pinch point journey planning <a href=\"https://www.myjourneynsw.info/\" target=\"_blank\">tool</a>.</p>",
        "arrangementElements": [],
        "diversions": "",
        "additionalInfo": [],
        "weblinkName": null,
        "attendingGroups": null,
        "encodedPolylines": [],
        "duration": null,
        "start": 1790172000000,
        "displayName": "HOLIDAY TRAFFIC EXPECTED",
        "roads": [
          {
            "conditionTendency": "",
            "crossStreet": "",
            "delay": "",
            "impactedLanes": [],
            "locationQualifier": "-",
            "mainStreet": "M1 Pacific Motorway",
            "quadrant": "",
            "queueLength": 0,
            "region": "Sydney",
            "secondLocation": "",
            "suburb": "Wahroonga to Calga",
            "trafficVolume": ""
          }
        ],
        "isLocalRoad": "State road",
        "CategoryIcon": "PublicEvent"
      }
    },
    {
      "type": "Feature",
      "id": 289363,
      "geometry": {
        "type": "Point",
        "coordinates": [
          146.0499821,
          -34.2885297
        ],
        "collections": []
      },
      "properties": {
        "webLinks": [
          {
            "linkText": "Griffith's Biggest Lap",
            "linkURL": "https://griffithsbiggestlap.com.au/"
          }
        ],
        "headline": "",
        "periods": [
          {
            "closureType": "ROAD_CLOSURE",
            "roadextent": "Closed",
            "roadtype": "Road",
            "direction": "All directions",
            "finishTime": "8:30pm",
            "fromDay": "Saturday",
            "startTime": "4:00pm",
            "toDay": ""
          }
        ],
        "speedLimit": -1,
        "weblinkUrl": null,
        "expectedDelay": -1,
        "ended": false,
        "isNewIncident": false,
        "publicTransport": "",
        "impactingNetwork": false,
        "subCategoryB": null,
        "arrangementAttachments": [],
        "isInitialReport": false,
        "created": 1790559374000,
        "isMajor": false,
        "name": null,
        "subCategoryA": "null",
        "adviceA": "Check signage",
        "adviceB": "Follow directions on site",
        "adviceC": "Exercise caution",
        "end": 1791028800000,
        "hideEndDate": false,
        "incidentKind": "Planned",
        "mainCategory": "SPECIAL EVENT",
        "lastUpdated": 1790559495668,
        "otherAdvice": "<p>The Griffith Biggest Lap is an event to celebrate the love for cars and the unique culture of Griffith’s car enthusiasts held on Saturday 3 October from 4pm to 8.30pm.</p><p>Banna Way and Benerembah St will be closed between Jondaryan Ave and Kookora St, and detours will be in place.</p>",
        "arrangementElements": [],
        "diversions": "<p>Motorists travelling from the south, west and east will be detoured via Kookora St, Yambil St, and Jondaryan Ave.</p><p>Motorists travelling from the north will be detoured via Wakaden St, Kooringal Ave, Kookora St and Yambil St.</p>",
        "additionalInfo": [],
        "weblinkName": null,
        "attendingGroups": null,
        "encodedPolylines": [],
        "duration": null,
        "start": 1790991000000,
        "displayName": "SPECIAL EVENT Griffith's Biggest Lap",
        "roads": [
          {
            "conditionTendency": "",
            "crossStreet": "Jondaryan Avenue",
            "delay": "",
            "impactedLanes": [],
            "locationQualifier": "between",
            "mainStreet": "Banna Avenue",
            "quadrant": "",
            "queueLength": 0,
            "region": "Riverina",
            "secondLocation": "Kookora Street",
            "suburb": "Griffith",
            "trafficVolume": ""
          }
        ],
        "isLocalRoad": "State road",
        "CategoryIcon": "PublicEvent"
      }
    },
    {
      "type": "Feature",
      "id": 289396,
      "geometry": {
        "type": "Point",
        "coordinates": [
          151.0621088,
          -34.0819774
        ],
        "collections": []
      },
      "properties": {
        "webLinks": [],
        "headline": "",
        "periods": [],
        "speedLimit": -1,
        "weblinkUrl": null,
        "expectedDelay": -1,
        "ended": false,
        "isNewIncident": false,
        "publicTransport": "",
        "impactingNetwork": false,
        "subCategoryB": null,
        "arrangementAttachments": [],
        "isInitialReport": false,
        "created": 1790583876000,
        "isMajor": false,
        "name": null,
        "subCategoryA": "null",
        "adviceA": "Plan your journey",
        "adviceB": "Expect delays",
        "adviceC": "Exercise caution",
        "end": 1791204300000,
        "hideEndDate": false,
        "incidentKind": "Planned",
        "mainCategory": "SPECIAL EVENT",
        "lastUpdated": 1790584133443,
        "otherAdvice": "<p><strong>The Royal National Park is expected to be busy over the October Long Weekend (October 3 - 5).</strong></p><p><strong>Road closures will be implemented as precincts and car parks reach full at Wattamolla Beach, Audley, Maianbar, and Bundeena.</strong></p><p>Visitors are encouraged to check the <a href=\"https://www.nationalparks.nsw.gov.au/visit-a-park/parks/royal-national-park/local-alerts\" rel=\"noopener noreferrer\" target=\"_blank\">Royal National Park local alerts</a> before travelling for updates on precinct access.</p><p><strong>Road closures when precincts reach capacity:</strong></p><ul><li>Wattamolla Rd between Sir Bertram Stevens Dr and Wattamolla Beach</li><li>Garie Rd between Sir Bertram Stevens Dr and Garie Beach</li><li>Maianbar Rd between Bundeena Dr and Maianbar township</li><li>Bundeena Dr between Sir Bertram Stevens Dr and Bundeena township</li></ul>",
        "arrangementElements": [],
        "diversions": "",
        "additionalInfo": [],
        "weblinkName": null,
        "attendingGroups": null,
        "encodedPolylines": [],
        "duration": null,
        "start": 1790949600000,
        "displayName": "SPECIAL EVENT",
        "roads": [
          {
            "conditionTendency": "",
            "crossStreet": "",
            "delay": "",
            "impactedLanes": [],
            "locationQualifier": "at",
            "mainStreet": "McKell Ave, Farnell Ave & various roads",
            "quadrant": "",
            "queueLength": 0,
            "region": "Sydney",
            "secondLocation": "",
            "suburb": "Royal National Park McKell Ave, Farnell Ave & various roads",
            "trafficVolume": ""
          }
        ],
        "isLocalRoad": "State road",
        "CategoryIcon": "PublicEvent"
      }
    },
    {
      "type": "Feature",
      "id": 288924,
      "geometry": {
        "type": "Point",
        "coordinates": [
          148.678718,
          -33.95292
        ],
        "collections": []
      },
      "properties": {
        "webLinks": [
          {
            "linkText": "Facebook - Morongla Show",
            "linkURL": "https://www.facebook.com/moronglashow/"
          }
        ],
        "headline": "",
        "periods": [],
        "speedLimit": 40,
        "weblinkUrl": null,
        "expectedDelay": -1,
        "ended": false,
        "isNewIncident": true,
        "publicTransport": "",
        "impactingNetwork": false,
        "subCategoryB": null,
        "arrangementAttachments": [],
        "isInitialReport": false,
        "created": 1790625618000,
        "isMajor": false,
        "name": null,
        "subCategoryA": "null",
        "adviceA": "Reduced speed limit",
        "adviceB": "Exercise caution",
        "adviceC": " ",
        "end": 1791185400000,
        "hideEndDate": false,
        "incidentKind": "Planned",
        "mainCategory": "SPECIAL EVENT",
        "lastUpdated": 1790625619037,
        "otherAdvice": "<p>The Morongla Show will be held on Monday 5  October 2026. A speed reduction of 40km/h will be in place on Lachlan Valley Way and Morongla Road</p>",
        "arrangementElements": [],
        "diversions": "",
        "additionalInfo": [],
        "weblinkName": null,
        "attendingGroups": null,
        "encodedPolylines": [],
        "duration": null,
        "start": 1791149400000,
        "displayName": "Morongla Show",
        "roads": [
          {
            "conditionTendency": "",
            "crossStreet": "Morongla Road",
            "delay": "",
            "impactedLanes": [],
            "locationQualifier": "at",
            "mainStreet": "Lachlan Valley Way",
            "quadrant": "",
            "queueLength": 0,
            "region": "Central NSW",
            "secondLocation": "",
            "suburb": "Cowra",
            "trafficVolume": ""
          }
        ],
        "isLocalRoad": "State road",
        "CategoryIcon": "PublicEvent"
      }
    },
    {
      "type": "Feature",
      "id": 289422,
      "geometry": {
        "type": "Point",
        "coordinates": [
          153.2798854,
          -28.8110035
        ],
        "collections": []
      },
      "properties": {
        "webLinks": [],
        "headline": "",
        "periods": [],
        "speedLimit": -1,
        "weblinkUrl": null,
        "expectedDelay": -1,
        "ended": false,
        "isNewIncident": true,
        "publicTransport": "",
        "impactingNetwork": false,
        "subCategoryB": null,
        "arrangementAttachments": [],
        "isInitialReport": false,
        "created": 1790634601000,
        "isMajor": false,
        "name": null,
        "subCategoryA": "null",
        "adviceA": "Check signage",
        "adviceB": "Use diversions",
        "adviceC": "Allow extra travel time",
        "end": 1791032400000,
        "hideEndDate": false,
        "incidentKind": "Planned",
        "mainCategory": "SPECIAL EVENT",
        "lastUpdated": 1790634601581,
        "otherAdvice": "<p><strong>Northern Rivers Performing Arts (NORPA) street activation 5pm Wednesday 30 September to 11pm Saturday 3 October.</strong></p><p>Hampton Street will be closed with signage and detour in place.</p>",
        "arrangementElements": [],
        "diversions": "",
        "additionalInfo": [],
        "weblinkName": null,
        "attendingGroups": null,
        "encodedPolylines": [],
        "duration": null,
        "start": 1790751600000,
        "displayName": "SPECIAL EVENT The Joinery NORPA street activation",
        "roads": [
          {
            "conditionTendency": "",
            "crossStreet": "Magellan Street",
            "delay": "",
            "impactedLanes": [],
            "locationQualifier": "between",
            "mainStreet": "Dawson Street",
            "quadrant": "",
            "queueLength": 0,
            "region": "North Coast NSW",
            "secondLocation": "Hampton Street",
            "suburb": "Lismore",
            "trafficVolume": ""
          }
        ],
        "isLocalRoad": "State road",
        "CategoryIcon": "PublicEvent"
      }
    },
    {
      "type": "Feature",
      "id": 288899,
      "geometry": {
        "type": "Point",
        "coordinates": [
          150.9016894,
          -34.4283449
        ],
        "collections": []
      },
      "properties": {
        "webLinks": [],
        "headline": "",
        "periods": [],
        "speedLimit": -1,
        "weblinkUrl": null,
        "expectedDelay": -1,
        "ended": false,
        "isNewIncident": true,
        "publicTransport": "<p>Planned trackwork is taking place on the South Coast Line on Sunday 11 October. Visit <a href=\"https://transportnsw.info/events\" rel=\"noopener noreferrer\" target=\"_blank\">transportnsw.info</a> to plan your trip.</p>",
        "impactingNetwork": false,
        "subCategoryB": null,
        "arrangementAttachments": [],
        "isInitialReport": false,
        "created": 1790659340000,
        "isMajor": false,
        "name": null,
        "subCategoryA": "null",
        "adviceA": "Use public transport",
        "adviceB": "Allow extra travel time",
        "adviceC": " ",
        "end": 1791708300000,
        "hideEndDate": false,
        "incidentKind": "Planned",
        "mainCategory": "SPECIAL EVENT",
        "lastUpdated": 1790659341674,
        "otherAdvice": "<p><strong>Upcoming NBL games at WIN Entertainment Centre:</strong></p><ul><li><strong>Friday 9 October - </strong><a href=\"https://www.wsec.com.au/events/hawks_v_tasmania_jackjumpers_fri_9_oct_2026\" rel=\"noopener noreferrer\" target=\"_blank\"><strong>Illawarra Hawks v Tasmania JackJumpers. </strong></a>Tip off at 7.30pm, full time at 9.30pm</li><li><strong>Sunday 11 October - </strong><a href=\"https://www.wsec.com.au/events/hawks_v_cairns_taipans_sun_11_oct_2026\" rel=\"noopener noreferrer\" target=\"_blank\"><strong>Illawarra Hawks v Carins Taipans</strong></a><strong>.</strong> Tip off at 5pm, full time at 7pm</li></ul><p>Traffic may be heavier than usual on roads approaching the Wollongong CBD and on local roads around WIN Entertainment Centre as fans travel to and from the match, including during the busy evening peak.</p><p>Local roads around the stadium may close before, during and after the game for the safety of pedestrians.</p><p>Fans driving to the game on the freeway are encouraged to use the Masters Rd exit to avoid congestion at Mount Ousley Rd, both in and out of Wollongong.</p><p>Motorists should allow extra time for parking and be aware of increased pedestrian activity on local roads.</p>",
        "arrangementElements": [],
        "diversions": "",
        "additionalInfo": [],
        "weblinkName": null,
        "attendingGroups": null,
        "encodedPolylines": [],
        "duration": null,
        "start": 1791464400000,
        "displayName": "NBL",
        "roads": [
          {
            "conditionTendency": "",
            "crossStreet": "WIN Entertainment Centre",
            "delay": "",
            "impactedLanes": [],
            "locationQualifier": "at",
            "mainStreet": "Harbour Street",
            "quadrant": "",
            "queueLength": 0,
            "region": "South Coast",
            "secondLocation": "",
            "suburb": "Wollongong",
            "trafficVolume": ""
          }
        ],
        "isLocalRoad": "State road",
        "CategoryIcon": "PublicEvent"
      }
    },
    {
      "type": "Feature",
      "id": 285174,
      "geometry": {
        "type": "Point",
        "coordinates": [
          151.0660176,
          -33.8470128
        ],
        "collections": []
      },
      "properties": {
        "webLinks": [],
        "headline": "",
        "periods": [],
        "speedLimit": -1,
        "weblinkUrl": null,
        "expectedDelay": -1,
        "ended": false,
        "isNewIncident": false,
        "publicTransport": "<p>Match tickets include travel on public transport. Express trains and Major Event Buses will run. Visit <a href=\"https://transportnsw.info/events/2026/10/nrl-nrlw-grand-final-2026\" rel=\"noopener noreferrer\" target=\"_blank\">transportnsw.info</a> to plan your trip.</p>",
        "impactingNetwork": true,
        "subCategoryB": null,
        "arrangementAttachments": [],
        "isInitialReport": false,
        "created": 1788913753000,
        "isMajor": false,
        "name": null,
        "subCategoryA": "null",
        "adviceA": "Use public transport",
        "adviceB": "Allow extra travel time",
        "adviceC": " ",
        "end": 1791118740000,
        "hideEndDate": true,
        "incidentKind": "Planned",
        "mainCategory": "SPECIAL EVENT",
        "lastUpdated": 1790659504963,
        "otherAdvice": "<p><strong>NRL &amp; NRLW Grand Final at Accor Stadium on Sunday 4 October. </strong>State Championship at 1:20pm, NRLW Grand Final: Roosters v Broncos at 4pm and NRL Grand Final: Roosters v Knights at 7:30pm, full-time 9:20pm.</p><p>With a sold-out crowd of 80,000 footy fans expected, traffic will be heavy on roads approaching the precinct and from Newcastle as fans travel across town to the precinct.</p><p>Motorists should allow plenty of extra travel time on roads approaching Olympic Park including the M4 Mwy, Homebush Bay Dr, Concord Rd, Lane Cove Rd, Parramatta Rd, Centenary Dr and Silverwater Rd.</p><ul><li><strong>PARKING: pre-booked spaces are selling fast, fans are urged to </strong><a href=\"https://www.sydneyolympicpark.nsw.gov.au/parking\" rel=\"noopener noreferrer\" target=\"_blank\"><strong>pre-book parking online</strong></a><strong> ahead of time to secure a space. A flat rate $40 parking fee applies. </strong></li><li>If you have pre-booked your parking, follow the directions of staff and have your parking ticket ready to show at the car park entry. Carpool with your group and allow plenty of extra travel time as traffic will be heavy.</li><li>If you haven&#39;t pre-booked parking don&#39;t drive to Olympic Park. Consider parking at a nearby train station commuter car park and continuing your trip by train to Olympic Park, at no extra cost.</li></ul><p>Sydney Olympic Park Authority will close local roads in the precinct and traffic congestion is expected before and after the match. For road closure details, visit the <a href=\"https://www.sopa.nsw.gov.au/Map\" rel=\"noopener noreferrer\" target=\"_blank\">Sydney Olympic Park Authority interactive map</a>. </p>",
        "arrangementElements": [
          {
            "html": "<p>Sydney Olympic Park Authority will close local roads in the precinct to ensure pedestrian safety during the event and to accommodate additional transport services. For road closure details, view the <a href=\"https://www.sydneyolympicpark.nsw.gov.au/map\" rel=\"noopener noreferrer\" target=\"_blank\">interactive map</a>.</p><p>The following roads will be closed for the NRL &amp; NRLW Grand Final and other events at Olympic Park over the long weekend: </p><p><strong>From 1am Thursday 24 September to 1am Tuesday 6 October </strong></p><ul><li>Grand Parade from Showground Road to Australia Avenue</li></ul><p><strong>From 1am Friday 2 October to 1am Monday 5 October</strong></p><ul><li>Grand Parade from Olympic Boulevard to Showground Road</li><li>Showground Road from Murray Rose Avenue to Grand Parade</li><li>Olympic Boulevard from Dawn Fraser Avenue to Northern Turning circle</li></ul><p><strong>From 1am Saturday 3 October to 1am Monday 5 October</strong></p><ul><li>Murray Rose Avenue from Showground Road to Gate 15</li><li>Showground road from Murray Rose Avneue to Dawn Fraser Avenue</li></ul><p><strong>From 1:30am Saturday 3 October to 3am Monday 5 October </strong></p><ul><li>Dawn Fraser Avenue from Showground Road to Olympic Boulevard</li><li>Dawn Fraser Avenue from Olympic Boulevard to 12 Dawn Fraser Ave</li><li>Olympic Boulevard from Dawn Fraser Avenue to Herb Elliott Avenue</li></ul><p><strong>From 12pm Saturday 3 October to 1am Monday 5 October</strong></p><ul><li>Dawn Fraser Avenue from Park Street to Showground Road</li><li>Showground Road from Dawn Fraser Avenue to Novotel Loading dock</li></ul><p><strong>From 9pm Saturday 3 October to midnight Sunday 4 October</strong></p><ul><li>Murray Rose Avenue from Gate 15 to Park Street</li></ul><p><strong>From 1am Sunday 4 October to 1am Monday 5 October</strong></p><ul><li>Olympic Boulevard from Northern Turning Circle to Edwin Flack Avenue</li></ul><p><strong>From 9am Sunday 4 October to 1am Monday 5 October </strong></p><ul><li>Kevin Coombes Avenue between Pondage Link and Australia Avenue (eastbound)</li><li>Holker Busway from Hill Road to Australia Avenue</li></ul><p><strong>From 10am Sunday 4 October to 1am Monday 5 October </strong></p><ul><li>Olympic Boulevard between Sarah Durack and Herb Elliott Avenue</li><li>Shirly Strickland between P4 Roundabout and Rod Laver</li><li>Rod Laver Avenue at the rear of Tennis Centre</li></ul><p><strong>From 2:30pm Sunday 4 October to 1am Monday 5 October </strong></p><ul><li>Kevin Coombes Avenue between Pondage Link and Australia Avenue (westbound) </li></ul><p><strong>From 8:30pm Sunday 4 October to 11.30pm Sunday 4 October</strong></p><ul><li>Edwin Flack Ave from Pondage Link to Old Hill Link (westbound) </li><li>Edwin Flack Avenue North bound from Bernie Avenue to Old Hill Link </li><li>Murray Rose Avenue from Gate 15 to Australia Avenue</li><li>Dawn Fraser Avenue from Park Street to Australia Avenue</li><li>Birnie Avenue from Carter Street to Edwin Flack Avenue</li><li>Uhrig Road from Grazier Street to Edwin Flack Avenue</li><li>Pondage Link from Hill Road to Edwin Flack Avenue</li></ul><p><br></p>",
            "title": "Road Closures",
            "id": "917913"
          }
        ],
        "diversions": "",
        "additionalInfo": [],
        "weblinkName": null,
        "attendingGroups": null,
        "encodedPolylines": [],
        "duration": null,
        "start": 1791036000000,
        "displayName": "NRL & NRLW Grand Final",
        "roads": [
          {
            "conditionTendency": "",
            "crossStreet": "Accor Stadium",
            "delay": "",
            "impactedLanes": [],
            "locationQualifier": "approaching",
            "mainStreet": "M4 Motorway, Homebush Bay Drive, Parramatta Road, Centenary Drive",
            "quadrant": "",
            "queueLength": 0,
            "region": "Sydney",
            "secondLocation": "",
            "suburb": "Sydney Olympic Park",
            "trafficVolume": ""
          }
        ],
        "isLocalRoad": "State road",
        "CategoryIcon": "PublicEvent"
      }
    },
    {
      "type": "Feature",
      "id": 288903,
      "geometry": {
        "type": "Point",
        "coordinates": [
          151.0214446,
          -33.8224126
        ],
        "collections": []
      },
      "properties": {
        "webLinks": [],
        "headline": "",
        "periods": [],
        "speedLimit": -1,
        "weblinkUrl": null,
        "expectedDelay": -1,
        "ended": false,
        "isNewIncident": false,
        "publicTransport": "<p>Race day tickets include travel on public transport.<strong> </strong>Planned trackwork is taking place between Parramatta and Olympic Park.<strong> </strong>Visit <a href=\"https://transportnsw.info/events/2026/10/hill-stakes-day-everest-carnival\" rel=\"noopener noreferrer\" target=\"_blank\">transportnsw.info</a> to plan your trip.</p>",
        "impactingNetwork": false,
        "subCategoryB": null,
        "arrangementAttachments": [],
        "isInitialReport": false,
        "created": 1790659763000,
        "isMajor": false,
        "name": null,
        "subCategoryA": "null",
        "adviceA": "Allow extra travel time",
        "adviceB": "Use public transport",
        "adviceC": " ",
        "end": 1791619200000,
        "hideEndDate": true,
        "incidentKind": "Planned",
        "mainCategory": "SPECIAL EVENT",
        "lastUpdated": 1790659794888,
        "otherAdvice": "<p><strong>Everest Carnival: Hill Stakes Day at Rosehill Gardens Racecourse. First race at 12.35pm, last race from 6:05pm. </strong></p><p>Traffic may be heavier than usual on James Ruse Dr and Hassall St as attendees arrive and leave the racecourse.</p><p>Motorists should allow extra travel time and be aware of increased pedestrian activity on local roads in the area.</p><p><strong>Special event clearway parking restrictions will be in effect at the following locations:</strong></p><ul><li><strong>From 7am to 8pm</strong>: Grand Avenue from 100m Prior to Gate 1 Australian Turf Club Rosehill Gardens to opposite Grand Avenue North (southern side).</li></ul><p>Clearways are strict no-parking zones for all vehicle types and apply even to local residents and TfNSW Mobility Scheme Permit holders. Check signs carefully as vehicles left in clearways will be towed and a fee applies. If your vehicle is towed, you can search your vehicle registration at the <a href=\"https://www.nsw.gov.au/driving-boating-and-transport/demerits-penalties-and-offences/offences/if-your-car-gets-towed\" rel=\"noopener noreferrer\" target=\"_blank\">Find My Car website</a> to find its new location, or alternatively call 132 701 to speak to an operator.</p>",
        "arrangementElements": [],
        "diversions": "",
        "additionalInfo": [],
        "weblinkName": null,
        "attendingGroups": null,
        "encodedPolylines": [],
        "duration": null,
        "start": 1791550800000,
        "displayName": "Spring Carnival Race Day",
        "roads": [
          {
            "conditionTendency": "",
            "crossStreet": "Rosehill Gardens Racecourse",
            "delay": "",
            "impactedLanes": [],
            "locationQualifier": "at",
            "mainStreet": "James Ruse Drive",
            "quadrant": "",
            "queueLength": 0,
            "region": "Sydney",
            "secondLocation": "",
            "suburb": "Rosehill",
            "trafficVolume": ""
          }
        ],
        "isLocalRoad": "State road",
        "CategoryIcon": "PublicEvent"
      }
    },
    {
      "type": "Feature",
      "id": 288925,
      "geometry": {
        "type": "Point",
        "coordinates": [
          151.2223763,
          -33.8884316
        ],
        "collections": []
      },
      "properties": {
        "webLinks": [],
        "headline": "",
        "periods": [],
        "speedLimit": -1,
        "weblinkUrl": null,
        "expectedDelay": -1,
        "ended": false,
        "isNewIncident": true,
        "publicTransport": "<p>Travel on transport is included in match tickets and additional light rail services will run. Visit <a href=\"https://transportnsw.info/events/2026/10/rugby-league-world-cup-allianz-stadium\" rel=\"noopener noreferrer\" target=\"_blank\">transportnsw.info</a> to plan your trip.</p>",
        "impactingNetwork": false,
        "subCategoryB": null,
        "arrangementAttachments": [
          {
            "displayName": "Moore-Park-events-transport-map",
            "fileName": "Moore-Park-events-transport-map.pdf",
            "fileType": "PDF",
            "linkName": "Moore-Park-events-transport-map",
            "sizeInBytes": 692771,
            "uniqueFileName": "327493_1763955212233_Moore-Park-events-transport-map.pdf"
          },
          {
            "displayName": "ClearwayMap_MoorePark_North_DropOff",
            "fileName": "ClearwayMap_MoorePark_North_DropOff.pdf",
            "fileType": "PDF",
            "linkName": "ClearwayMap_MoorePark_North_DropOff",
            "sizeInBytes": 200555,
            "uniqueFileName": "341648_1790133761910_ClearwayMap_MoorePark_North_DropOff.pdf"
          }
        ],
        "isInitialReport": false,
        "created": 1790660719000,
        "isMajor": false,
        "name": null,
        "subCategoryA": "null",
        "adviceA": "Expect delays",
        "adviceB": "Check signage",
        "adviceC": "Use public transport",
        "end": 1794139200000,
        "hideEndDate": false,
        "incidentKind": "Planned",
        "mainCategory": "SPECIAL EVENT",
        "lastUpdated": 1790660720663,
        "otherAdvice": "<p><strong>Upcoming Rugby League World Cup games at Allianz Stadium:</strong></p><ul><li><strong>Thursday 15 October - </strong><a href=\"https://www.allianzstadium.com.au/events/rugby_league_world_cup_2026__australia_v_new_zeala\" rel=\"noopener noreferrer\" target=\"_blank\"><strong>Men&#39;s Australia v New Zealand</strong></a><strong>.</strong> Gates open 6.30pm, kick off 8.05pm</li><li><strong>Sunday 8 November - </strong><a href=\"https://www.allianzstadium.com.au/events/rugby_league_world_cup_2026__men_s_semi_final\" rel=\"noopener noreferrer\" target=\"_blank\"><strong>Women &amp; Men&#39;s Semi-Final Game 2</strong></a><strong>.</strong> Gates open 4pm, Women&#39;s kick off at 5.45pm and Men&#39;s kick off at 8.05pm</li></ul><p>Traffic delays are expected on roads approaching Moore Park as fans make their way to the precinct.</p><p>Motorists should carpool and allow plenty of extra travel time on roads including the Eastern Distributor, Moore Park Rd, Cleveland St, Anzac Pde and Lang Rd.</p><p><strong>Changed traffic conditions:</strong></p><ul><li>Driver Avenue will be partially closed outside the stadium before each game and will reopen once crowds have safely cleared the area.</li><li>No through-traffic will be available on Driver Avenue, however access to EP2 Kippax car park will be maintained via Moore Park Road and access to EP3 grass car park and drop-off areas will be maintained from Lang Road.</li><li><strong>Special event clearways will be in effect on roads in Moore Park and surrounding areas </strong>on sections of Albion Street, Cleveland Street, Fitzroy Street, Lang Road and Moore Park Road</li></ul><p>Clearways are strict no-parking zones for all vehicle types, and apply even to local residents and TfNSW Mobility Scheme Permit holders. Check signs carefully as vehicles left in clearways will be towed and a fee applies. If your vehicle is towed, you can search your vehicle registration at the <a href=\"https://www.nsw.gov.au/driving-boating-and-transport/demerits-penalties-and-offences/offences/if-your-car-gets-towed\" rel=\"noopener noreferrer\" target=\"_blank\">Find My Car</a> website to find its new location, or alternatively call 132 701 to speak to an operator</p>",
        "arrangementElements": [
          {
            "html": "<p>Clearways are <strong>strict</strong> no-parking zones and also apply to local residents and Mobility Scheme Permit holders. Check signs before parking as vehicles left in special event clearways will be towed and a towing fee applies. If your vehicle is towed, you can search your vehicle registration at the <a href=\"https://www.nsw.gov.au/driving-boating-and-transport/demerits-penalties-and-offences/offences/if-your-car-gets-towed/what-to-do\" rel=\"noopener noreferrer\" target=\"_blank\">Find My Car</a> website to find its new location, or alternatively call 132 701 to speak to an operator. </p><p><strong>From 6am to midnight – Thursday 15 October and Sunday 8 November</strong></p><ul><li>Cleveland Street between South Dowling Street and City Road (southern side)</li><li>Cleveland Street between Abercrombie Street and South Dowling Street (northern side)</li><li>Thu 15 Oct only - Fitzroy Street between South Dowling Street and Bourke Street (northern side)</li></ul><p><strong>From 3pm to midnight – Thursday 15 October</strong></p><ul><li>Albion Street between Bourke Street and Flinders Street (both sides)</li><li>Lang Road between Anzac Parade and Errol Flynn Boulevard (northern side)</li><li>Moore Park Road between Flinders Street and Greens Road (northern side)</li><li>Moore Park Road from 80m west of Oatley Road to 75m east of Oatley Road (northern side)</li></ul><p><strong>From 3pm to midnight – Sunday 8 November</strong></p><ul><li>Albion Street between Bourke Street and Flinders Street (both sides)</li><li>Fitzroy Street between South Dowling Street and Bourke Street (northern side)</li><li>Lang Road between Anzac Parade and Errol Flynn Boulevard (northern side)</li><li>Moore Park Road between Flinders Street and Greens Road (northern side) </li></ul>",
            "title": "Special Event Clearways",
            "id": "917943"
          }
        ],
        "diversions": "",
        "additionalInfo": [],
        "weblinkName": null,
        "attendingGroups": null,
        "encodedPolylines": [],
        "duration": null,
        "start": 1791982800000,
        "displayName": "Rugby League World Cup",
        "roads": [
          {
            "conditionTendency": "",
            "crossStreet": "Allianz Stadium",
            "delay": "",
            "impactedLanes": [],
            "locationQualifier": "approaching",
            "mainStreet": "Moore Park Road, Anzac Parade, Lang Road, Eastern Distributor",
            "quadrant": "",
            "queueLength": 0,
            "region": "Sydney",
            "secondLocation": "",
            "suburb": "Moore Park",
            "trafficVolume": ""
          }
        ],
        "isLocalRoad": "State road",
        "CategoryIcon": "PublicEvent"
      }
    },
    {
      "type": "Feature",
      "id": 288901,
      "geometry": {
        "type": "Point",
        "coordinates": [
          151.062132,
          -33.8495822
        ],
        "collections": []
      },
      "properties": {
        "webLinks": [],
        "headline": "",
        "periods": [],
        "speedLimit": -1,
        "weblinkUrl": null,
        "expectedDelay": -1,
        "ended": false,
        "isNewIncident": false,
        "publicTransport": "<p>Match tickets include travel on public transport. Weekend trackwork is taking place between Parramatta and Olympic Park. Visit <a href=\"https://transportnsw.info/events/2026/10/monster-jam\" rel=\"noopener noreferrer\" target=\"_blank\">transportnsw.info</a> to plan your trip.</p>",
        "impactingNetwork": false,
        "subCategoryB": null,
        "arrangementAttachments": [],
        "isInitialReport": false,
        "created": 1790659541000,
        "isMajor": false,
        "name": null,
        "subCategoryA": "null",
        "adviceA": "Use public transport",
        "adviceB": "Allow extra travel time",
        "adviceC": " ",
        "end": 1791626400000,
        "hideEndDate": true,
        "incidentKind": "Planned",
        "mainCategory": "SPECIAL EVENT",
        "lastUpdated": 1790660842739,
        "otherAdvice": "<p><strong>Monster Jam at Accor Stadium. Gates open 4.30pm, show starts at 6pm and finishes 8pm.</strong></p><p>With up to 40,000 attendees expected, traffic will be heavier than usual on roads approaching Sydney Olympic Park.</p><ul><li>Motorists should allow extra travel time on roads including the M4 Mwy, Homebush Bay Dr, Concord Rd, Lane Cove Rd, Parramatta Rd, Centenary Dr and Silverwater Rd.</li><li>If you have to drive, carpool with your group <a href=\"https://www.sydneyolympicpark.nsw.gov.au/parking\" rel=\"noopener noreferrer\" target=\"_blank\">pre-book your parking online</a> ahead of time to secure a space – available until 11:59pm the night before the event unless sold out prior. Other events will be taking place on Saturday, so attendees are encouraged to plan ahead.</li><li>If you have pre-booked your parking, follow the directions of staff and have your parking ticket ready to show at the car park entry.</li></ul><p>Sydney Olympic Park Authority may close local roads in the precinct to ensure pedestrian safety during events. View the <a href=\"https://www.sydneyolympicpark.nsw.gov.au/map\" rel=\"noopener noreferrer\" target=\"_blank\">interactive map</a> for closure details</p>",
        "arrangementElements": [],
        "diversions": "",
        "additionalInfo": [],
        "weblinkName": null,
        "attendingGroups": null,
        "encodedPolylines": [],
        "duration": null,
        "start": 1791550800000,
        "displayName": "Monster Jam",
        "roads": [
          {
            "conditionTendency": "",
            "crossStreet": "Accor Stadium",
            "delay": "",
            "impactedLanes": [],
            "locationQualifier": "approaching",
            "mainStreet": "M4 Motorway, Homebush Bay Drive, Parramatta Road, Centenary Drive",
            "quadrant": "",
            "queueLength": 0,
            "region": "Sydney",
            "secondLocation": "",
            "suburb": "Sydney Olympic Park",
            "trafficVolume": ""
          }
        ],
        "isLocalRoad": "State road",
        "CategoryIcon": "PublicEvent"
      }
    },
    {
      "type": "Feature",
      "id": 288231,
      "geometry": {
        "type": "Point",
        "coordinates": [
          151.0631071,
          -33.8432775
        ],
        "collections": []
      },
      "properties": {
        "webLinks": [],
        "headline": "",
        "periods": [],
        "speedLimit": -1,
        "weblinkUrl": null,
        "expectedDelay": -1,
        "ended": false,
        "isNewIncident": false,
        "publicTransport": "<p>Visit <a href=\"https://transportnsw.info/events\" rel=\"noopener noreferrer\" target=\"_blank\">transportnsw.info</a> to plan your trip. Planned weekend trackwork is taking place Sat 10 - Sun 11 Oct between Parramatta and Olympic Park. </p>",
        "impactingNetwork": false,
        "subCategoryB": null,
        "arrangementAttachments": [],
        "isInitialReport": false,
        "created": 1789948811000,
        "isMajor": false,
        "name": null,
        "subCategoryA": "null",
        "adviceA": "Allow extra travel time",
        "adviceB": "Use public transport",
        "adviceC": " ",
        "end": 1791702000000,
        "hideEndDate": false,
        "incidentKind": "Planned",
        "mainCategory": "SPECIAL EVENT",
        "lastUpdated": 1790661313226,
        "otherAdvice": "<p><strong>Upcoming events at Afterpay Arena (formerly Qudos Bank Arena):</strong></p><ul><li><strong>Wednesday 30 September - </strong><a href=\"https://afterpayarena.com.au/event/sydney-kings-26-27-season\" rel=\"noopener noreferrer\" target=\"_blank\"><strong>NBL Sydney Kings v Brisbane Bullets</strong></a><strong>. </strong>Tip-off at 7.30pm, finish by 9.30pm</li><li><strong>Thursday 1 October - </strong><a href=\"https://afterpayarena.com.au/event/conan-gray\" rel=\"noopener noreferrer\" target=\"_blank\"><strong>Conan Gray</strong></a><strong>.</strong> Show starts at 8pm, finishes at 11pm</li><li><strong>Friday 2, Saturday 3, Monday 5 &amp; Tuesday 6 October - </strong><a href=\"https://afterpayarena.com.au/event/noah-kahan\" rel=\"noopener noreferrer\" target=\"_blank\"><strong>Noah Kahan</strong></a><strong>. </strong>Show starts nightly at 8pm, finishes at 10.45pm</li><li><strong>Friday 9 &amp; Saturday 10 October - </strong><a href=\"https://afterpayarena.com.au/event/olivia-dean\" rel=\"noopener noreferrer\" target=\"_blank\"><strong>Olivia Dean</strong></a><strong>. </strong>Shows start nightly at 7pm and finish at 11pm</li><li><strong>Sunday 11 October - </strong><a href=\"https://afterpayarena.com.au/event/sydney-kings-26-27-season\" rel=\"noopener noreferrer\" target=\"_blank\"><strong>NBL Sydney Kings v Adelaide 36ers</strong></a><strong>. </strong>Tip off at 3pm, finish approximately 5pm</li></ul><p>Traffic delays are expected as attendees make their way to and from Olympic Park, particularly during busy evening peak periods. Motorists should allow extra travel time on roads including the M4 Mwy, Homebush Bay Dr, Concord Rd, Lane Cove Rd, Parramatta Rd, Centenary Dr and Silverwater Rd.</p><p>If you&#39;re driving, <a href=\"https://www.sydneyolympicpark.com.au/parking/\" rel=\"noopener noreferrer\" target=\"_blank\">pre-book parking online</a> in advance to secure a space, available until 11:59pm the night before the event unless sold out prior. If you have pre-booked your parking, follow the directions of staff and have your parking ticket ready to show at the car park entry.</p><p>Sydney Olympic Park Authority will close some local roads to accommodate increased public transport services and ensure pedestrian safety during events. For road closure details, visit the <a href=\"https://www.sydneyolympicpark.nsw.gov.au/map\" rel=\"noopener noreferrer\" target=\"_blank\">Sydney Olympic Park interactive map</a> for more details.  </p>",
        "arrangementElements": [
          {
            "html": "<p><strong>Roads will be closed </strong>in the precinct for the safety of event crowds arriving and leaving the venue. For road closure details, visit the <a href=\"https://www.sydneyolympicpark.nsw.gov.au/map\" rel=\"noopener noreferrer\" target=\"_blank\">Sydney Olympic Park interactive map</a> for more details.</p><p><strong>From 1am Thursday 24 September to 1am Tuesday 6 October</strong></p><ul><li>Grand Parade from Showground Road to Australia Avenue</li></ul><p><strong>From 1am Friday 2 October to 1am Monday 5 October</strong></p><ul><li>Grand Parade from Olympic Boulevard to Showground Road </li><li>Showground Road from Murray Rose Avenue to Grand Parade </li><li>Olympic Boulevard from Dawn Fraser Avenue to Northern Turning circle.</li></ul><p><strong>From 1am Saturday 3 October to 1am Monday 5 October</strong></p><ul><li>Murray Rose Avenue from Showground Road to Gate 15</li><li>Showground road from Murray Rose Avneue to Dawn Fraser Avenue</li></ul><p><strong>From 1.30am Saturday 3 October to 3am Monday 5 October</strong></p><ul><li>Dawn Fraser Avenue from Showground Road to Olympic Boulevard </li><li>Dawn Fraser Avenue from Olympic Boulevard to NRL Centre of Excellence</li><li>Olympic Boulevard from Dawn Fraser Avenue to Herb Elliott Avenue</li></ul><p><strong>From 12pm Saturday 3 October to 1am Monday 5 October</strong></p><ul><li>Dawn Fraser Avenue from Park Street to Showground Road </li><li>Showground Road from Dawn Fraser Avenue to Novotel Loading dock</li></ul><p><strong>From 9pm Saturday 3 October to 12am Sunday 4 October</strong></p><ul><li>Murray Rose Avenue from Gate 15 to park Street</li></ul><p><br></p>",
            "title": "Road Closures",
            "id": "917955"
          }
        ],
        "diversions": "",
        "additionalInfo": [],
        "weblinkName": null,
        "attendingGroups": null,
        "encodedPolylines": [],
        "duration": null,
        "start": 1790690400000,
        "displayName": "Shows",
        "roads": [
          {
            "conditionTendency": "",
            "crossStreet": "Afterpay Arena",
            "delay": "",
            "impactedLanes": [],
            "locationQualifier": "approaching",
            "mainStreet": "M4 Motorway, Homebush Bay Drive, Parramatta Road",
            "quadrant": "",
            "queueLength": 0,
            "region": "Sydney",
            "secondLocation": "",
            "suburb": "Sydney Olympic Park",
            "trafficVolume": ""
          }
        ],
        "isLocalRoad": "State road",
        "CategoryIcon": "PublicEvent"
      }
    },
    {
      "type": "Feature",
      "id": 288234,
      "geometry": {
        "type": "Point",
        "coordinates": [
          151.0707959,
          -33.8441436
        ],
        "collections": []
      },
      "properties": {
        "webLinks": [],
        "headline": "",
        "periods": [],
        "speedLimit": -1,
        "weblinkUrl": null,
        "expectedDelay": -1,
        "ended": false,
        "isNewIncident": false,
        "publicTransport": "<p>Visit <a href=\"https://transportnsw.info/events/2026/10/knockout-outdoor-level-up\" rel=\"noopener noreferrer\" target=\"_blank\">transportnsw.info</a> to plan your trip.</p>",
        "impactingNetwork": false,
        "subCategoryB": null,
        "arrangementAttachments": [],
        "isInitialReport": false,
        "created": 1789949951000,
        "isMajor": false,
        "name": null,
        "subCategoryA": "null",
        "adviceA": "Allow extra travel time",
        "adviceB": "Use public transport",
        "adviceC": " ",
        "end": 1791035940000,
        "hideEndDate": true,
        "incidentKind": "Planned",
        "mainCategory": "SPECIAL EVENT",
        "lastUpdated": 1790661409192,
        "otherAdvice": "<p><strong>Knockout Outdoor: Level Up music festival at Sydney Showground on Saturday 3 October. Event starts at 3pm and finishes 11pm.</strong></p><ul><li>With a sold-out crowd of 60,000 people expected, traffic will be heavy on roads approaching Sydney Olympic Park.</li><li>Motorists should allow extra travel time on the M4, Parramatta Rd, Homebush Bay Drive, Silverwater Rd, Centenary Dr and Concord Rd. </li><li>If you have to drive, carpool with your group <a href=\"https://www.sydneyolympicpark.nsw.gov.au/parking\" rel=\"noopener noreferrer\" target=\"_blank\">pre-book your parking online</a> ahead of time to secure a space – available until 11:59pm the night before the event unless sold out prior. If you have pre-booked your parking, follow the directions of staff and have your parking ticket ready to show at the car park entry.</li><li><strong>Roads will be closed </strong>in the precinct for the safety of event crowds arriving and leaving the venue. For road closure details, visit the <a href=\"https://www.sydneyolympicpark.nsw.gov.au/map\" rel=\"noopener noreferrer\" target=\"_blank\">Sydney Olympic Park interactive map</a> for more details.</li></ul>",
        "arrangementElements": [
          {
            "html": "<p><strong>Roads will be closed </strong>in the precinct for the safety of event crowds arriving and leaving the venue. For road closure details, visit the <a href=\"https://www.sydneyolympicpark.nsw.gov.au/map\" rel=\"noopener noreferrer\" target=\"_blank\">Sydney Olympic Park interactive map</a> for more details.</p><p><strong>From 1am Thursday 24 September to 1am Tuesday 6 October</strong></p><ul><li>Grand Parade from Showground Road to Australia Avenue</li></ul><p><strong>From 1am Friday 2 October to 1am Monday 5 October</strong></p><ul><li>Grand Parade from Olympic Boulevard to Showground Road </li><li>Showground Road from Murray Rose Avenue to Grand Parade </li><li>Olympic Boulevard from Dawn Fraser Avenue to Northern Turning circle.</li></ul><p><strong>From 1am Saturday 3 October to 1am Monday 5 October</strong></p><ul><li>Murray Rose Avenue from Showground Road to Gate 15</li><li>Showground road from Murray Rose Avneue to Dawn Fraser Avenue</li></ul><p><strong>From 1.30am Saturday 3 October to 3am Monday 5 October</strong></p><ul><li>Dawn Fraser Avenue from Showground Road to Olympic Boulevard </li><li>Dawn Fraser Avenue from Olympic Boulevard to NRL Centre of Excellence</li><li>Olympic Boulevard from Dawn Fraser Avenue to Herb Elliott Avenue</li></ul><p><strong>From 12pm Saturday 3 October to 1am Monday 5 October</strong></p><ul><li>Dawn Fraser Avenue from Park Street to Showground Road </li><li>Showground Road from Dawn Fraser Avenue to Novotel Loading dock</li></ul><p><strong>From 9pm Saturday 3 October to 12am Sunday 4 October</strong></p><ul><li>Murray Rose Avenue from Gate 15 to park Street</li></ul><p><strong>From 1am Sunday 4 October to 1am Monday 5 October</strong></p><ul><li>Olympic Boulevard from Northern Turning Circle to Edwin Flack Avenue </li></ul>",
            "title": "Road Closures",
            "id": "917957"
          }
        ],
        "diversions": "",
        "additionalInfo": [],
        "weblinkName": null,
        "attendingGroups": null,
        "encodedPolylines": [],
        "duration": null,
        "start": 1790949600000,
        "displayName": "Festival",
        "roads": [
          {
            "conditionTendency": "",
            "crossStreet": "Sydney Showground",
            "delay": "",
            "impactedLanes": [],
            "locationQualifier": "approaching",
            "mainStreet": "M4 Motorway, Homebush Bay Drive, Parramatta Road",
            "quadrant": "",
            "queueLength": 0,
            "region": "Sydney",
            "secondLocation": "",
            "suburb": "Sydney Olympic Park",
            "trafficVolume": ""
          }
        ],
        "isLocalRoad": "State road",
        "CategoryIcon": "PublicEvent"
      }
    },
    {
      "type": "Feature",
      "id": 288244,
      "geometry": {
        "type": "Point",
        "coordinates": [
          151.1569415,
          -33.9052451
        ],
        "collections": []
      },
      "properties": {
        "webLinks": [
          {
            "linkText": "AFLW: GWS Giants v Essendon",
            "linkURL": "https://www.gwsgiants.com.au/matches/8948"
          }
        ],
        "headline": "",
        "periods": [],
        "speedLimit": -1,
        "weblinkUrl": null,
        "expectedDelay": -1,
        "ended": true,
        "isNewIncident": false,
        "publicTransport": "<p>Visit <a href=\"https://transportnsw.info/\" target=\"_blank\">transportnsw.info</a> to plan your trip.</p>",
        "impactingNetwork": false,
        "subCategoryB": null,
        "arrangementAttachments": [],
        "isInitialReport": false,
        "created": 1789948430000,
        "isMajor": false,
        "name": null,
        "subCategoryA": "null",
        "adviceA": "Allow extra travel time",
        "adviceB": "Use public transport",
        "adviceC": " ",
        "end": 1791005400000,
        "hideEndDate": false,
        "incidentKind": "Planned",
        "mainCategory": "SPECIAL EVENT",
        "lastUpdated": 1790663785890,
        "otherAdvice": "<p><strong>AFLW: GWS Giants v Essendon at Henson Park in Marrickville. First bounce at 1.05pm, full time around 3pm.</strong></p><p>Traffic may be heavier than usual on roads approaching Henson Park as attendees travel to and from the event. Motorists should allow extra travel time on Sydenham Rd, Illawarra Rd, Livingstone Rd and Addison Rd. </p><p><strong>Sections of Woodland St and Holmesdale St surrounding the park may be closed for the event.</strong></p><p>Limited parking is available at Centennial St at Henson Park and on local surrounding streets. Plan to arrive early to secure a parking spot.</p><p>Motorists should exercise caution and be aware of increased pedestrians in the area.</p>",
        "arrangementElements": [],
        "diversions": "",
        "additionalInfo": [],
        "weblinkName": null,
        "attendingGroups": null,
        "encodedPolylines": [],
        "duration": null,
        "start": 1790949600000,
        "displayName": "AFLW",
        "roads": [
          {
            "conditionTendency": "",
            "crossStreet": "Henson Park",
            "delay": "",
            "impactedLanes": [],
            "locationQualifier": "approaching",
            "mainStreet": "Sydenham Road  and Centennial Street",
            "quadrant": "",
            "queueLength": 0,
            "region": "Sydney",
            "secondLocation": "",
            "suburb": "Marrickville",
            "trafficVolume": ""
          }
        ],
        "isLocalRoad": "State road",
        "CategoryIcon": "PublicEvent"
      }
    },
    {
      "type": "Feature",
      "id": 288655,
      "geometry": {
        "type": "Point",
        "coordinates": [
          151.1581094,
          -33.9064695
        ],
        "collections": []
      },
      "properties": {
        "webLinks": [],
        "headline": "",
        "periods": [],
        "speedLimit": -1,
        "weblinkUrl": null,
        "expectedDelay": -1,
        "ended": false,
        "isNewIncident": false,
        "publicTransport": "<p>Visit <a href=\"https://transportnsw.info/\" target=\"_blank\">transportnsw.info</a> to plan your trip.</p>",
        "impactingNetwork": false,
        "subCategoryB": null,
        "arrangementAttachments": [],
        "isInitialReport": false,
        "created": 1789948614000,
        "isMajor": false,
        "name": null,
        "subCategoryA": "null",
        "adviceA": "Allow extra travel time",
        "adviceB": "Use public transport",
        "adviceC": " ",
        "end": 1793512800000,
        "hideEndDate": false,
        "incidentKind": "Planned",
        "mainCategory": "SPECIAL EVENT",
        "lastUpdated": 1790664214156,
        "otherAdvice": "<p><strong>Upcoming AFL Women&#39;s matches at Henson Park, Marrickville</strong></p><ul><li>Sat 3 Oct - <a href=\"https://www.afl.com.au/aflw/matches/8946\" rel=\"noopener noreferrer\" target=\"_blank\">AFLW: GWS Giants v Essendon</a>. First bounce at 1.05pm, full time around 3pm.</li><li>Sun 11 Oct - <a href=\"https://www.afl.com.au/aflw/matches/8960\" rel=\"noopener noreferrer\" target=\"_blank\">AFLW: Sydney Swans v Carlton</a>. First bounce at 3.05pm, full time around 5.30pm.</li><li>Sun 18 Oct - <a href=\"https://www.afl.com.au/aflw/matches/8967\" rel=\"noopener noreferrer\" target=\"_blank\">AFL Women&#39;s: GWS Giants v Hawthorn</a>. First bounce at 2.35pm</li><li>Sun 25 Oct - <a href=\"https://www.afl.com.au/aflw/matches/8977\" rel=\"noopener noreferrer\" target=\"_blank\">AFLW: Sydney Swans v West Coast Eagles</a>. First bounce at 12.35pm</li><li>Sun 1 Nov - <a href=\"https://www.afl.com.au/aflw/matches/8983\" rel=\"noopener noreferrer\" target=\"_blank\">AFLW: GWS Giants v Gold Coast Suns</a>. First bounce at 12.35pm</li></ul><p>Traffic may be heavier than usual on roads approaching Henson Park as attendees travel to and from the games. Motorists should allow extra travel time on Sydenham Rd, Illawarra Rd, Livingstone Rd and Addison Rd. </p><p><strong>Sections of Woodland St and Holmesdale St surrounding the park may be closed for the event.</strong></p><p>Limited parking is available at Centennial St at Henson Park and on local surrounding streets. Plan to arrive early to secure a parking spot.</p><p>Motorists should exercise caution and be aware of increased pedestrians in the area.</p>",
        "arrangementElements": [],
        "diversions": "",
        "additionalInfo": [],
        "weblinkName": null,
        "attendingGroups": null,
        "encodedPolylines": [],
        "duration": null,
        "start": 1790949600000,
        "displayName": "AFLW",
        "roads": [
          {
            "conditionTendency": "",
            "crossStreet": "Henson Park",
            "delay": "",
            "impactedLanes": [],
            "locationQualifier": "approaching",
            "mainStreet": "Sydenham Road  and Centennial Street",
            "quadrant": "",
            "queueLength": 0,
            "region": "Sydney",
            "secondLocation": "",
            "suburb": "Marrickville",
            "trafficVolume": ""
          }
        ],
        "isLocalRoad": "State road",
        "CategoryIcon": "PublicEvent"
      }
    },
    {
      "type": "Feature",
      "id": 289443,
      "geometry": {
        "type": "Point",
        "coordinates": [
          150.4170895,
          -34.482592
        ],
        "collections": []
      },
      "properties": {
        "webLinks": [
          {
            "linkText": "Visit Southern Highlands",
            "linkURL": "https://www.visitsouthernhighlands.com.au/event/horizontal-festival-2/"
          }
        ],
        "headline": "",
        "periods": [],
        "speedLimit": -1,
        "weblinkUrl": null,
        "expectedDelay": -1,
        "ended": false,
        "isNewIncident": true,
        "publicTransport": "",
        "impactingNetwork": false,
        "subCategoryB": null,
        "arrangementAttachments": [],
        "isInitialReport": false,
        "created": 1790712002000,
        "isMajor": false,
        "name": null,
        "subCategoryA": "null",
        "adviceA": "Exercise caution",
        "adviceB": "Reduce your speed",
        "adviceC": " ",
        "end": 1791176400000,
        "hideEndDate": false,
        "incidentKind": "Planned",
        "mainCategory": "SPECIAL EVENT",
        "lastUpdated": 1790712003445,
        "otherAdvice": "<p>Increased traffic volumes on Bong Bong St and Bowral St due to temporary bus zone in Station St. </p>",
        "arrangementElements": [],
        "diversions": "",
        "additionalInfo": [],
        "weblinkName": null,
        "attendingGroups": null,
        "encodedPolylines": [],
        "duration": null,
        "start": 1790926200000,
        "displayName": "Horizontal Festival",
        "roads": [
          {
            "conditionTendency": "",
            "crossStreet": "",
            "delay": "",
            "impactedLanes": [],
            "locationQualifier": "at",
            "mainStreet": "Bong Bong Street",
            "quadrant": "",
            "queueLength": 0,
            "region": "Southern Highlands",
            "secondLocation": "",
            "suburb": "Bowral",
            "trafficVolume": ""
          }
        ],
        "isLocalRoad": "State road",
        "CategoryIcon": "PublicEvent"
      }
    },
    {
      "type": "Feature",
      "id": 287122,
      "geometry": {
        "type": "Point",
        "coordinates": [
          151.2084738,
          -33.830856
        ],
        "collections": [
          {
            "type": "Point",
            "coordinates": [
              151.192919,
              -33.863637
            ]
          },
          {
            "type": "Point",
            "coordinates": [
              151.000758,
              -33.810951
            ]
          }
        ]
      },
      "properties": {
        "webLinks": [
          {
            "linkText": "Interactive road closure map",
            "linkURL": "https://experience.arcgis.com/experience/ef201a94b74c4dc69ace0fa759eb79d7"
          }
        ],
        "headline": "",
        "periods": [],
        "speedLimit": -1,
        "weblinkUrl": null,
        "expectedDelay": -1,
        "ended": false,
        "isNewIncident": false,
        "publicTransport": "<p>Travel on transport is covered for participants and volunteers. Plan your trip at <a href=\"https://transportnsw.info/spring-cycle\" rel=\"noopener noreferrer\" target=\"_blank\">transportnsw.info</a>.</p>",
        "impactingNetwork": true,
        "subCategoryB": null,
        "arrangementAttachments": [
          {
            "displayName": "SpringCycle_2026_NorthSydney_ClosureClearwayMap.pdf",
            "fileName": "SpringCycle_2026_NorthSydney_ClosureClearwayMap.pdf.pdf",
            "fileType": "PDF",
            "linkName": "SpringCycle_2026_NorthSydney_ClosureClearwayMap.pdf",
            "sizeInBytes": 1006540,
            "uniqueFileName": "993797_1788930148429_SpringCycle_2026_NorthSydney_ClosureClearwayMap.pdf.pdf"
          },
          {
            "displayName": "SpringCycle_2026_SydneyCBD_Pyrmont_ClosureClearwayMap",
            "fileName": "SpringCycle_2026_SydneyCBD_Pyrmont_ClosureClearwayMap.pdf",
            "fileType": "PDF",
            "linkName": "SpringCycle_2026_SydneyCBD_Pyrmont_ClosureClearwayMap",
            "sizeInBytes": 1225064,
            "uniqueFileName": "859385_1788480673473_SpringCycle_2026_SydneyCBD_Pyrmont_ClosureClearwayMap.pdf"
          },
          {
            "displayName": "SpringCycle_2026_FiveDock_ClearwayMap",
            "fileName": "SpringCycle_2026_FiveDock_ClearwayMap.pdf",
            "fileType": "PDF",
            "linkName": "SpringCycle_2026_FiveDock_ClearwayMap",
            "sizeInBytes": 1339779,
            "uniqueFileName": "862020_1788480676037_SpringCycle_2026_FiveDock_ClearwayMap.pdf"
          },
          {
            "displayName": "SpringCycle_2026_Parramatta_ClosureMap",
            "fileName": "SpringCycle_2026_Parramatta_ClosureMap.pdf",
            "fileType": "PDF",
            "linkName": "SpringCycle_2026_Parramatta_ClosureMap",
            "sizeInBytes": 624430,
            "uniqueFileName": "639447_1788480671563_SpringCycle_2026_Parramatta_ClosureMap.pdf"
          }
        ],
        "isInitialReport": false,
        "created": 1789341654000,
        "isMajor": false,
        "name": null,
        "subCategoryA": "null",
        "adviceA": "Check signage",
        "adviceB": "Allow extra travel time",
        "adviceC": "Use public transport",
        "end": 1791687600000,
        "hideEndDate": true,
        "incidentKind": "Planned",
        "mainCategory": "SPECIAL EVENT",
        "lastUpdated": 1790553351121,
        "otherAdvice": "<p><strong>Thousands of cyclists will take part in Spring Cycle 10km or 50km events from North Sydney to Pyrmont or Parramatta Park. </strong>Road closures will be in place along the first 10km to Pyrmont, from there cyclists will continue on to Parramatta Park sharing roads with motorists and abiding by general road rules.</p><p><strong>ROAD CLOSURES - 4AM TO 11:30AM:</strong></p><ul><li><strong>Cahill Expressway and Sydney Harbour Bridge: </strong>from <strong>4am to 10:30am</strong> the Cahill Expressway lanes 7 and 8, including Mount St and High St on ramps will be closed. On the Sydney Harbour Bridge deck, lanes 3 and 6 will be closed – two lanes will remain open in both directions under a reduced 40km/h speed limit. <strong>From 4am to 11am</strong> the Cahill Expressway Circular Quay Overpass will be closed in both directions.</li><li><strong>North Sydney between 4am and 11am</strong>: Miller St from Falcon St to Pacific Hwy, Berry St from Pacific Hwy to Walker St, sections of Arthur St, Carlow St, Blue St and surrounding local roads including the High St bridge on-ramp.</li><li><strong>Sydney CBD, The Rocks and Millers Point between 4am and 11am: </strong>including Hickson Rd southbound from Towns Place to Erskine St, Napoleon St, King St, Sussex St and sections of Argyle St, Dalgety Rd and Upper Fort St.</li><li><strong>Western Distributor from Pyrmont to the City from 4am to 11.15am: </strong>including<strong> </strong>Pyrmont on-ramp, Fig St on-ramp and King St off-ramp. Citybound motorists from the Anzac Bridge will be diverted via the Bathurst St off-ramp to re-join the Harbour Bridge or access City North via Harbour St or Kent St.</li><li><strong>Pyrmont and Ultimo between 4am and 11:30am:</strong> on sections of Pyrmont St, Pirrama Rd, Pyrmont Bridge Rd, Union St, Murray St and surrounding local roads. Cycleway closure from 4am to 11am on Union St between Edward St and Murray St (eastbound)</li><li><strong>Parramatta Park</strong>: the park will be closed to all vehicles from 6am to 2pm.</li></ul><p><strong>Special event clearways will be in effect on roads along sections of the course in North Sydney, Millers Point and Pyrmont between 3am and 11am and in Five Dock, Ultimo, Wareemba and Concord between 5am and 11am. </strong></p><p>Clearways are <strong>strict no-parking zones </strong>for all vehicle types and apply even to local residents and Mobility Scheme Permit holders. Check signs carefully as vehicles left in clearways will be towed and a fee applies. If your vehicle is towed, you can search your vehicle registration at the <a href=\"https://www.nsw.gov.au/driving-boating-and-transport/demerits-penalties-and-offences/offences/if-your-car-gets-towed\" rel=\"noopener noreferrer\" target=\"_blank\">Find My Car website</a> to find its new location, or alternatively call 132 701 to speak to an operator.</p>",
        "arrangementElements": [
          {
            "html": "<p>Clearways are <strong>strict no-parking zones </strong>for all vehicle types and apply even to local residents and Mobility Scheme Permit holders. Check signs carefully as vehicles left in clearways will be towed and a fee applies. If your vehicle is towed, you can search your vehicle registration at the <a href=\"https://www.nsw.gov.au/driving-boating-and-transport/demerits-penalties-and-offences/offences/if-your-car-gets-towed\" rel=\"noopener noreferrer\" target=\"_blank\">Find My Car website</a> to find its new location, or alternatively call 132 701 to speak to an operator.</p><p><strong>NORTH SYDNEY</strong></p><p><strong>FROM 3AM TO 9:30AM</strong></p><ul><li>Miller Street between Blue St and Pacific Highway (western side)<strong> </strong></li></ul><p><strong>FROM 3AM TO 10:30AM</strong></p><ul><li>Berry Street between Pacific Highway and Arthur Street </li><li>Miller Street between Pacific Hwy and Berry Street (western side)</li><li>Miller Street between Berry Street and Ridge Street          <strong> </strong></li></ul><p><strong>FROM 3AM TO 11AM</strong></p><ul><li>Arthur Street between Pacific Highway and Mount Street (western side)</li><li>Arthur Street between Berry Street and Mount Street     </li><li>Carlow Street between Tucker Street and Miller Street    </li><li>Miller Street   between Ridge Street and Falcon Street    </li></ul><p><strong>MILLERS POINT / SYDNEY CBD</strong></p><p><strong>FROM 3AM TO 10:30AM</strong></p><ul><li>Upper Fort Street between Watson Road and SHB boom gate (eastern side)</li><li>Watson Road between Upper Fort St and Argyle St (southern side)</li></ul><p><strong>FROM 3AM TO 11AM</strong></p><ul><li>Clarence Street* between Erskine Street and Margaret Street  (eastern side)</li><li>Clarence Street* between Druitt Street and Market Street  (eastern side)</li><li>Dalgety Road between Bettington Street and Towns Place (western side)</li><li>Erskine Street between Shelley Street and York Street (northern side)</li><li>Sussex Street between Napoleon Street and King Street</li><li>Towns Place  between Dalgety Road and Hickson Road (northern side)</li><li>York Street* between Margaret Street and Barrack Street (western side)</li></ul><p><em>*AUTHORISED ROUTE BUSES EXCEPTED</em></p><p><strong>PYRMONT</strong></p><p><strong>FROM 3AM TO 11AM</strong></p><ul><li>Pyrmont Street between Pyrmont Bridge Road and Allen Street</li></ul><p><strong>ULTIMO</strong></p><p><strong>FROM 3AM TO 9AM</strong></p><ul><li>Ultimo Road  between Darling Drive and Harris St (southern side)</li><li>Wattle Street between Thomas Street and Kelly Street (western side) </li></ul><p><strong>FIVE DOCK / WAREEMBA/ CANADA BAY / CONCORD</strong></p><p><strong>FROM 5AM TO 11AM</strong></p><ul><li>Crane Street between Lyons Road West and Addison Ave (southern side)</li><li>First Avenue between Arthur Street and Ingham Avenue (southern side)</li><li>Lyons Road West between Udall Avenue and Crane St (southern side)</li><li>Hampden Road Between Wareemba Street and Coralie Street (southern side)</li></ul>",
            "title": "Special Event Clearways",
            "id": "917231"
          },
          {
            "html": "<p><strong>ROAD CLOSURES</strong></p><p><strong>NORTH SYDNEY</strong></p><p><strong>FROM 4AM TO 9:30AM </strong></p><ul><li>Blue St between Pacific Hwy and Miller St (westbound)</li><li>Miller St between Blue St and Pacific Hwy (northbound), Lane 1</li></ul><p><strong>FROM 4AM TO 10:30AM </strong></p><ul><li>Berry St 1 between Pacific Hwy and Walker St       </li><li>Carlow St between West St and Miller St   </li><li>Miller St ² between Falcon St and Ridge St</li><li>Miller St ² between Ridge St and Pacific Hwy          </li><li>Mount Street3 between Arthur Street and Cahill Expressway      </li></ul><p>1 Cross Berry St via Walker St.</p><p>2 Cross Miller St via Ridge St</p><p>3 Access to Sydney Harbour Bridge (Lane 5) remains open via Arthur St, northbound. </p><p><strong>FROM 4AM TO 11AM</strong></p><ul><li>Arthur St between Berry St and Mount St   </li><li>Berry St between Walker St and Arthur St  </li><li>Little Walker St between Berry St and Mount St     </li></ul><p><strong>FROM 6AM TO 9:30AM </strong></p><ul><li>Angelo St between McLaren St and Berry St           </li><li>Bullivant Ln from Berry St     </li><li>Denison St 1 between Spring St and Berry St         </li><li>Little Spring St between Berry St and Spring St      </li><li>Ward St from Berry St             </li></ul><p>1 Local access available from Spring St to Denison St. No access to Berry St from Denison St.</p><p><strong>SYDNEY HARBOUR BRIDGE AND CAHILL EXPRESSWAY</strong></p><p><strong>FROM 4AM TO 10:30AM</strong></p><ul><li>Sydney Harbour Bridge Bradfield Highway (northbound), Lane 3</li><li>Sydney Harbour Bridge Bradfield Highway (southbound), Lane 6</li><li>Sydney Harbour Bridge Bradfield Highway Grosvenor Street on ramp (northbound)</li><li>Sydney Harbour Bridge Bradfield Highway1 Clarence Street on ramp from the slip lane. (northbound)</li><li>Sydney Harbour Bridge Bradfield Highway Lanes 7 and 8 (southbound)</li><li>Sydney Harbour Bridge Bradfield Highway from High Street on ramp  (southbound)</li><li>Sydney Harbour Bridge Bradfield Highway from Mount Street on ramp  (southbound)</li></ul><p> 1 Clarence St Slip Lane remains open to access York St. Access to Sydney Harbour Bridge Lane 2 and the Bus Lane from Clarence St remain open.</p><p><br></p><p><strong>SPEED LIMIT REDUCTION - SYDNEY HARBOUR BRIDGE</strong></p><p><strong>FROM 4AM TO 11AM </strong>70km/h reduced to 40km/h both directions</p><ul><li>Bradfield Highway between Sydney CBD on ramps and High Street </li></ul><p><strong>SYDNEY HARBOUR BRIDGE AND CAHILL EXPRESSWAY</strong></p><p><strong>FROM 4AM TO 11AM</strong></p><ul><li>Cahill Expressway between the Domain Tunnel and the Sydney Harbour Bridge (northbound)</li><li>Cahill Expressway between the Warringah Fwy and the Domain Tunnel (southbond)</li></ul><p><strong>THE ROCKS / MILLERS POINT / SYDNEY CBD</strong></p><p><strong>FROM 4AM TO 10:15AM</strong></p><ul><li>Argyle Place 1 between Kent Street and Dalgety Rd (westbound)</li><li>Bettington Street 2    between Dalgety Road and Merriman Street             </li><li>Dalgety Road between Windmill Street and Towns Place  (northbound)</li><li>Merriman Street 2 from Bettington Street  </li><li>Rodens Lane 2 from Bettington Street        </li><li>Towns Place  between Dalgety Road and Hickson Road (eastbound)                   </li></ul><p>1           No access to Argyle Place from High Street</p><p>2           Managed exit to Dalgety Road southbound only</p><p><strong>FROM 4:00AM TO 10:30AM</strong></p><ul><li>Argyle Street between Lower Fort Street and Kent Street (westbound)</li><li>Grosvenor St between Lang St and York St (westbound)</li><li>Upper Fort Street from Watson Road    </li><li>Watson Road between Upper Fort Street and Argyle Street         </li></ul><p><strong>FROM 4AM TO 11AM</strong></p><ul><li>Conservatorium Road from Macquarie Street       </li><li>Hickson Road 1 between Towns Place and Napoleon Street (southbound)</li><li>King Street  between Sussex Street and Kent Street  </li><li>Napoleon Street 2  between Kent Street and Sussex Street (westbound)</li><li>Sussex Street between Napoleon Street and Erskine Street (southbound)</li><li>Sussex Street 3between Erskine Street and King Street  (southbound)             </li></ul><p>1 Managed local access via Hickson Road southbound at Towns Place only. No right turn from Watermans Quay onto Hickson Road</p><p>2 Managed local access for Napoleon Street residents. No access to Hickson Road</p><p>3 Managed access to Slip Street from Erskine Street. Managed access to Hyatt Regency Sydney hotel.</p><p><strong>WESTERN DISTRIBUTOR</strong></p><p><strong>FROM 4AM TO 11:15AM</strong></p><ul><li>Western Distributor Fig Street on ramp (eastbound)</li><li>Western Distributor  Pyrmont Street on ramp (southbound)</li><li>Western Distributor 1 from Anzac Bridge and Sydney Harbour Bridge on ramp (northbound)</li><li>Western Distributor 1 from Anzac Bridge and King St off-ramp (northbound)</li></ul><p>1 Traffic will be diverted via Bathurst Street off ramp</p><p><strong>DARLING HARBOUR / PYRMONT</strong></p><p><strong>FROM 4AM TO 11:15AM</strong></p><ul><li>Bunn Lane 1 between Pyrmont Street and Experiment Street (westbound)</li><li>Bunn Street 2 between Pyrmont Street and Murray Street            </li><li>Edward Lane 2 between Pyrmont Street and Harwood Lane       </li><li>Edward Street between Pyrmont Bridge Road and Union Street</li><li>Gipps Street between Experiment Street and Pyrmont Street     </li><li>Harwood Lane 2 between Union Lane and Bunn Street   </li><li>Harwood Street 2 between Pyrmont Bridge Road and Bunn Street             </li><li>Little Edward Street 2 between Pyrmont Bridge Road and Edward Lane   </li><li>Pyrmont Bridge Road between Harris Street and Pyrmont Street (eastbound)</li><li>Pyrmont Bridge Road between Pyrmont Street and Union Street             </li><li>Pyrmont Street between Pyrmont Bridge Road and Allen Street</li><li>Union Lane 2 between Harwood Street and Murray Street           </li><li>Union Street  between Edward Street and Murray Street</li></ul><p>1 Exit remains available to Experiment Street</p><p>2 Managed local access via Murray Street. Approach via Darling Drive and left into Murray Street. Depart via Murray Street southbound and left onto Pyrmont Street. Note: a height restriction of 3.8m of the Western Distributor on-ramp at Murray Street and Pyrmont Street</p><p><strong>FROM 4AM TO 11:30AM</strong></p><ul><li>Murray St between Union St and Pirrama Rd   (northbound)</li><li>Pirrama Rd between Murray St and Wilsons Parking, Jones Bay Wharf/ 23 Pirrama Rd (northbound)                    </li></ul><p><strong>FROM 7AM TO 11:30AM</strong></p><ul><li>Pirrama Rd between Wilsons Parking, Jones Bay Wharf/ 23 Pirrama Rd and Pirrama Park access path, west of pedestrian crossing          </li><li>Pirrama Rd  between Pirrama Park access path, west of pedestrian crossing, and Harris St (eastbound)</li><li>Harris St  from Bowman St (southbound) </li></ul><p><strong>ULTIMO</strong></p><p><strong>FROM 6AM TO 10AM</strong></p><ul><li>Kelly Street between Bay Street and Mountain Street (eastbound)</li><li>Mountain Lane between West End Lane and Kelly Street</li><li>Wattle Street slip lane1 from Broadway to Wattle Place  ( Left turn still possible from traffic lights on Broadway.) </li></ul><p><strong>ANNANDALE</strong></p><p><strong>From 04:00AM to 11:15AM</strong></p><ul><li>Chapman Rd From The Crescent</li></ul><p><strong>PARRAMATTA PARK</strong></p><p><strong>6AM to 2PM</strong></p><p>Parramatta Park is closed to all vehicles</p><p><br></p><p><strong>CYCLEWAY CLOSURES</strong></p><p>Cycleway closures affect both directions unless stated otherwise.</p><p><strong>ULTIMO</strong></p><p><strong>FROM 4AM TO 11AM</strong></p><ul><li>Union Street  between Edward Street and Murray Street (eastbound)</li></ul>",
            "title": "Road and Cycleway Closures",
            "id": "917232"
          }
        ],
        "diversions": "",
        "additionalInfo": [],
        "weblinkName": null,
        "attendingGroups": null,
        "encodedPolylines": [],
        "duration": null,
        "start": 1791637200000,
        "displayName": "Spring Cycle",
        "roads": [
          {
            "conditionTendency": "",
            "crossStreet": "",
            "delay": "",
            "impactedLanes": [],
            "locationQualifier": "at",
            "mainStreet": "via Cahill Expressway and Western Distributor",
            "quadrant": "",
            "queueLength": 0,
            "region": "Sydney",
            "secondLocation": "",
            "suburb": "North Sydney to Parramatta Park via Pyrmont",
            "trafficVolume": ""
          }
        ],
        "isLocalRoad": "State road",
        "CategoryIcon": "PublicEvent"
      }
    },
    {
      "type": "Feature",
      "id": 289578,
      "geometry": {
        "type": "Point",
        "coordinates": [
          144.989143,
          -35.517389
        ],
        "collections": []
      },
      "properties": {
        "webLinks": [
          {
            "linkText": "Deni Ute Muster",
            "linkURL": "https://www.deniutemuster.com.au/"
          }
        ],
        "headline": "",
        "periods": [],
        "speedLimit": -1,
        "weblinkUrl": null,
        "expectedDelay": -1,
        "ended": false,
        "isNewIncident": true,
        "publicTransport": "",
        "impactingNetwork": false,
        "subCategoryB": null,
        "arrangementAttachments": [],
        "isInitialReport": false,
        "created": 1790743798000,
        "isMajor": false,
        "name": null,
        "subCategoryA": "null",
        "adviceA": "Reduce your speed",
        "adviceB": "Check signage",
        "adviceC": "Exercise caution",
        "end": 1791035100000,
        "hideEndDate": false,
        "incidentKind": "Planned",
        "mainCategory": "SPECIAL EVENT",
        "lastUpdated": 1790743798952,
        "otherAdvice": "<p>Speed reductions, no stopping zones will be in place along Conargo Rd and Monee Swamp Rd.</p><p>Traffic controllers will also be on site to direct motorists.</p>",
        "arrangementElements": [],
        "diversions": "",
        "additionalInfo": [],
        "weblinkName": null,
        "attendingGroups": null,
        "encodedPolylines": [],
        "duration": null,
        "start": 1790791200000,
        "displayName": "Deni Ute Muster",
        "roads": [
          {
            "conditionTendency": "",
            "crossStreet": "Moonee Swamp Road",
            "delay": "",
            "impactedLanes": [],
            "locationQualifier": "-",
            "mainStreet": "Conargo Road",
            "quadrant": "",
            "queueLength": 0,
            "region": "The Murray",
            "secondLocation": "",
            "suburb": "Deniliquin",
            "trafficVolume": ""
          }
        ],
        "isLocalRoad": "State road",
        "CategoryIcon": "PublicEvent"
      }
    }
  ]
}