{
  "type": "FeatureCollection",
  "features": [
    {
      "type": "Feature",
      "id": 259564,
      "geometry": {
        "type": "Point",
        "coordinates": [
          150.8143099,
          -33.4971628
        ],
        "collections": []
      },
      "properties": {
        "webLinks": [],
        "headline": "",
        "periods": [
          {
            "closureType": "ROAD_CLOSURE",
            "roadextent": "Affected",
            "roadtype": "",
            "direction": "Both directions",
            "finishTime": "5:00pm",
            "fromDay": "Weekdays",
            "startTime": "7:00am",
            "toDay": ""
          },
          {
            "closureType": "ROAD_CLOSURE",
            "roadextent": "Affected",
            "roadtype": "",
            "direction": "Both directions",
            "finishTime": "1:00pm",
            "fromDay": "Saturday",
            "startTime": "8:00am",
            "toDay": ""
          }
        ],
        "speedLimit": 60,
        "weblinkUrl": null,
        "expectedDelay": -1,
        "ended": false,
        "isNewIncident": true,
        "publicTransport": "",
        "impactingNetwork": false,
        "subCategoryB": null,
        "arrangementAttachments": [],
        "isInitialReport": false,
        "created": 1766012529000,
        "isMajor": false,
        "name": null,
        "subCategoryA": "null",
        "adviceA": "Reduced speed limit",
        "adviceB": " ",
        "adviceC": " ",
        "end": 1805928780000,
        "hideEndDate": false,
        "incidentKind": "Planned",
        "mainCategory": "SCHEDULED ROADWORK",
        "lastUpdated": 1767121262184,
        "otherAdvice": "<p>No work will take place on Sundays or public holidays</p>",
        "arrangementElements": [],
        "diversions": "",
        "additionalInfo": [],
        "weblinkName": null,
        "attendingGroups": null,
        "encodedPolylines": [],
        "duration": null,
        "start": 1767556800000,
        "displayName": "SCHEDULED ROADWORK",
        "roads": [
          {
            "conditionTendency": "",
            "crossStreet": "Colo Heights",
            "delay": "",
            "impactedLanes": [],
            "locationQualifier": "between",
            "mainStreet": "Putty Road",
            "quadrant": "",
            "queueLength": 0,
            "region": "Sydney",
            "secondLocation": "Mellong",
            "suburb": "Colo Heights",
            "trafficVolume": ""
          }
        ],
        "isLocalRoad": "State road",
        "CategoryIcon": "Roadworks"
      }
    },
    {
      "type": "Feature",
      "id": 210894,
      "geometry": {
        "type": "Point",
        "coordinates": [
          150.8805409,
          -34.401931
        ],
        "collections": []
      },
      "properties": {
        "webLinks": [
          {
            "linkText": "Mount Ousley Interchange",
            "linkURL": "https://www.transport.nsw.gov.au/projects/current-projects/mount-ousley-interchange"
          }
        ],
        "headline": "",
        "periods": [
          {
            "closureType": "ROAD_CLOSURE",
            "roadextent": "Affected",
            "roadtype": "",
            "direction": "Both directions",
            "finishTime": "",
            "fromDay": "Every Day",
            "startTime": "all day",
            "toDay": ""
          }
        ],
        "speedLimit": -1,
        "weblinkUrl": null,
        "expectedDelay": -1,
        "ended": false,
        "isNewIncident": false,
        "publicTransport": "",
        "impactingNetwork": true,
        "subCategoryB": null,
        "arrangementAttachments": [
          {
            "displayName": "Mount Ousley Interchange",
            "fileName": "Mount Ousley Interchange.PNG",
            "fileType": "PNG",
            "linkName": "Mount Ousley Interchange",
            "sizeInBytes": 735944,
            "uniqueFileName": "298105_1740015144102_Mount Ousley Interchange.PNG"
          }
        ],
        "isInitialReport": false,
        "created": 1728869409000,
        "isMajor": false,
        "name": null,
        "subCategoryA": "Upgrade",
        "adviceA": "Exercise caution",
        "adviceB": "Reduce your speed",
        "adviceC": " ",
        "end": 1798657200000,
        "hideEndDate": false,
        "incidentKind": "Planned",
        "mainCategory": "SCHEDULED ROADWORK",
        "lastUpdated": 1771557424700,
        "otherAdvice": "<p><strong>MOUNT OUSLEY INTERCHANGE PROJECT</strong></p><p>Motorists are advised of changed traffic conditions while work is carried out on the Mount Ousley interchange project.</p><p>Road shoulder, single lane closures and stop/slow traffic conditions will be in place as required on:</p><ul><li>M1 Princes Mwy between Mount Ousley Rd and Northfields Ave</li><li>Mount Ousley Rd</li><li>Irvine St</li><li>Northfields Ave (including northbound M1 Princes Mwy on and off ramps)</li><li>Dumfries Ave</li></ul><p>During the work, traffic control and reduced speed limits will be in place at times.</p><p>More information is available on the project webpage.</p>",
        "arrangementElements": [
          {
            "html": "<p><strong>OSOM vehicles travelling on Mount Ousley Road between the M1 Princes Motorway and Gaynor Avenue should contact 0499 402 043 prior to travel. </strong></p>",
            "title": "Information for OSOM Operators",
            "id": "785964"
          }
        ],
        "diversions": "",
        "additionalInfo": [],
        "weblinkName": null,
        "attendingGroups": null,
        "encodedPolylines": [],
        "duration": null,
        "start": 1738396800000,
        "displayName": "SCHEDULED ROADWORK Upgrade",
        "roads": [
          {
            "conditionTendency": "",
            "crossStreet": "Mount Ousley Road",
            "delay": "",
            "impactedLanes": [],
            "locationQualifier": "between",
            "mainStreet": "Princes Motorway",
            "quadrant": "",
            "queueLength": 0,
            "region": "South Coast",
            "secondLocation": "Memorial Drive",
            "suburb": "Wollongong",
            "trafficVolume": ""
          }
        ],
        "isLocalRoad": "State road",
        "CategoryIcon": "Roadworks"
      }
    },
    {
      "type": "Feature",
      "id": 266736,
      "geometry": {
        "type": "Point",
        "coordinates": [
          150.8624757,
          -33.5894778
        ],
        "collections": []
      },
      "properties": {
        "webLinks": [
          {
            "linkText": "Pitt Town Bypass",
            "linkURL": "https://www.transport.nsw.gov.au/projects/current-projects/pitt-town-bypass"
          }
        ],
        "headline": "",
        "periods": [
          {
            "closureType": "ROAD_CLOSURE",
            "roadextent": "Affected",
            "roadtype": "",
            "direction": "All directions",
            "finishTime": "",
            "fromDay": "Every Day",
            "startTime": "all day",
            "toDay": ""
          }
        ],
        "speedLimit": -1,
        "weblinkUrl": null,
        "expectedDelay": -1,
        "ended": false,
        "isNewIncident": false,
        "publicTransport": "",
        "impactingNetwork": true,
        "subCategoryB": null,
        "arrangementAttachments": [],
        "isInitialReport": false,
        "created": 1772493595000,
        "isMajor": false,
        "name": null,
        "subCategoryA": "null",
        "adviceA": "Check signage",
        "adviceB": "Exercise caution",
        "adviceC": "Expect delays",
        "end": 1798653600000,
        "hideEndDate": true,
        "incidentKind": "Planned",
        "mainCategory": "SCHEDULED ROADWORK",
        "lastUpdated": 1772494272002,
        "otherAdvice": "<p>Changed traffic conditions, including lane closures and reduced speed limits, will be in place at various times and locations as part of the <a href=\"https://www.transport.nsw.gov.au/projects/current-projects/pitt-town-bypass\" target=\"_blank\">Pitt Town Bypass</a> project. </p><p>Traffic controllers will be on site to direct motorists.</p>",
        "arrangementElements": [],
        "diversions": "",
        "additionalInfo": [],
        "weblinkName": null,
        "attendingGroups": null,
        "encodedPolylines": [],
        "duration": null,
        "start": 1772528400000,
        "displayName": "SCHEDULED ROADWORK Pitt Town Bypass",
        "roads": [
          {
            "conditionTendency": "",
            "crossStreet": "",
            "delay": "",
            "impactedLanes": [],
            "locationQualifier": "at",
            "mainStreet": "Pitt Town Road, Cattai Road, Bathurst Street & surrounding areas",
            "quadrant": "",
            "queueLength": 0,
            "region": "Sydney",
            "secondLocation": "",
            "suburb": "Pitt Town",
            "trafficVolume": ""
          }
        ],
        "isLocalRoad": "State road",
        "CategoryIcon": "Roadworks"
      }
    },
    {
      "type": "Feature",
      "id": 267944,
      "geometry": {
        "type": "Point",
        "coordinates": [
          150.770717,
          -33.8052051
        ],
        "collections": []
      },
      "properties": {
        "webLinks": [
          {
            "linkText": "Mamre Road Upgrade",
            "linkURL": "https://www.transport.nsw.gov.au/projects/current-projects/mamre-road-upgrade-between-m4-motorway-st-clair-and-erskine-park-road"
          }
        ],
        "headline": "",
        "periods": [
          {
            "closureType": "ROAD_CLOSURE",
            "roadextent": "Closed",
            "roadtype": "Road",
            "direction": "Both directions",
            "finishTime": "",
            "fromDay": "Every Day",
            "startTime": "all day",
            "toDay": ""
          }
        ],
        "speedLimit": -1,
        "weblinkUrl": null,
        "expectedDelay": -1,
        "ended": false,
        "isNewIncident": false,
        "publicTransport": "<p>Visit <a href=\"https://transportnsw.info/\" target=\"_blank\">transportnsw.info</a> to plan your trip on public transport.</p>",
        "impactingNetwork": false,
        "subCategoryB": null,
        "arrangementAttachments": [],
        "isInitialReport": false,
        "created": 1773375715000,
        "isMajor": false,
        "name": null,
        "subCategoryA": "null",
        "adviceA": "Use an alternative route",
        "adviceB": "Plan your journey",
        "adviceC": " ",
        "end": 1798721100000,
        "hideEndDate": false,
        "incidentKind": "Planned",
        "mainCategory": "SCHEDULED ROADWORK",
        "lastUpdated": 1773475654944,
        "otherAdvice": "",
        "arrangementElements": [],
        "diversions": "<p>Solander Dr and Cook Pde.</p>",
        "additionalInfo": [],
        "weblinkName": null,
        "attendingGroups": null,
        "encodedPolylines": [],
        "duration": null,
        "start": 1773626160000,
        "displayName": "SCHEDULED ROADWORK Mamre Road upgrade",
        "roads": [
          {
            "conditionTendency": "",
            "crossStreet": "Mamre Road",
            "delay": "",
            "impactedLanes": [],
            "locationQualifier": "at",
            "mainStreet": "McIntyre Avenue",
            "quadrant": "",
            "queueLength": 0,
            "region": "Sydney",
            "secondLocation": "",
            "suburb": "St Clair",
            "trafficVolume": ""
          }
        ],
        "isLocalRoad": "Local road",
        "CategoryIcon": "Roadworks"
      }
    },
    {
      "type": "Feature",
      "id": 266762,
      "geometry": {
        "type": "Point",
        "coordinates": [
          150.0855233,
          -28.9559641
        ],
        "collections": []
      },
      "properties": {
        "webLinks": [],
        "headline": "",
        "periods": [
          {
            "closureType": "ROAD_CLOSURE",
            "roadextent": "Affected",
            "roadtype": "",
            "direction": "Both directions",
            "finishTime": "",
            "fromDay": "Every Day",
            "startTime": "all day",
            "toDay": ""
          }
        ],
        "speedLimit": 40,
        "weblinkUrl": null,
        "expectedDelay": -1,
        "ended": false,
        "isNewIncident": true,
        "publicTransport": "",
        "impactingNetwork": false,
        "subCategoryB": null,
        "arrangementAttachments": [],
        "isInitialReport": false,
        "created": 1773878406000,
        "isMajor": false,
        "name": null,
        "subCategoryA": "Resurfacing",
        "adviceA": "Allow extra travel time",
        "adviceB": "Check signage",
        "adviceC": "Reduced speed limit",
        "end": 1813910400000,
        "hideEndDate": true,
        "incidentKind": "Planned",
        "mainCategory": "SCHEDULED ROADWORK",
        "lastUpdated": 1773878407096,
        "otherAdvice": "<p>Alternating (stop/slow) traffic conditions will be in place to allow motorists to pass in one direction at a time. The speed limit outside work hours (7am to 6pm, Monday to Saturday) is 60km/h.</p><p>Motorists are advised to allow approximately 10 minutes of additional travel time.</p>",
        "arrangementElements": [],
        "diversions": "",
        "additionalInfo": [],
        "weblinkName": null,
        "attendingGroups": null,
        "encodedPolylines": [],
        "duration": null,
        "start": 1774209600000,
        "displayName": "SCHEDULED ROADWORK Resurfacing",
        "roads": [
          {
            "conditionTendency": "",
            "crossStreet": "Milroy Rd",
            "delay": "",
            "impactedLanes": [],
            "locationQualifier": "between",
            "mainStreet": "Newell Highway",
            "quadrant": "",
            "queueLength": 0,
            "region": "New England North West",
            "secondLocation": "Foxes Lane",
            "suburb": "Moree",
            "trafficVolume": ""
          }
        ],
        "isLocalRoad": "State road",
        "CategoryIcon": "Roadworks"
      }
    },
    {
      "type": "Feature",
      "id": 241511,
      "geometry": {
        "type": "Point",
        "coordinates": [
          148.7251972,
          -34.7355179
        ],
        "collections": []
      },
      "properties": {
        "webLinks": [],
        "headline": "",
        "periods": [
          {
            "closureType": "ROAD_CLOSURE",
            "roadextent": "Affected",
            "roadtype": "",
            "direction": "Both directions",
            "finishTime": "6:00pm",
            "fromDay": "Every Day",
            "startTime": "7:00am",
            "toDay": ""
          }
        ],
        "speedLimit": 40,
        "weblinkUrl": null,
        "expectedDelay": -1,
        "ended": false,
        "isNewIncident": false,
        "publicTransport": "",
        "impactingNetwork": false,
        "subCategoryB": null,
        "arrangementAttachments": [],
        "isInitialReport": false,
        "created": 1751852724000,
        "isMajor": false,
        "name": null,
        "subCategoryA": "Upgrade",
        "adviceA": "Check signage",
        "adviceB": "Exercise caution",
        "adviceC": "Reduced speed limit",
        "end": 1796108400000,
        "hideEndDate": false,
        "incidentKind": "Planned",
        "mainCategory": "SCHEDULED ROADWORK",
        "lastUpdated": 1773967164420,
        "otherAdvice": "<p>A single lane closure is in place.</p><p>Motorists are advised to allow approximately 5 minutes of additional travel time.</p>",
        "arrangementElements": [],
        "diversions": "",
        "additionalInfo": [],
        "weblinkName": null,
        "attendingGroups": null,
        "encodedPolylines": [],
        "duration": null,
        "start": 1753045200000,
        "displayName": "SCHEDULED ROADWORK Upgrade",
        "roads": [
          {
            "conditionTendency": "",
            "crossStreet": "Goondah Road",
            "delay": "",
            "impactedLanes": [],
            "locationQualifier": "near",
            "mainStreet": "Burley Griffin Way",
            "quadrant": "",
            "queueLength": 0,
            "region": "Southern Highlands",
            "secondLocation": "",
            "suburb": "Goondah",
            "trafficVolume": ""
          }
        ],
        "isLocalRoad": "State road",
        "CategoryIcon": "Roadworks"
      }
    },
    {
      "type": "Feature",
      "id": 269373,
      "geometry": {
        "type": "Point",
        "coordinates": [
          151.6880998,
          -30.3923501
        ],
        "collections": []
      },
      "properties": {
        "webLinks": [],
        "headline": "",
        "periods": [
          {
            "closureType": "ROAD_CLOSURE",
            "roadextent": "Affected",
            "roadtype": "",
            "direction": "Both directions",
            "finishTime": "6:00pm",
            "fromDay": "Weekdays",
            "startTime": "7:00am",
            "toDay": ""
          },
          {
            "closureType": "ROAD_CLOSURE",
            "roadextent": "Affected",
            "roadtype": "",
            "direction": "Both directions",
            "finishTime": "6:00pm",
            "fromDay": "Saturday",
            "startTime": "7:00am",
            "toDay": ""
          }
        ],
        "speedLimit": 40,
        "weblinkUrl": null,
        "expectedDelay": -1,
        "ended": false,
        "isNewIncident": true,
        "publicTransport": "",
        "impactingNetwork": false,
        "subCategoryB": null,
        "arrangementAttachments": [],
        "isInitialReport": false,
        "created": 1774587633000,
        "isMajor": false,
        "name": null,
        "subCategoryA": "null",
        "adviceA": "Reduced speed limit",
        "adviceB": "Exercise caution",
        "adviceC": " ",
        "end": 1793343600000,
        "hideEndDate": false,
        "incidentKind": "Planned",
        "mainCategory": "SCHEDULED ROADWORK",
        "lastUpdated": 1774587634012,
        "otherAdvice": "<p>Motorists are advised to allow approximately 5 minutes of additional travel time. </p>",
        "arrangementElements": [],
        "diversions": "",
        "additionalInfo": [],
        "weblinkName": null,
        "attendingGroups": null,
        "encodedPolylines": [],
        "duration": null,
        "start": 1774814400000,
        "displayName": "SCHEDULED ROADWORK",
        "roads": [
          {
            "conditionTendency": "",
            "crossStreet": "Elder Lane",
            "delay": "",
            "impactedLanes": [],
            "locationQualifier": "between",
            "mainStreet": "New England Highway",
            "quadrant": "",
            "queueLength": 0,
            "region": "New England North West",
            "secondLocation": "Sunnyside Road",
            "suburb": "Armidale",
            "trafficVolume": ""
          }
        ],
        "isLocalRoad": "State road",
        "CategoryIcon": "Roadworks"
      }
    },
    {
      "type": "Feature",
      "id": 266767,
      "geometry": {
        "type": "Point",
        "coordinates": [
          148.6528176,
          -29.5449908
        ],
        "collections": []
      },
      "properties": {
        "webLinks": [],
        "headline": "",
        "periods": [
          {
            "closureType": "ROAD_CLOSURE",
            "roadextent": "Affected",
            "roadtype": "",
            "direction": "Both directions",
            "finishTime": "",
            "fromDay": "Every Day",
            "startTime": "all day",
            "toDay": ""
          }
        ],
        "speedLimit": 40,
        "weblinkUrl": null,
        "expectedDelay": -1,
        "ended": false,
        "isNewIncident": true,
        "publicTransport": "",
        "impactingNetwork": false,
        "subCategoryB": null,
        "arrangementAttachments": [],
        "isInitialReport": false,
        "created": 1775611815000,
        "isMajor": false,
        "name": null,
        "subCategoryA": "Bridge work",
        "adviceA": "Reduced speed limit",
        "adviceB": "Check signage",
        "adviceC": "Exercise caution",
        "end": 1860476400000,
        "hideEndDate": true,
        "incidentKind": "Planned",
        "mainCategory": "SCHEDULED ROADWORK",
        "lastUpdated": 1775611816513,
        "otherAdvice": "<p>Reduced speed limit of 40 km/h will remain in place outside work hours (7am - 6pm, Monday to Friday and 7am - 1pm, Saturday). </p>",
        "arrangementElements": [],
        "diversions": "",
        "additionalInfo": [],
        "weblinkName": null,
        "attendingGroups": null,
        "encodedPolylines": [],
        "duration": null,
        "start": 1776027600000,
        "displayName": "SCHEDULED ROADWORK Bridge work",
        "roads": [
          {
            "conditionTendency": "",
            "crossStreet": "Grawan Creek Bridge",
            "delay": "",
            "impactedLanes": [],
            "locationQualifier": "at",
            "mainStreet": "Gwydir Highway",
            "quadrant": "",
            "queueLength": 0,
            "region": "Far West NSW",
            "secondLocation": "",
            "suburb": "Collarenebri",
            "trafficVolume": ""
          }
        ],
        "isLocalRoad": "State road",
        "CategoryIcon": "Roadworks"
      }
    },
    {
      "type": "Feature",
      "id": 241686,
      "geometry": {
        "type": "Point",
        "coordinates": [
          151.4505728,
          -33.4146443
        ],
        "collections": []
      },
      "properties": {
        "webLinks": [
          {
            "linkText": "Tumbi Rd Intersection Upgrade",
            "linkURL": "https://www.transport.nsw.gov.au/projects/current-projects/central-coast-highway-and-tumbi-road-intersection-upgrade"
          }
        ],
        "headline": "",
        "periods": [
          {
            "closureType": "ROAD_CLOSURE",
            "roadextent": "Affected",
            "roadtype": "",
            "direction": "Both directions",
            "finishTime": "",
            "fromDay": "Every Day",
            "startTime": "all day",
            "toDay": ""
          }
        ],
        "speedLimit": 40,
        "weblinkUrl": null,
        "expectedDelay": -1,
        "ended": false,
        "isNewIncident": false,
        "publicTransport": "",
        "impactingNetwork": false,
        "subCategoryB": null,
        "arrangementAttachments": [],
        "isInitialReport": false,
        "created": 1752038824000,
        "isMajor": false,
        "name": null,
        "subCategoryA": "Intersection upgrade",
        "adviceA": "Check signage",
        "adviceB": "Exercise caution",
        "adviceC": "Reduced speed limit",
        "end": 1814418000000,
        "hideEndDate": false,
        "incidentKind": "Planned",
        "mainCategory": "SCHEDULED ROADWORK",
        "lastUpdated": 1777529652514,
        "otherAdvice": "<p>Traffic controllers will be on site to direct motorists. Intermittent alternating (stop/slow) traffic conditions will be in place to allow motorists to pass in one direction at a time. Motorists are advised to allow approximately 5 minutes of additional travel time. </p>",
        "arrangementElements": [],
        "diversions": "",
        "additionalInfo": [],
        "weblinkName": null,
        "attendingGroups": null,
        "encodedPolylines": [],
        "duration": null,
        "start": 1771531200000,
        "displayName": "SCHEDULED ROADWORK Intersection upgrade",
        "roads": [
          {
            "conditionTendency": "",
            "crossStreet": "Tumbi Road",
            "delay": "",
            "impactedLanes": [],
            "locationQualifier": "at",
            "mainStreet": "Central Coast Highway",
            "quadrant": "",
            "queueLength": 0,
            "region": "Central Coast",
            "secondLocation": "",
            "suburb": "Wamberal",
            "trafficVolume": ""
          }
        ],
        "isLocalRoad": "State road",
        "CategoryIcon": "Roadworks"
      }
    },
    {
      "type": "Feature",
      "id": 228953,
      "geometry": {
        "type": "Point",
        "coordinates": [
          150.898404,
          -32.802411
        ],
        "collections": []
      },
      "properties": {
        "webLinks": [],
        "headline": "",
        "periods": [
          {
            "closureType": "ROAD_CLOSURE",
            "roadextent": "Affected",
            "roadtype": "",
            "direction": "Both directions",
            "finishTime": "6:00pm",
            "fromDay": "Weekdays",
            "startTime": "7:00am",
            "toDay": ""
          }
        ],
        "speedLimit": 40,
        "weblinkUrl": null,
        "expectedDelay": -1,
        "ended": false,
        "isNewIncident": false,
        "publicTransport": "",
        "impactingNetwork": false,
        "subCategoryB": null,
        "arrangementAttachments": [],
        "isInitialReport": false,
        "created": 1743072674000,
        "isMajor": false,
        "name": null,
        "subCategoryA": "Slope stabilisation",
        "adviceA": "Check signage",
        "adviceB": "Exercise caution",
        "adviceC": "Reduced speed limit",
        "end": 1794826200000,
        "hideEndDate": false,
        "incidentKind": "Planned",
        "mainCategory": "SCHEDULED ROADWORK",
        "lastUpdated": 1780008139776,
        "otherAdvice": "<p>Traffic controllers will be on site to direct motorists. Portable traffic lights will allow motorists to pass in one direction at a time.</p><p>Over Size and/or Over Mass vehicles will be required to call ahead on UHF channel 19 to be escorted through the site.</p><p>Motorists are advised to allow approximately 10 minutes of additional travel time.</p>",
        "arrangementElements": [],
        "diversions": "",
        "additionalInfo": [],
        "weblinkName": null,
        "attendingGroups": null,
        "encodedPolylines": [],
        "duration": null,
        "start": 1741517400000,
        "displayName": "SCHEDULED ROADWORK Slope stabilisation",
        "roads": [
          {
            "conditionTendency": "",
            "crossStreet": "Popping Trail",
            "delay": "",
            "impactedLanes": [],
            "locationQualifier": "at",
            "mainStreet": "Putty Road",
            "quadrant": "",
            "queueLength": 0,
            "region": "Hunter",
            "secondLocation": "",
            "suburb": "Howes Valley",
            "trafficVolume": ""
          }
        ],
        "isLocalRoad": "State road",
        "CategoryIcon": "Roadworks"
      }
    },
    {
      "type": "Feature",
      "id": 260093,
      "geometry": {
        "type": "Point",
        "coordinates": [
          150.2249318,
          -32.1206044
        ],
        "collections": []
      },
      "properties": {
        "webLinks": [],
        "headline": "",
        "periods": [
          {
            "closureType": "ROAD_CLOSURE",
            "roadextent": "Affected",
            "roadtype": "",
            "direction": "Both directions",
            "finishTime": "6:00pm",
            "fromDay": "Weekdays",
            "startTime": "7:00am",
            "toDay": ""
          }
        ],
        "speedLimit": 40,
        "weblinkUrl": null,
        "expectedDelay": -1,
        "ended": false,
        "isNewIncident": false,
        "publicTransport": "",
        "impactingNetwork": false,
        "subCategoryB": null,
        "arrangementAttachments": [],
        "isInitialReport": false,
        "created": 1766442675000,
        "isMajor": false,
        "name": null,
        "subCategoryA": "Road/lane widening",
        "adviceA": "Check signage",
        "adviceB": "Reduced speed limit",
        "adviceC": " ",
        "end": 1798095600000,
        "hideEndDate": false,
        "incidentKind": "Planned",
        "mainCategory": "SCHEDULED ROADWORK",
        "lastUpdated": 1780631115688,
        "otherAdvice": "<p>During works, two‑way traffic will generally be maintained, although contraflow arrangements and occasional short closures will be required.Motorists are advised to allow approximately 5 minutes of additional travel time.</p><p>OSOM should use the designated pull over bays and call channel 25 to be escorted through the site.</p>",
        "arrangementElements": [],
        "diversions": "",
        "additionalInfo": [],
        "weblinkName": null,
        "attendingGroups": null,
        "encodedPolylines": [],
        "duration": null,
        "start": 1776114000000,
        "displayName": "SCHEDULED ROADWORK Road for lane widening",
        "roads": [
          {
            "conditionTendency": "",
            "crossStreet": "Barnett Street",
            "delay": "",
            "impactedLanes": [],
            "locationQualifier": "near",
            "mainStreet": "Golden Highway",
            "quadrant": "",
            "queueLength": 0,
            "region": "Hunter",
            "secondLocation": "",
            "suburb": "Merriwa",
            "trafficVolume": ""
          }
        ],
        "isLocalRoad": "State road",
        "CategoryIcon": "Roadworks"
      }
    },
    {
      "type": "Feature",
      "id": 261578,
      "geometry": {
        "type": "Point",
        "coordinates": [
          147.890807,
          -34.742922
        ],
        "collections": []
      },
      "properties": {
        "webLinks": [],
        "headline": "",
        "periods": [
          {
            "closureType": "ROAD_CLOSURE",
            "roadextent": "Affected",
            "roadtype": "",
            "direction": "Both directions",
            "finishTime": "6:00pm",
            "fromDay": "Weekdays",
            "startTime": "7:00am",
            "toDay": ""
          }
        ],
        "speedLimit": 40,
        "weblinkUrl": null,
        "expectedDelay": -1,
        "ended": false,
        "isNewIncident": false,
        "publicTransport": "",
        "impactingNetwork": true,
        "subCategoryB": null,
        "arrangementAttachments": [],
        "isInitialReport": false,
        "created": 1768353176000,
        "isMajor": false,
        "name": null,
        "subCategoryA": "Maintenance",
        "adviceA": "Reduced speed limit",
        "adviceB": "Exercise caution",
        "adviceC": "Check signage",
        "end": 1797490800000,
        "hideEndDate": false,
        "incidentKind": "Planned",
        "mainCategory": "SCHEDULED ROADWORK",
        "lastUpdated": 1780631498533,
        "otherAdvice": "<p>Single lane closure with alternating (stop/slow) traffic conditions in place. Traffic controllers will be on site to direct motorists. </p><p>Motorists are advised to allow approximately 5 minutes of additional travel time. </p>",
        "arrangementElements": [],
        "diversions": "",
        "additionalInfo": [],
        "weblinkName": null,
        "attendingGroups": null,
        "encodedPolylines": [],
        "duration": null,
        "start": 1762113600000,
        "displayName": "SCHEDULED ROADWORK Maintenance",
        "roads": [
          {
            "conditionTendency": "",
            "crossStreet": "",
            "delay": "",
            "impactedLanes": [],
            "locationQualifier": "-",
            "mainStreet": "Olympic Highway",
            "quadrant": "",
            "queueLength": 0,
            "region": "Riverina",
            "secondLocation": "",
            "suburb": "Bethungra",
            "trafficVolume": ""
          }
        ],
        "isLocalRoad": "State road",
        "CategoryIcon": "Roadworks"
      }
    },
    {
      "type": "Feature",
      "id": 277106,
      "geometry": {
        "type": "Point",
        "coordinates": [
          152.5572981,
          -29.5773354
        ],
        "collections": []
      },
      "properties": {
        "webLinks": [],
        "headline": "",
        "periods": [
          {
            "closureType": "ROAD_CLOSURE",
            "roadextent": "Affected",
            "roadtype": "",
            "direction": "Both directions",
            "finishTime": "",
            "fromDay": "Every Day",
            "startTime": "all day",
            "toDay": ""
          }
        ],
        "speedLimit": 40,
        "weblinkUrl": null,
        "expectedDelay": -1,
        "ended": false,
        "isNewIncident": true,
        "publicTransport": "",
        "impactingNetwork": false,
        "subCategoryB": null,
        "arrangementAttachments": [],
        "isInitialReport": false,
        "created": 1780633432000,
        "isMajor": false,
        "name": null,
        "subCategoryA": "null",
        "adviceA": "Allow extra travel time",
        "adviceB": "Check signage",
        "adviceC": "Reduced speed limit",
        "end": 1793157720000,
        "hideEndDate": false,
        "incidentKind": "Planned",
        "mainCategory": "SCHEDULED ROADWORK",
        "lastUpdated": 1780633433234,
        "otherAdvice": "<p>Alternating (stop/slow) traffic conditions will be in place to allow motorists to pass in one direction at a time. Motorists are advised to allow approximately 5 minutes of additional travel time. </p>",
        "arrangementElements": [],
        "diversions": "",
        "additionalInfo": [],
        "weblinkName": null,
        "attendingGroups": null,
        "encodedPolylines": [],
        "duration": null,
        "start": 1780546920000,
        "displayName": "SCHEDULED ROADWORK",
        "roads": [
          {
            "conditionTendency": "",
            "crossStreet": "",
            "delay": "",
            "impactedLanes": [],
            "locationQualifier": "at",
            "mainStreet": "Lilydale Road",
            "quadrant": "",
            "queueLength": 0,
            "region": "North Coast NSW",
            "secondLocation": "",
            "suburb": "Jackadgery",
            "trafficVolume": ""
          }
        ],
        "isLocalRoad": "State road",
        "CategoryIcon": "Roadworks"
      }
    },
    {
      "type": "Feature",
      "id": 265874,
      "geometry": {
        "type": "Point",
        "coordinates": [
          147.4713044,
          -35.1502945
        ],
        "collections": []
      },
      "properties": {
        "webLinks": [],
        "headline": "",
        "periods": [
          {
            "closureType": "ROAD_CLOSURE",
            "roadextent": "Affected",
            "roadtype": "",
            "direction": "Both directions",
            "finishTime": "6:00pm",
            "fromDay": "Weekdays",
            "startTime": "7:00am",
            "toDay": ""
          },
          {
            "closureType": "ROAD_CLOSURE",
            "roadextent": "Affected",
            "roadtype": "",
            "direction": "Both directions",
            "finishTime": "5:00pm",
            "fromDay": "Saturday",
            "startTime": "7:00am",
            "toDay": ""
          }
        ],
        "speedLimit": 40,
        "weblinkUrl": null,
        "expectedDelay": -1,
        "ended": false,
        "isNewIncident": false,
        "publicTransport": "",
        "impactingNetwork": true,
        "subCategoryB": null,
        "arrangementAttachments": [],
        "isInitialReport": false,
        "created": 1771894709000,
        "isMajor": false,
        "name": null,
        "subCategoryA": "Resurfacing",
        "adviceA": "Allow extra travel time",
        "adviceB": "Reduced speed limit",
        "adviceC": " ",
        "end": 1793516400000,
        "hideEndDate": false,
        "incidentKind": "Planned",
        "mainCategory": "SCHEDULED ROADWORK",
        "lastUpdated": 1782790544196,
        "otherAdvice": "<p>Single lane closures and alternating (stop/slow) traffic conditions will be in place at various locations. Traffic controllers will be on site to direct motorists.</p><p>Motorists are advised to allow approximately 5 minutes of additional travel time.</p>",
        "arrangementElements": [
          {
            "html": "<p>OSOM operators must park in designated stopping bays on approach to the site in both directions and <strong>call traffic control on 0404 039 429</strong> for access through the work zone.</p><p><strong>Eastbound</strong> - opposite Ampol Foodary Gumly Gumly</p><p><strong>Westbound</strong> - Guys Hill Truck Parking Bay</p><p>Always follow instructions of traffic control and VMS.</p><p><br></p>",
            "title": "Information for OSOM vehicle operators",
            "id": "865294"
          }
        ],
        "diversions": "",
        "additionalInfo": [],
        "weblinkName": null,
        "attendingGroups": null,
        "encodedPolylines": [],
        "duration": null,
        "start": 1772395200000,
        "displayName": "SCHEDULED ROADWORK Resurfacing",
        "roads": [
          {
            "conditionTendency": "",
            "crossStreet": "Fife Street",
            "delay": "",
            "impactedLanes": [],
            "locationQualifier": "between",
            "mainStreet": "Sturt Highway",
            "quadrant": "",
            "queueLength": 0,
            "region": "Riverina",
            "secondLocation": "Smith St",
            "suburb": "Forest Hill",
            "trafficVolume": ""
          }
        ],
        "isLocalRoad": "State road",
        "CategoryIcon": "Roadworks"
      }
    },
    {
      "type": "Feature",
      "id": 274029,
      "geometry": {
        "type": "Point",
        "coordinates": [
          149.5844489,
          -35.2469783
        ],
        "collections": []
      },
      "properties": {
        "webLinks": [
          {
            "linkText": "Kings Highway projects",
            "linkURL": "https://www.transport.nsw.gov.au/projects/current-projects/kings-highway"
          }
        ],
        "headline": "",
        "periods": [
          {
            "closureType": "ROAD_CLOSURE",
            "roadextent": "Affected",
            "roadtype": "",
            "direction": "Both directions",
            "finishTime": "6:00pm",
            "fromDay": "Weekdays",
            "startTime": "6:30am",
            "toDay": ""
          }
        ],
        "speedLimit": 40,
        "weblinkUrl": null,
        "expectedDelay": -1,
        "ended": false,
        "isNewIncident": false,
        "publicTransport": "",
        "impactingNetwork": true,
        "subCategoryB": null,
        "arrangementAttachments": [],
        "isInitialReport": false,
        "created": 1778544228000,
        "isMajor": false,
        "name": null,
        "subCategoryA": "Upgrade",
        "adviceA": "Allow extra travel time",
        "adviceB": "Reduced speed limit",
        "adviceC": " ",
        "end": 1794708000000,
        "hideEndDate": false,
        "incidentKind": "Planned",
        "mainCategory": "SCHEDULED ROADWORK",
        "lastUpdated": 1783051275209,
        "otherAdvice": "<p>Single lane closure and stop/slow traffic conditions will be in place.</p><p>Motorists are advised to allow approximately 5 minutes of additional travel time.  </p>",
        "arrangementElements": [],
        "diversions": "",
        "additionalInfo": [],
        "weblinkName": null,
        "attendingGroups": null,
        "encodedPolylines": [],
        "duration": null,
        "start": 1779224400000,
        "displayName": "SCHEDULED ROADWORK Upgrade",
        "roads": [
          {
            "conditionTendency": "",
            "crossStreet": "",
            "delay": "",
            "impactedLanes": [],
            "locationQualifier": "at",
            "mainStreet": "Kings Highway",
            "quadrant": "",
            "queueLength": 0,
            "region": "Southern Highlands",
            "secondLocation": "",
            "suburb": "Mulloon",
            "trafficVolume": ""
          }
        ],
        "isLocalRoad": "State road",
        "CategoryIcon": "Roadworks"
      }
    },
    {
      "type": "Feature",
      "id": 281078,
      "geometry": {
        "type": "Point",
        "coordinates": [
          151.2445336,
          -33.7394614
        ],
        "collections": []
      },
      "properties": {
        "webLinks": [],
        "headline": "",
        "periods": [
          {
            "closureType": "ROAD_CLOSURE",
            "roadextent": "Affected",
            "roadtype": "",
            "direction": "Both directions",
            "finishTime": "",
            "fromDay": "Every Day",
            "startTime": "all day",
            "toDay": ""
          }
        ],
        "speedLimit": 60,
        "weblinkUrl": null,
        "expectedDelay": -1,
        "ended": false,
        "isNewIncident": false,
        "publicTransport": "",
        "impactingNetwork": false,
        "subCategoryB": null,
        "arrangementAttachments": [],
        "isInitialReport": false,
        "created": 1783595662000,
        "isMajor": false,
        "name": null,
        "subCategoryA": "null",
        "adviceA": "Exercise caution",
        "adviceB": "Check signage",
        "adviceC": "Reduced speed limit",
        "end": 1817041500000,
        "hideEndDate": false,
        "incidentKind": "Planned",
        "mainCategory": "SCHEDULED ROADWORK",
        "lastUpdated": 1783596245163,
        "otherAdvice": "<p>Please note this speed reduction only applies to some sections of Wakehurst Parkway</p><p><strong>At Frenchs Forest </strong>between Frenchs Forest Rd and Oxford Falls Rd.</p><p><strong>At North Narrabeen </strong>between south of Elanora Rd and north of Mirrool St.</p>",
        "arrangementElements": [],
        "diversions": "",
        "additionalInfo": [],
        "weblinkName": null,
        "attendingGroups": null,
        "encodedPolylines": [],
        "duration": null,
        "start": 1783882800000,
        "displayName": "SCHEDULED ROADWORK",
        "roads": [
          {
            "conditionTendency": "",
            "crossStreet": "",
            "delay": "",
            "impactedLanes": [],
            "locationQualifier": "at",
            "mainStreet": "Wakehurst Parkway",
            "quadrant": "",
            "queueLength": 0,
            "region": "Sydney",
            "secondLocation": "",
            "suburb": "Frenchs Forest to North Narrabeen",
            "trafficVolume": ""
          }
        ],
        "isLocalRoad": "State road",
        "CategoryIcon": "Roadworks"
      }
    },
    {
      "type": "Feature",
      "id": 280881,
      "geometry": {
        "type": "Point",
        "coordinates": [
          152.868652,
          -28.838871
        ],
        "collections": []
      },
      "properties": {
        "webLinks": [],
        "headline": "",
        "periods": [
          {
            "closureType": "ROAD_CLOSURE",
            "roadextent": "Affected",
            "roadtype": "",
            "direction": "Both directions",
            "finishTime": "5:00pm",
            "fromDay": "Weekdays",
            "startTime": "7:00am",
            "toDay": ""
          }
        ],
        "speedLimit": 40,
        "weblinkUrl": null,
        "expectedDelay": -1,
        "ended": false,
        "isNewIncident": true,
        "publicTransport": "",
        "impactingNetwork": false,
        "subCategoryB": null,
        "arrangementAttachments": [],
        "isInitialReport": false,
        "created": 1783886467000,
        "isMajor": false,
        "name": null,
        "subCategoryA": "null",
        "adviceA": "Reduced speed limit",
        "adviceB": "Check signage",
        "adviceC": " ",
        "end": 1802671200000,
        "hideEndDate": false,
        "incidentKind": "Planned",
        "mainCategory": "SCHEDULED ROADWORK",
        "lastUpdated": 1783886467523,
        "otherAdvice": "<p>Oversize and overmass (OSOM) vehicles more than 3.2 metres wide intending to travel through the site must call the project team on 0481 131 127 at least 24 hours prior to travel. </p><p>Motorists are advised to allow approximately 5 minutes of additional travel time.</p>",
        "arrangementElements": [],
        "diversions": "",
        "additionalInfo": [],
        "weblinkName": null,
        "attendingGroups": null,
        "encodedPolylines": [],
        "duration": null,
        "start": 1784494800000,
        "displayName": "SCHEDULED ROADWORK",
        "roads": [
          {
            "conditionTendency": "",
            "crossStreet": "Dyraaba Road",
            "delay": "",
            "impactedLanes": [],
            "locationQualifier": "near",
            "mainStreet": "Bruxner Highway",
            "quadrant": "",
            "queueLength": 0,
            "region": "North Coast NSW",
            "secondLocation": "",
            "suburb": "Piora",
            "trafficVolume": ""
          }
        ],
        "isLocalRoad": "State road",
        "CategoryIcon": "Roadworks"
      }
    },
    {
      "type": "Feature",
      "id": 275010,
      "geometry": {
        "type": "Point",
        "coordinates": [
          150.7311219,
          -33.621147
        ],
        "collections": []
      },
      "properties": {
        "webLinks": [
          {
            "linkText": "New Richmond Bridge - Stage 1",
            "linkURL": "https://www.transport.nsw.gov.au/projects/current-projects/new-richmond-bridge-stage-1"
          }
        ],
        "headline": "",
        "periods": [
          {
            "closureType": "ROAD_CLOSURE",
            "roadextent": "Closed",
            "roadtype": "Road",
            "direction": "Both directions",
            "finishTime": "",
            "fromDay": "Every Day",
            "startTime": "all day",
            "toDay": ""
          }
        ],
        "speedLimit": -1,
        "weblinkUrl": null,
        "expectedDelay": -1,
        "ended": false,
        "isNewIncident": false,
        "publicTransport": "",
        "impactingNetwork": false,
        "subCategoryB": null,
        "arrangementAttachments": [],
        "isInitialReport": false,
        "created": 1779242670000,
        "isMajor": false,
        "name": null,
        "subCategoryA": "null",
        "adviceA": "Use an alternative route",
        "adviceB": "Plan your journey",
        "adviceC": "Allow extra travel time",
        "end": 1796042700000,
        "hideEndDate": false,
        "incidentKind": "Planned",
        "mainCategory": "SCHEDULED ROADWORK",
        "lastUpdated": 1784183954837,
        "otherAdvice": "<p>Continuous closure from 8pm Thu 23 Jul to 30 Nov.</p>",
        "arrangementElements": [],
        "diversions": "<p>Londonderry Rd, Wilshire Rd and Jockbet St, in both directions.</p>",
        "additionalInfo": [],
        "weblinkName": null,
        "attendingGroups": null,
        "encodedPolylines": [],
        "duration": null,
        "start": 1784728800000,
        "displayName": "SCHEDULED ROADWORK New Richmond Bridge Upgrade (The Driftway) Stage 1",
        "roads": [
          {
            "conditionTendency": "",
            "crossStreet": "Londonderry Road",
            "delay": "",
            "impactedLanes": [],
            "locationQualifier": "between",
            "mainStreet": "The Driftway",
            "quadrant": "",
            "queueLength": 0,
            "region": "Sydney",
            "secondLocation": "Jockbet Street",
            "suburb": "Richmond",
            "trafficVolume": ""
          }
        ],
        "isLocalRoad": "Local road",
        "CategoryIcon": "Roadworks"
      }
    },
    {
      "type": "Feature",
      "id": 281435,
      "geometry": {
        "type": "Point",
        "coordinates": [
          151.576043,
          -32.537731
        ],
        "collections": []
      },
      "properties": {
        "webLinks": [],
        "headline": "",
        "periods": [
          {
            "closureType": "ROAD_CLOSURE",
            "roadextent": "Affected",
            "roadtype": "",
            "direction": "Both directions",
            "finishTime": "4:00pm",
            "fromDay": "Monday",
            "startTime": "6:00am",
            "toDay": ""
          },
          {
            "closureType": "ROAD_CLOSURE",
            "roadextent": "Affected",
            "roadtype": "",
            "direction": "Both directions",
            "finishTime": "4:00pm",
            "fromDay": "Tuesday",
            "startTime": "6:00am",
            "toDay": ""
          },
          {
            "closureType": "ROAD_CLOSURE",
            "roadextent": "Affected",
            "roadtype": "",
            "direction": "Both directions",
            "finishTime": "4:00pm",
            "fromDay": "Wednesday",
            "startTime": "6:00am",
            "toDay": ""
          },
          {
            "closureType": "ROAD_CLOSURE",
            "roadextent": "Affected",
            "roadtype": "",
            "direction": "Both directions",
            "finishTime": "4:00pm",
            "fromDay": "Thursday",
            "startTime": "6:00am",
            "toDay": ""
          }
        ],
        "speedLimit": 40,
        "weblinkUrl": null,
        "expectedDelay": -1,
        "ended": false,
        "isNewIncident": true,
        "publicTransport": "",
        "impactingNetwork": false,
        "subCategoryB": null,
        "arrangementAttachments": [],
        "isInitialReport": false,
        "created": 1784491206000,
        "isMajor": false,
        "name": null,
        "subCategoryA": "Bridge work",
        "adviceA": "Reduced speed limit",
        "adviceB": "Exercise caution",
        "adviceC": " ",
        "end": 1792645200000,
        "hideEndDate": false,
        "incidentKind": "Planned",
        "mainCategory": "SCHEDULED ROADWORK",
        "lastUpdated": 1784491206912,
        "otherAdvice": "",
        "arrangementElements": [],
        "diversions": "",
        "additionalInfo": [],
        "weblinkName": null,
        "attendingGroups": null,
        "encodedPolylines": [],
        "duration": null,
        "start": 1785096000000,
        "displayName": "SCHEDULED ROADWORK Bridge work",
        "roads": [
          {
            "conditionTendency": "",
            "crossStreet": "Vacy Bridge",
            "delay": "",
            "impactedLanes": [],
            "locationQualifier": "on",
            "mainStreet": "Gresford Rd",
            "quadrant": "",
            "queueLength": 0,
            "region": "Hunter",
            "secondLocation": "",
            "suburb": "Vacy",
            "trafficVolume": ""
          }
        ],
        "isLocalRoad": "State road",
        "CategoryIcon": "Roadworks"
      }
    },
    {
      "type": "Feature",
      "id": 282411,
      "geometry": {
        "type": "Point",
        "coordinates": [
          150.759662,
          -34.572043
        ],
        "collections": []
      },
      "properties": {
        "webLinks": [],
        "headline": "",
        "periods": [
          {
            "closureType": "ROAD_CLOSURE",
            "roadextent": "Affected",
            "roadtype": "",
            "direction": "Both directions",
            "finishTime": "5:00pm",
            "fromDay": "Weekdays",
            "startTime": "7:00am",
            "toDay": ""
          }
        ],
        "speedLimit": 40,
        "weblinkUrl": null,
        "expectedDelay": -1,
        "ended": false,
        "isNewIncident": true,
        "publicTransport": "",
        "impactingNetwork": false,
        "subCategoryB": null,
        "arrangementAttachments": [],
        "isInitialReport": false,
        "created": 1784850535000,
        "isMajor": false,
        "name": null,
        "subCategoryA": "Upgrade",
        "adviceA": "Reduced speed limit",
        "adviceB": "Check signage",
        "adviceC": "Exercise caution",
        "end": 1797573600000,
        "hideEndDate": false,
        "incidentKind": "Planned",
        "mainCategory": "SCHEDULED ROADWORK",
        "lastUpdated": 1784850535997,
        "otherAdvice": "<p>Alternating (stop/slow) traffic conditions will be in place to allow motorists to pass in one direction at a time. </p><p>Motorists are advised to allow approximately 5 minutes of additional travel time. </p><p>The speed limit outside work hours is 40km/h. </p>",
        "arrangementElements": [],
        "diversions": "",
        "additionalInfo": [],
        "weblinkName": null,
        "attendingGroups": null,
        "encodedPolylines": [],
        "duration": null,
        "start": 1785099600000,
        "displayName": "SCHEDULED ROADWORK Upgrade",
        "roads": [
          {
            "conditionTendency": "",
            "crossStreet": "Church Street",
            "delay": "",
            "impactedLanes": [],
            "locationQualifier": "at",
            "mainStreet": "Tongarra Road",
            "quadrant": "",
            "queueLength": 0,
            "region": "South Coast",
            "secondLocation": "",
            "suburb": "Albion Park",
            "trafficVolume": ""
          }
        ],
        "isLocalRoad": "State road",
        "CategoryIcon": "Roadworks"
      }
    },
    {
      "type": "Feature",
      "id": 280380,
      "geometry": {
        "type": "Point",
        "coordinates": [
          151.0908863,
          -33.7643038
        ],
        "collections": [
          {
            "type": "Point",
            "coordinates": [
              150.999338,
              -33.767864
            ]
          }
        ]
      },
      "properties": {
        "webLinks": [],
        "headline": "",
        "periods": [
          {
            "closureType": "ROAD_CLOSURE",
            "roadextent": "Affected",
            "roadtype": "",
            "direction": "Westbound",
            "finishTime": "5:00am",
            "fromDay": "Sunday",
            "startTime": "9:00pm",
            "toDay": ""
          },
          {
            "closureType": "ROAD_CLOSURE",
            "roadextent": "Affected",
            "roadtype": "",
            "direction": "Westbound",
            "finishTime": "5:00am",
            "fromDay": "Monday",
            "startTime": "9:00pm",
            "toDay": ""
          },
          {
            "closureType": "ROAD_CLOSURE",
            "roadextent": "Affected",
            "roadtype": "",
            "direction": "Westbound",
            "finishTime": "5:00am",
            "fromDay": "Tuesday",
            "startTime": "9:00pm",
            "toDay": ""
          },
          {
            "closureType": "ROAD_CLOSURE",
            "roadextent": "Affected",
            "roadtype": "",
            "direction": "Westbound",
            "finishTime": "5:00am",
            "fromDay": "Wednesday",
            "startTime": "9:00pm",
            "toDay": ""
          },
          {
            "closureType": "ROAD_CLOSURE",
            "roadextent": "Affected",
            "roadtype": "",
            "direction": "Westbound",
            "finishTime": "5:00am",
            "fromDay": "Thursday",
            "startTime": "9:00pm",
            "toDay": ""
          }
        ],
        "speedLimit": -1,
        "weblinkUrl": null,
        "expectedDelay": -1,
        "ended": false,
        "isNewIncident": false,
        "publicTransport": "",
        "impactingNetwork": true,
        "subCategoryB": null,
        "arrangementAttachments": [
          {
            "displayName": "Work_Area",
            "fileName": "Work_Area.png",
            "fileType": "PNG",
            "linkName": "Work_Area",
            "sizeInBytes": 258553,
            "uniqueFileName": "812885_1784251259307_Work_Area.png"
          }
        ],
        "isInitialReport": false,
        "created": 1783045141000,
        "isMajor": false,
        "name": null,
        "subCategoryA": "Maintenance",
        "adviceA": "Reduce your speed",
        "adviceB": "Check signage",
        "adviceC": "Allow extra travel time",
        "end": 1793210400000,
        "hideEndDate": false,
        "incidentKind": "Planned",
        "mainCategory": "SCHEDULED ROADWORK",
        "lastUpdated": 1784883508337,
        "otherAdvice": "<p>Resurfacing will be carried out westbound from July to October with single-lane closures in place during work hours.</p><p>The westbound Pennant Hills Road on and off ramps and Beecroft Road off-ramp will require periodic closures during some shifts. Detours will be in place.</p>",
        "arrangementElements": [
          {
            "html": "<p><strong>M2 Motorway width restrictions</strong></p><p>During work hours in August, <strong>vehicles wider than 4.4 metres will need to be escorted through the site by traffic control.</strong> Operators of these vehicles are required to contact the<strong> M2 Control Room on 02 9086 6400 to advise of travel at least two days</strong> <strong>prior. </strong></p><p>Operators are advised that once pavement work starts in September, over-width vehicles will be required to park on the motorway shoulder until all lanes re-open.</p><p>In addition to the above, a reminder that all operators of a vehicle or combination exceeding 3.5 metres wide must contact the M2 operator on <a href=\"mailto:OSOMaccess@transurban.com\" rel=\"noopener noreferrer\" target=\"_blank\">OSOMaccess@transurban.com</a> at least five working days before travel.</p>",
            "title": "Information for OSOM operators",
            "id": "880214"
          }
        ],
        "diversions": "<p>The following ramp closures and detours will be in place periodically during work:</p><ul><li><strong>Pennant Hills Road on-ramp</strong> - detour via Pennant Hills Road, Castle Hill Road, Old Northern Road and Windsor Road on ramp OR Pennant Hills Road, Cumberland Highway and Windsor Road on ramp.</li><li><strong>Pennant Hills Road off-ramp</strong> - detour via the Windsor Road off-ramp, to James Ruse Drive and Pennant Hills Road.</li><li><strong>Beecroft Road off-ramp</strong> - detour via Pennant Hills Road off-ramp, Carlingford Road and Beecroft Road.</li></ul><p><br></p>",
        "additionalInfo": [],
        "weblinkName": null,
        "attendingGroups": null,
        "encodedPolylines": [],
        "duration": null,
        "start": 1785063600000,
        "displayName": "SCHEDULED ROADWORK Maintenance",
        "roads": [
          {
            "conditionTendency": "",
            "crossStreet": "Epping-Norfolk Tunnel",
            "delay": "",
            "impactedLanes": [],
            "locationQualifier": "between",
            "mainStreet": "M2 Motorway",
            "quadrant": "",
            "queueLength": 0,
            "region": "Sydney",
            "secondLocation": "Windsor Road",
            "suburb": "Epping to Baulkham Hills",
            "trafficVolume": ""
          }
        ],
        "isLocalRoad": "State road",
        "CategoryIcon": "Roadworks"
      }
    },
    {
      "type": "Feature",
      "id": 255926,
      "geometry": {
        "type": "Point",
        "coordinates": [
          150.4475106,
          -35.3284658
        ],
        "collections": []
      },
      "properties": {
        "webLinks": [],
        "headline": "",
        "periods": [
          {
            "closureType": "ROAD_CLOSURE",
            "roadextent": "Affected",
            "roadtype": "",
            "direction": "Both directions",
            "finishTime": "",
            "fromDay": "Every Day",
            "startTime": "all day",
            "toDay": ""
          }
        ],
        "speedLimit": 40,
        "weblinkUrl": null,
        "expectedDelay": -1,
        "ended": false,
        "isNewIncident": false,
        "publicTransport": "",
        "impactingNetwork": false,
        "subCategoryB": null,
        "arrangementAttachments": [],
        "isInitialReport": false,
        "created": 1763332212000,
        "isMajor": false,
        "name": null,
        "subCategoryA": "null",
        "adviceA": "Allow extra travel time",
        "adviceB": "Exercise caution",
        "adviceC": "Reduced speed limit",
        "end": 1796972400000,
        "hideEndDate": true,
        "incidentKind": "Planned",
        "mainCategory": "SCHEDULED ROADWORK",
        "lastUpdated": 1785458267450,
        "otherAdvice": "<p><strong>New roundabout and intersection upgrades.</strong></p><p>Road shoulder closed with intermittent impacts to traffic<strong> </strong>at various times along the Princes Hwy.</p>",
        "arrangementElements": [],
        "diversions": "",
        "additionalInfo": [],
        "weblinkName": null,
        "attendingGroups": null,
        "encodedPolylines": [],
        "duration": null,
        "start": 1763323200000,
        "displayName": "SCHEDULED ROADWORK",
        "roads": [
          {
            "conditionTendency": "",
            "crossStreet": "Warden Road",
            "delay": "",
            "impactedLanes": [],
            "locationQualifier": "between",
            "mainStreet": "Princes Highway",
            "quadrant": "",
            "queueLength": 0,
            "region": "South Coast",
            "secondLocation": "Slaughterhouse Road",
            "suburb": "Milton",
            "trafficVolume": ""
          }
        ],
        "isLocalRoad": "State road",
        "CategoryIcon": "Roadworks"
      }
    },
    {
      "type": "Feature",
      "id": 233318,
      "geometry": {
        "type": "Point",
        "coordinates": [
          150.9135679,
          -32.7776353
        ],
        "collections": []
      },
      "properties": {
        "webLinks": [],
        "headline": "",
        "periods": [
          {
            "closureType": "ROAD_CLOSURE",
            "roadextent": "Affected",
            "roadtype": "",
            "direction": "Both directions",
            "finishTime": "6:00pm",
            "fromDay": "Weekdays",
            "startTime": "7:00am",
            "toDay": ""
          }
        ],
        "speedLimit": 40,
        "weblinkUrl": null,
        "expectedDelay": -1,
        "ended": false,
        "isNewIncident": false,
        "publicTransport": "",
        "impactingNetwork": false,
        "subCategoryB": null,
        "arrangementAttachments": [],
        "isInitialReport": false,
        "created": 1746156297000,
        "isMajor": false,
        "name": null,
        "subCategoryA": "Slope stabilisation",
        "adviceA": "Check signage",
        "adviceB": "Reduced speed limit",
        "adviceC": " ",
        "end": 1795417200000,
        "hideEndDate": false,
        "incidentKind": "Planned",
        "mainCategory": "SCHEDULED ROADWORK",
        "lastUpdated": 1785461953367,
        "otherAdvice": "<p>Portable traffic lights will allow motorists to pass in one direction at a time 24/7. </p><p>Motorists are advised to allow approximately 5 minutes of additional travel time.</p>",
        "arrangementElements": [],
        "diversions": "",
        "additionalInfo": [],
        "weblinkName": null,
        "attendingGroups": null,
        "encodedPolylines": [],
        "duration": null,
        "start": 1746068940000,
        "displayName": "SCHEDULED ROADWORK Slope stabilisation",
        "roads": [
          {
            "conditionTendency": "",
            "crossStreet": "",
            "delay": "",
            "impactedLanes": [],
            "locationQualifier": "near",
            "mainStreet": "Putty Road",
            "quadrant": "",
            "queueLength": 0,
            "region": "Hunter",
            "secondLocation": "",
            "suburb": "Milbrodale",
            "trafficVolume": ""
          }
        ],
        "isLocalRoad": "State road",
        "CategoryIcon": "Roadworks"
      }
    },
    {
      "type": "Feature",
      "id": 279261,
      "geometry": {
        "type": "Point",
        "coordinates": [
          152.6972985,
          -28.3364385
        ],
        "collections": []
      },
      "properties": {
        "webLinks": [],
        "headline": "",
        "periods": [
          {
            "closureType": "ROAD_CLOSURE",
            "roadextent": "Affected",
            "roadtype": "",
            "direction": "Both directions",
            "finishTime": "",
            "fromDay": "Every Day",
            "startTime": "all day",
            "toDay": ""
          }
        ],
        "speedLimit": -1,
        "weblinkUrl": null,
        "expectedDelay": -1,
        "ended": false,
        "isNewIncident": false,
        "publicTransport": "",
        "impactingNetwork": false,
        "subCategoryB": null,
        "arrangementAttachments": [],
        "isInitialReport": false,
        "created": 1782361796000,
        "isMajor": false,
        "name": null,
        "subCategoryA": "null",
        "adviceA": "Exercise caution",
        "adviceB": " ",
        "adviceC": " ",
        "end": 1797757200000,
        "hideEndDate": false,
        "incidentKind": "Planned",
        "mainCategory": "SCHEDULED ROADWORK",
        "lastUpdated": 1785468955377,
        "otherAdvice": "<p>Portable traffic lights will allow motorists to pass in one direction at a time. </p>",
        "arrangementElements": [],
        "diversions": "",
        "additionalInfo": [],
        "weblinkName": null,
        "attendingGroups": [
          "Local Council"
        ],
        "encodedPolylines": [],
        "duration": null,
        "start": 1782354600000,
        "displayName": "SCHEDULED ROADWORK",
        "roads": [
          {
            "conditionTendency": "",
            "crossStreet": "Queensland Border",
            "delay": "",
            "impactedLanes": [],
            "locationQualifier": "near",
            "mainStreet": "Summerland Way",
            "quadrant": "",
            "queueLength": 0,
            "region": "North Coast NSW",
            "secondLocation": "",
            "suburb": "Dairy Flat",
            "trafficVolume": ""
          }
        ],
        "isLocalRoad": "State road",
        "CategoryIcon": "Roadworks"
      }
    },
    {
      "type": "Feature",
      "id": 243588,
      "geometry": {
        "type": "Point",
        "coordinates": [
          151.1930633,
          -32.5884993
        ],
        "collections": [
          {
            "type": "Point",
            "coordinates": [
              151.147671,
              -32.540025
            ]
          }
        ]
      },
      "properties": {
        "webLinks": [
          {
            "linkText": "Singleton bypass project website",
            "linkURL": "https://www.transport.nsw.gov.au/projects/current-projects/singleton-bypass-new-england-highway"
          }
        ],
        "headline": "",
        "periods": [
          {
            "closureType": "ROAD_CLOSURE",
            "roadextent": "Affected",
            "roadtype": "",
            "direction": "All directions",
            "finishTime": "5:00pm",
            "fromDay": "Weekdays",
            "startTime": "7:00am",
            "toDay": ""
          },
          {
            "closureType": "ROAD_CLOSURE",
            "roadextent": "Affected",
            "roadtype": "",
            "direction": "All directions",
            "finishTime": "1:00pm",
            "fromDay": "Saturday",
            "startTime": "8:00am",
            "toDay": ""
          }
        ],
        "speedLimit": 60,
        "weblinkUrl": null,
        "expectedDelay": -1,
        "ended": false,
        "isNewIncident": false,
        "publicTransport": "",
        "impactingNetwork": true,
        "subCategoryB": null,
        "arrangementAttachments": [],
        "isInitialReport": false,
        "created": 1753682542000,
        "isMajor": false,
        "name": null,
        "subCategoryA": "Upgrade",
        "adviceA": "Reduced speed limit",
        "adviceB": "Check signage",
        "adviceC": " ",
        "end": 1797577200000,
        "hideEndDate": false,
        "incidentKind": "Planned",
        "mainCategory": "SCHEDULED ROADWORK",
        "lastUpdated": 1785471365519,
        "otherAdvice": "<p>From <strong>7pm Friday 22 May to 5am Monday 25 May</strong>, traffic will be managed through a temporary two way shuttle flow arrangement while work is carried out to construct a roundabout on Putty road.</p><p>T<strong>here will be significant delays for over-size over-mass (OSOM) vehicles</strong> passing through the site. Operators of OSOM vehicles with ground contact wider than 3.2m or with overall width wider than 4.5m are advised to contact the project team prior to proposed travel on 0469 435 505. </p>",
        "arrangementElements": [
          {
            "html": "<p><strong>New height limit of 5.3 meters applies</strong> for OSOM vehicles travelling through Singleton and passing under the newly installed bridge girders at Gowrie Gate.</p><p>Operators of over-size over-mass vehicles with a ground contact wider than 3.2m or with overall width wider than 4.5m are advised to contact the project team at least 5 business days prior to proposed travel date on <strong>0450 161 807.</strong></p><p>Please note vehicles travelling under a permit must not travel off the approved route listed in the permit unless an updated permit is obtained from the NHVR.</p>",
            "title": "Advice for operators of OSOM vehicles",
            "id": "884021"
          }
        ],
        "diversions": "",
        "additionalInfo": [],
        "weblinkName": null,
        "attendingGroups": null,
        "encodedPolylines": [],
        "duration": null,
        "start": 1753390800000,
        "displayName": "SCHEDULED ROADWORK Upgrade Singleton Bypass",
        "roads": [
          {
            "conditionTendency": "",
            "crossStreet": "Cemetery Lane",
            "delay": "",
            "impactedLanes": [],
            "locationQualifier": "between",
            "mainStreet": "New England Highway",
            "quadrant": "",
            "queueLength": 0,
            "region": "Hunter",
            "secondLocation": "Rixs Creek Lane",
            "suburb": "Singleton",
            "trafficVolume": ""
          }
        ],
        "isLocalRoad": "State road",
        "CategoryIcon": "Roadworks"
      }
    },
    {
      "type": "Feature",
      "id": 240160,
      "geometry": {
        "type": "Point",
        "coordinates": [
          149.485195,
          -32.097839
        ],
        "collections": []
      },
      "properties": {
        "webLinks": [
          {
            "linkText": "Renewables Transportation traffic impacts",
            "linkURL": "https://www.transport.nsw.gov.au/preview-link/node/32369/f4a63433-ce53-44b7-bdfb-d0b1112d2c43"
          }
        ],
        "headline": "",
        "periods": [
          {
            "closureType": "ROAD_CLOSURE",
            "roadextent": "Affected",
            "roadtype": "",
            "direction": "Both directions",
            "finishTime": "",
            "fromDay": "Every Day",
            "startTime": "all day",
            "toDay": ""
          }
        ],
        "speedLimit": 40,
        "weblinkUrl": null,
        "expectedDelay": -1,
        "ended": false,
        "isNewIncident": false,
        "publicTransport": "",
        "impactingNetwork": false,
        "subCategoryB": null,
        "arrangementAttachments": [
          {
            "displayName": "Barneys Reef Road, Birriwa",
            "fileName": "Barneys Reef Road, Birriwa.pdf",
            "fileType": "PDF",
            "linkName": "Barneys Reef Road, Birriwa",
            "sizeInBytes": 550542,
            "uniqueFileName": "781064_1760327957951_Barneys Reef Road, Birriwa.pdf"
          }
        ],
        "isInitialReport": false,
        "created": 1750825620000,
        "isMajor": false,
        "name": null,
        "subCategoryA": "Intersection upgrade",
        "adviceA": "Reduced speed limit",
        "adviceB": "Check signage",
        "adviceC": "Exercise caution",
        "end": 1793365200000,
        "hideEndDate": false,
        "incidentKind": "Planned",
        "mainCategory": "SCHEDULED ROADWORK",
        "lastUpdated": 1786584135912,
        "otherAdvice": "<p>Barney&#39;s Reef Road will be closed to October 2026 with detour available. Motorists are advised to allow up to 10 minutes of additional travel time. Operators of oversize and/or overmass, to contact the project team via UHF 30 as per the signage details to travel through the work site.</p>",
        "arrangementElements": [],
        "diversions": "<p>Barneys Reef Road, Birriwa Bus Route South, Castlereagh Highway</p>",
        "additionalInfo": [],
        "weblinkName": null,
        "attendingGroups": null,
        "encodedPolylines": [],
        "duration": null,
        "start": 1751205600000,
        "displayName": "SCHEDULED ROADWORK Intersection upgrade",
        "roads": [
          {
            "conditionTendency": "",
            "crossStreet": "Barneys Reef Road",
            "delay": "",
            "impactedLanes": [],
            "locationQualifier": "at",
            "mainStreet": "Castlereagh Highway",
            "quadrant": "",
            "queueLength": 0,
            "region": "Central NSW",
            "secondLocation": "",
            "suburb": "Birriwa",
            "trafficVolume": ""
          }
        ],
        "isLocalRoad": "State road",
        "CategoryIcon": "Roadworks"
      }
    },
    {
      "type": "Feature",
      "id": 261559,
      "geometry": {
        "type": "Point",
        "coordinates": [
          147.581886,
          -33.327736
        ],
        "collections": []
      },
      "properties": {
        "webLinks": [
          {
            "linkText": "Warroo Bridge Replacement",
            "linkURL": "https://www.transport.nsw.gov.au/projects/current-projects/warroo-bridge-replacement"
          }
        ],
        "headline": "",
        "periods": [
          {
            "closureType": "ROAD_CLOSURE",
            "roadextent": "Affected",
            "roadtype": "",
            "direction": "Both directions",
            "finishTime": "",
            "fromDay": "Every Day",
            "startTime": "all day",
            "toDay": ""
          }
        ],
        "speedLimit": 40,
        "weblinkUrl": null,
        "expectedDelay": -1,
        "ended": false,
        "isNewIncident": false,
        "publicTransport": "",
        "impactingNetwork": false,
        "subCategoryB": null,
        "arrangementAttachments": [],
        "isInitialReport": false,
        "created": 1768345804000,
        "isMajor": false,
        "name": null,
        "subCategoryA": "Bridge work",
        "adviceA": "Reduced speed limit",
        "adviceB": "Check signage",
        "adviceC": "Allow extra travel time",
        "end": 1793430000000,
        "hideEndDate": true,
        "incidentKind": "Planned",
        "mainCategory": "SCHEDULED ROADWORK",
        "lastUpdated": 1786587607132,
        "otherAdvice": "<p>A reduced speed limit of 80km/h will be in place outside work hours (7am to 6pm, Monday to Friday). Portable traffic lights will allow motorists to pass in one direction at a time. Traffic control will be in place 24hrs a day. Motorists are advised to allow approximately 5 minutes of additional travel time.</p>",
        "arrangementElements": [],
        "diversions": "",
        "additionalInfo": [],
        "weblinkName": null,
        "attendingGroups": null,
        "encodedPolylines": [],
        "duration": null,
        "start": 1773000000000,
        "displayName": "SCHEDULED ROADWORK Bridge work",
        "roads": [
          {
            "conditionTendency": "",
            "crossStreet": "Warroo Bridge",
            "delay": "",
            "impactedLanes": [],
            "locationQualifier": "at",
            "mainStreet": "Warroo Bridge Road",
            "quadrant": "",
            "queueLength": 0,
            "region": "Central NSW",
            "secondLocation": "",
            "suburb": "Warroo",
            "trafficVolume": ""
          }
        ],
        "isLocalRoad": "State road",
        "CategoryIcon": "Roadworks"
      }
    },
    {
      "type": "Feature",
      "id": 276979,
      "geometry": {
        "type": "Point",
        "coordinates": [
          150.3320198,
          -29.1246748
        ],
        "collections": []
      },
      "properties": {
        "webLinks": [],
        "headline": "",
        "periods": [
          {
            "closureType": "ROAD_CLOSURE",
            "roadextent": "Affected",
            "roadtype": "",
            "direction": "Both directions",
            "finishTime": "6:00pm",
            "fromDay": "Weekdays",
            "startTime": "7:00am",
            "toDay": ""
          }
        ],
        "speedLimit": 40,
        "weblinkUrl": null,
        "expectedDelay": -1,
        "ended": false,
        "isNewIncident": false,
        "publicTransport": "",
        "impactingNetwork": false,
        "subCategoryB": null,
        "arrangementAttachments": [],
        "isInitialReport": false,
        "created": 1780552600000,
        "isMajor": false,
        "name": null,
        "subCategoryA": "Bridge work",
        "adviceA": "Check signage",
        "adviceB": "Exercise caution",
        "adviceC": "Reduced speed limit",
        "end": 1814342400000,
        "hideEndDate": false,
        "incidentKind": "Planned",
        "mainCategory": "SCHEDULED ROADWORK",
        "lastUpdated": 1786661686581,
        "otherAdvice": "<p>Portable traffic lights will allow motorists to pass in one direction at a time. Motorists are advised to allow approximately 5 minutes of additional travel time. </p>",
        "arrangementElements": [],
        "diversions": "",
        "additionalInfo": [],
        "weblinkName": null,
        "attendingGroups": null,
        "encodedPolylines": [],
        "duration": null,
        "start": 1780434000000,
        "displayName": "SCHEDULED ROADWORK Bridge work",
        "roads": [
          {
            "conditionTendency": "",
            "crossStreet": "Croppa Moree Road",
            "delay": "",
            "impactedLanes": [],
            "locationQualifier": "near",
            "mainStreet": "Croppa Creek Road",
            "quadrant": "",
            "queueLength": 0,
            "region": "New England North West",
            "secondLocation": "",
            "suburb": "Croppa Creek",
            "trafficVolume": ""
          }
        ],
        "isLocalRoad": "State road",
        "CategoryIcon": "Roadworks"
      }
    },
    {
      "type": "Feature",
      "id": 276982,
      "geometry": {
        "type": "Point",
        "coordinates": [
          149.48392,
          -33.405358
        ],
        "collections": []
      },
      "properties": {
        "webLinks": [],
        "headline": "",
        "periods": [
          {
            "closureType": "ROAD_CLOSURE",
            "roadextent": "Affected",
            "roadtype": "",
            "direction": "Both directions",
            "finishTime": "6:00pm",
            "fromDay": "Weekdays",
            "startTime": "6:00am",
            "toDay": ""
          },
          {
            "closureType": "ROAD_CLOSURE",
            "roadextent": "Affected",
            "roadtype": "",
            "direction": "Both directions",
            "finishTime": "6:00pm",
            "fromDay": "Saturday",
            "startTime": "6:00am",
            "toDay": ""
          }
        ],
        "speedLimit": 40,
        "weblinkUrl": null,
        "expectedDelay": -1,
        "ended": false,
        "isNewIncident": false,
        "publicTransport": "",
        "impactingNetwork": false,
        "subCategoryB": null,
        "arrangementAttachments": [],
        "isInitialReport": false,
        "created": 1780869645000,
        "isMajor": false,
        "name": null,
        "subCategoryA": "null",
        "adviceA": "Reduced speed limit",
        "adviceB": "Check signage",
        "adviceC": "Exercise caution",
        "end": 1814342400000,
        "hideEndDate": false,
        "incidentKind": "Planned",
        "mainCategory": "SCHEDULED ROADWORK",
        "lastUpdated": 1786661843613,
        "otherAdvice": "<p>Portable traffic lights will allow motorists to pass in one direction at a time. Motorists are advised to allow approximately 5 minutes of additional travel time. </p>",
        "arrangementElements": [],
        "diversions": "",
        "additionalInfo": [],
        "weblinkName": null,
        "attendingGroups": null,
        "encodedPolylines": [],
        "duration": null,
        "start": 1780948800000,
        "displayName": "SCHEDULED ROADWORK",
        "roads": [
          {
            "conditionTendency": "",
            "crossStreet": "Dunkeld Rd",
            "delay": "",
            "impactedLanes": [],
            "locationQualifier": "at",
            "mainStreet": "Mitchell Highway",
            "quadrant": "",
            "queueLength": 0,
            "region": "Central NSW",
            "secondLocation": "",
            "suburb": "Dunkeld",
            "trafficVolume": ""
          }
        ],
        "isLocalRoad": "State road",
        "CategoryIcon": "Roadworks"
      }
    },
    {
      "type": "Feature",
      "id": 261679,
      "geometry": {
        "type": "Point",
        "coordinates": [
          148.9409995,
          -32.6628392
        ],
        "collections": []
      },
      "properties": {
        "webLinks": [],
        "headline": "",
        "periods": [
          {
            "closureType": "ROAD_CLOSURE",
            "roadextent": "Affected",
            "roadtype": "",
            "direction": "Both directions",
            "finishTime": "5:00pm",
            "fromDay": "Weekdays",
            "startTime": "5:00am",
            "toDay": ""
          }
        ],
        "speedLimit": 60,
        "weblinkUrl": null,
        "expectedDelay": -1,
        "ended": false,
        "isNewIncident": false,
        "publicTransport": "",
        "impactingNetwork": false,
        "subCategoryB": null,
        "arrangementAttachments": [],
        "isInitialReport": false,
        "created": 1768446501000,
        "isMajor": false,
        "name": null,
        "subCategoryA": "Road/lane widening",
        "adviceA": "Allow extra travel time",
        "adviceB": "Check signage",
        "adviceC": "Reduced speed limit",
        "end": 1792130400000,
        "hideEndDate": false,
        "incidentKind": "Planned",
        "mainCategory": "SCHEDULED ROADWORK",
        "lastUpdated": 1786661964263,
        "otherAdvice": "<p>Motorists are advised to allow approximately 5 minutes of additional travel time. </p><p>Portable traffic lights will allow motorists to pass in one direction at a time. </p><p>OSOM vehicles 4.5 Mtrs and wider please contact site team via UHF 19 to ensure safe passage through work zone.</p>",
        "arrangementElements": [],
        "diversions": "",
        "additionalInfo": [],
        "weblinkName": null,
        "attendingGroups": null,
        "encodedPolylines": [],
        "duration": null,
        "start": 1768161600000,
        "displayName": "SCHEDULED ROADWORK Road/lane widening",
        "roads": [
          {
            "conditionTendency": "",
            "crossStreet": "Dripstone Road",
            "delay": "",
            "impactedLanes": [],
            "locationQualifier": "near",
            "mainStreet": "Mitchell Highway",
            "quadrant": "",
            "queueLength": 0,
            "region": "Central NSW",
            "secondLocation": "",
            "suburb": "Neurea",
            "trafficVolume": ""
          }
        ],
        "isLocalRoad": "State road",
        "CategoryIcon": "Roadworks"
      }
    },
    {
      "type": "Feature",
      "id": 277822,
      "geometry": {
        "type": "Point",
        "coordinates": [
          149.405823,
          -29.563402
        ],
        "collections": []
      },
      "properties": {
        "webLinks": [],
        "headline": "",
        "periods": [
          {
            "closureType": "ROAD_CLOSURE",
            "roadextent": "Affected",
            "roadtype": "",
            "direction": "Both directions",
            "finishTime": "",
            "fromDay": "Every Day",
            "startTime": "all day",
            "toDay": ""
          }
        ],
        "speedLimit": 40,
        "weblinkUrl": null,
        "expectedDelay": -1,
        "ended": false,
        "isNewIncident": false,
        "publicTransport": "",
        "impactingNetwork": false,
        "subCategoryB": null,
        "arrangementAttachments": [],
        "isInitialReport": false,
        "created": 1781216238000,
        "isMajor": false,
        "name": null,
        "subCategoryA": "null",
        "adviceA": "Reduced speed limit",
        "adviceB": "Exercise caution",
        "adviceC": " ",
        "end": 1797577200000,
        "hideEndDate": false,
        "incidentKind": "Planned",
        "mainCategory": "SCHEDULED ROADWORK",
        "lastUpdated": 1786662098907,
        "otherAdvice": "<p>40km/h reduction only where working. 60km/h on approach and on gravel sections. </p>",
        "arrangementElements": [],
        "diversions": "",
        "additionalInfo": [],
        "weblinkName": null,
        "attendingGroups": null,
        "encodedPolylines": [],
        "duration": null,
        "start": 1781208000000,
        "displayName": "SCHEDULED ROADWORK",
        "roads": [
          {
            "conditionTendency": "",
            "crossStreet": "Telleraga Rd",
            "delay": "",
            "impactedLanes": [],
            "locationQualifier": "between",
            "mainStreet": "Gwydir Highway",
            "quadrant": "",
            "queueLength": 0,
            "region": "New England North West",
            "secondLocation": "Wandoo Road",
            "suburb": "Moree",
            "trafficVolume": ""
          }
        ],
        "isLocalRoad": "State road",
        "CategoryIcon": "Roadworks"
      }
    },
    {
      "type": "Feature",
      "id": 271312,
      "geometry": {
        "type": "Point",
        "coordinates": [
          153.0735841,
          -28.8598983
        ],
        "collections": []
      },
      "properties": {
        "webLinks": [],
        "headline": "",
        "periods": [
          {
            "closureType": "ROAD_CLOSURE",
            "roadextent": "Affected",
            "roadtype": "",
            "direction": "Both directions",
            "finishTime": "5:00pm",
            "fromDay": "Weekdays",
            "startTime": "7:00am",
            "toDay": ""
          },
          {
            "closureType": "ROAD_CLOSURE",
            "roadextent": "Affected",
            "roadtype": "",
            "direction": "Both directions",
            "finishTime": "5:00pm",
            "fromDay": "Weekdays",
            "startTime": "7:00am",
            "toDay": ""
          }
        ],
        "speedLimit": 40,
        "weblinkUrl": null,
        "expectedDelay": -1,
        "ended": false,
        "isNewIncident": false,
        "publicTransport": "",
        "impactingNetwork": false,
        "subCategoryB": null,
        "arrangementAttachments": [],
        "isInitialReport": false,
        "created": 1776389170000,
        "isMajor": false,
        "name": null,
        "subCategoryA": "Intersection upgrade",
        "adviceA": "Check signage",
        "adviceB": "Exercise caution",
        "adviceC": "Reduced speed limit",
        "end": 1793512800000,
        "hideEndDate": false,
        "incidentKind": "Planned",
        "mainCategory": "SCHEDULED ROADWORK",
        "lastUpdated": 1786670300591,
        "otherAdvice": "<p>Alternating (stop/slow) traffic conditions will be in place to allow motorists to pass in one direction at a time. Motorists are advised to allow approximately 5 minutes of additional travel time. </p>",
        "arrangementElements": [],
        "diversions": "",
        "additionalInfo": [],
        "weblinkName": null,
        "attendingGroups": null,
        "encodedPolylines": [],
        "duration": null,
        "start": 1776388980000,
        "displayName": "SCHEDULED ROADWORK Intersection upgrade",
        "roads": [
          {
            "conditionTendency": "",
            "crossStreet": "Patricia St",
            "delay": "",
            "impactedLanes": [],
            "locationQualifier": "at",
            "mainStreet": "Bruxner Highway",
            "quadrant": "",
            "queueLength": 0,
            "region": "North Coast NSW",
            "secondLocation": "",
            "suburb": "Casino",
            "trafficVolume": ""
          }
        ],
        "isLocalRoad": "State road",
        "CategoryIcon": "Roadworks"
      }
    },
    {
      "type": "Feature",
      "id": 284713,
      "geometry": {
        "type": "Point",
        "coordinates": [
          147.326882,
          -34.049854
        ],
        "collections": []
      },
      "properties": {
        "webLinks": [],
        "headline": "",
        "periods": [
          {
            "closureType": "ROAD_CLOSURE",
            "roadextent": "Affected",
            "roadtype": "",
            "direction": "Both directions",
            "finishTime": "",
            "fromDay": "Weekdays",
            "startTime": "all day",
            "toDay": ""
          }
        ],
        "speedLimit": -1,
        "weblinkUrl": null,
        "expectedDelay": -1,
        "ended": false,
        "isNewIncident": true,
        "publicTransport": "",
        "impactingNetwork": false,
        "subCategoryB": null,
        "arrangementAttachments": [],
        "isInitialReport": false,
        "created": 1786688855000,
        "isMajor": false,
        "name": null,
        "subCategoryA": "null",
        "adviceA": " ",
        "adviceB": " ",
        "adviceC": " ",
        "end": 1798116300000,
        "hideEndDate": false,
        "incidentKind": "Planned",
        "mainCategory": "SCHEDULED ROADWORK",
        "lastUpdated": 1786688855482,
        "otherAdvice": "<p>Alternating (stop/slow) traffic conditions will be in place to allow motorists to pass in one direction at a time. </p><p>OSOM greater than 4.5M wide are to call UHF CH14 on approach.</p>",
        "arrangementElements": [],
        "diversions": "",
        "additionalInfo": [],
        "weblinkName": null,
        "attendingGroups": null,
        "encodedPolylines": [],
        "duration": null,
        "start": 1787493600000,
        "displayName": "SCHEDULED ROADWORK",
        "roads": [
          {
            "conditionTendency": "",
            "crossStreet": "Clays Lane",
            "delay": "",
            "impactedLanes": [],
            "locationQualifier": "at",
            "mainStreet": "Goldfields Way",
            "quadrant": "",
            "queueLength": 0,
            "region": "Central NSW",
            "secondLocation": "",
            "suburb": "Barmedman",
            "trafficVolume": ""
          }
        ],
        "isLocalRoad": "State road",
        "CategoryIcon": "Roadworks"
      }
    },
    {
      "type": "Feature",
      "id": 285325,
      "geometry": {
        "type": "Point",
        "coordinates": [
          150.719672,
          -33.579823
        ],
        "collections": []
      },
      "properties": {
        "webLinks": [
          {
            "linkText": "New Richmond Bridge - Stage 2",
            "linkURL": "https://www.transport.nsw.gov.au/projects/current-projects/new-richmond-bridge-stage-2"
          }
        ],
        "headline": "",
        "periods": [
          {
            "closureType": "ROAD_CLOSURE",
            "roadextent": "Affected",
            "roadtype": "Road",
            "direction": "Both directions",
            "finishTime": "4:00am",
            "fromDay": "Every Day",
            "startTime": "7:00pm",
            "toDay": ""
          }
        ],
        "speedLimit": -1,
        "weblinkUrl": null,
        "expectedDelay": -1,
        "ended": false,
        "isNewIncident": false,
        "publicTransport": "",
        "impactingNetwork": false,
        "subCategoryB": null,
        "arrangementAttachments": [],
        "isInitialReport": false,
        "created": 1787207481000,
        "isMajor": false,
        "name": null,
        "subCategoryA": "null",
        "adviceA": "Use an alternative route",
        "adviceB": "Plan your journey",
        "adviceC": "Allow extra travel time",
        "end": 1861965900000,
        "hideEndDate": false,
        "incidentKind": "Planned",
        "mainCategory": "SCHEDULED ROADWORK",
        "lastUpdated": 1787207644531,
        "otherAdvice": "<p>Contraflow traffic conditions will be in place to allow motorists to pass in both directions on Bells Line of Rd between Crooked Ln and Bosworth St, Grose Vale Rd, Terrace Rd, Yarramundi Ln, Inalls Ln &amp; Southee Rd</p>",
        "arrangementElements": [],
        "diversions": "<p>Londonderry Rd, Wilshire Rd and Jockbet St, in both directions.</p>",
        "additionalInfo": [],
        "weblinkName": null,
        "attendingGroups": null,
        "encodedPolylines": [],
        "duration": null,
        "start": 1787148000000,
        "displayName": "SCHEDULED ROADWORK New Richmond Bridge Upgrade Stage 2",
        "roads": [
          {
            "conditionTendency": "",
            "crossStreet": "Terrace Road",
            "delay": "",
            "impactedLanes": [],
            "locationQualifier": "at",
            "mainStreet": "Bells Line of Road",
            "quadrant": "",
            "queueLength": 0,
            "region": "Sydney",
            "secondLocation": "",
            "suburb": "Richmond",
            "trafficVolume": ""
          }
        ],
        "isLocalRoad": "Local road",
        "CategoryIcon": "Roadworks"
      }
    },
    {
      "type": "Feature",
      "id": 271696,
      "geometry": {
        "type": "Point",
        "coordinates": [
          144.1107201,
          -34.1974802
        ],
        "collections": []
      },
      "properties": {
        "webLinks": [],
        "headline": "",
        "periods": [
          {
            "closureType": "ROAD_CLOSURE",
            "roadextent": "Affected",
            "roadtype": "",
            "direction": "Both directions",
            "finishTime": "6:00pm",
            "fromDay": "Weekdays",
            "startTime": "7:00am",
            "toDay": ""
          }
        ],
        "speedLimit": 40,
        "weblinkUrl": null,
        "expectedDelay": -1,
        "ended": false,
        "isNewIncident": false,
        "publicTransport": "",
        "impactingNetwork": false,
        "subCategoryB": null,
        "arrangementAttachments": [],
        "isInitialReport": false,
        "created": 1777244462000,
        "isMajor": false,
        "name": null,
        "subCategoryA": "Bridge work",
        "adviceA": "Reduced speed limit",
        "adviceB": "Check signage",
        "adviceC": "Exercise caution",
        "end": 1792134000000,
        "hideEndDate": true,
        "incidentKind": "Planned",
        "mainCategory": "SCHEDULED ROADWORK",
        "lastUpdated": 1787265567807,
        "otherAdvice": "<p>Alternating (stop/slow) traffic conditions will be in place to allow motorists to pass in one direction at a time. Intermittent closures will be in place.</p><p>Traffic controllers will be on site to direct motorists. </p><p>Motorists are advised to allow approximately 5 minutes of additional travel time. </p>",
        "arrangementElements": [],
        "diversions": "",
        "additionalInfo": [],
        "weblinkName": null,
        "attendingGroups": null,
        "encodedPolylines": [],
        "duration": null,
        "start": 1777842000000,
        "displayName": "SCHEDULED ROADWORK Bridge work",
        "roads": [
          {
            "conditionTendency": "",
            "crossStreet": "",
            "delay": "",
            "impactedLanes": [],
            "locationQualifier": "at",
            "mainStreet": "Oxley Road",
            "quadrant": "",
            "queueLength": 0,
            "region": "Riverina",
            "secondLocation": "",
            "suburb": "Oxley",
            "trafficVolume": ""
          }
        ],
        "isLocalRoad": "State road",
        "CategoryIcon": "Roadworks"
      }
    },
    {
      "type": "Feature",
      "id": 261687,
      "geometry": {
        "type": "Point",
        "coordinates": [
          148.2147022,
          -32.6121554
        ],
        "collections": []
      },
      "properties": {
        "webLinks": [],
        "headline": "",
        "periods": [
          {
            "closureType": "ROAD_CLOSURE",
            "roadextent": "Affected",
            "roadtype": "",
            "direction": "Both directions",
            "finishTime": "",
            "fromDay": "Every Day",
            "startTime": "all day",
            "toDay": ""
          }
        ],
        "speedLimit": 80,
        "weblinkUrl": null,
        "expectedDelay": -1,
        "ended": false,
        "isNewIncident": false,
        "publicTransport": "",
        "impactingNetwork": false,
        "subCategoryB": null,
        "arrangementAttachments": [],
        "isInitialReport": false,
        "created": 1768448345000,
        "isMajor": false,
        "name": null,
        "subCategoryA": "Road/lane widening",
        "adviceA": "Check signage",
        "adviceB": "Exercise caution",
        "adviceC": "Reduced speed limit",
        "end": 1793602800000,
        "hideEndDate": false,
        "incidentKind": "Planned",
        "mainCategory": "SCHEDULED ROADWORK",
        "lastUpdated": 1787265799851,
        "otherAdvice": "<p>Motorists are advised to allow approximately 5 minutes of additional travel time.</p><p><strong>The South Tomingley Rest Area will be closed</strong> for up to six months. Temporary toilet facilities are installed at the North Peak Hill Rest Area approximately 11kms south of the South Tomingley Rest Area.</p>",
        "arrangementElements": [],
        "diversions": "",
        "additionalInfo": [],
        "weblinkName": null,
        "attendingGroups": null,
        "encodedPolylines": [],
        "duration": null,
        "start": 1767186000000,
        "displayName": "SCHEDULED ROADWORK",
        "roads": [
          {
            "conditionTendency": "",
            "crossStreet": "",
            "delay": "",
            "impactedLanes": [],
            "locationQualifier": "at",
            "mainStreet": "Newell Highway",
            "quadrant": "",
            "queueLength": 0,
            "region": "Central NSW",
            "secondLocation": "",
            "suburb": "Tomingley",
            "trafficVolume": ""
          }
        ],
        "isLocalRoad": "State road",
        "CategoryIcon": "Roadworks"
      }
    },
    {
      "type": "Feature",
      "id": 245819,
      "geometry": {
        "type": "Point",
        "coordinates": [
          150.087702,
          -35.9230993
        ],
        "collections": []
      },
      "properties": {
        "webLinks": [
          {
            "linkText": "South Moruya roundabout",
            "linkURL": "https://www.esc.nsw.gov.au/council/major-projects/infrastructure/south-moruya-roundabout"
          }
        ],
        "headline": "",
        "periods": [
          {
            "closureType": "ROAD_CLOSURE",
            "roadextent": "Affected",
            "roadtype": "",
            "direction": "Both directions",
            "finishTime": "",
            "fromDay": "Every Day",
            "startTime": "all day",
            "toDay": ""
          }
        ],
        "speedLimit": -1,
        "weblinkUrl": null,
        "expectedDelay": -1,
        "ended": false,
        "isNewIncident": false,
        "publicTransport": "<p>Buses will continue to access the TAFE campus.</p>",
        "impactingNetwork": true,
        "subCategoryB": null,
        "arrangementAttachments": [],
        "isInitialReport": false,
        "created": 1755230974000,
        "isMajor": false,
        "name": null,
        "subCategoryA": "Upgrade",
        "adviceA": "Allow extra travel time",
        "adviceB": "Exercise caution",
        "adviceC": "Reduce your speed",
        "end": 1796215500000,
        "hideEndDate": true,
        "incidentKind": "Planned",
        "mainCategory": "SCHEDULED ROADWORK",
        "lastUpdated": 1787282823839,
        "otherAdvice": "<p>Intermittent impacts to traffic<strong> </strong>will be in place at various times along the Princes Hwy which may include lane closures and stop/slow traffic control.</p><p>Motorists are advised to allow approximately 5 minutes of additional travel time.</p><p><strong>TAFE ACCESS</strong></p><p>From May 1 there will be no right turn from the Princes Highway into the TAFE for general traffic until  work is complete.</p>",
        "arrangementElements": [],
        "diversions": "",
        "additionalInfo": [],
        "weblinkName": null,
        "attendingGroups": null,
        "encodedPolylines": [],
        "duration": null,
        "start": 1754856000000,
        "displayName": "SCHEDULED ROADWORK Upgrade",
        "roads": [
          {
            "conditionTendency": "",
            "crossStreet": "",
            "delay": "",
            "impactedLanes": [],
            "locationQualifier": "at",
            "mainStreet": "Princes Highway",
            "quadrant": "",
            "queueLength": 0,
            "region": "South Coast",
            "secondLocation": "",
            "suburb": "Moruya",
            "trafficVolume": ""
          }
        ],
        "isLocalRoad": "State road",
        "CategoryIcon": "Roadworks"
      }
    },
    {
      "type": "Feature",
      "id": 280721,
      "geometry": {
        "type": "Point",
        "coordinates": [
          150.6885107,
          -34.2121941
        ],
        "collections": []
      },
      "properties": {
        "webLinks": [
          {
            "linkText": "Hume Highway Traffic Impacts",
            "linkURL": "https://www.transport.nsw.gov.au/projects/current-projects/hume-highway-%E2%80%93-traffic-impacts"
          }
        ],
        "headline": "",
        "periods": [
          {
            "closureType": "ROAD_CLOSURE",
            "roadextent": "Affected",
            "roadtype": "",
            "direction": "Both directions",
            "finishTime": "5:00am",
            "fromDay": "Every Day",
            "startTime": "8:00pm",
            "toDay": ""
          }
        ],
        "speedLimit": -1,
        "weblinkUrl": null,
        "expectedDelay": -1,
        "ended": false,
        "isNewIncident": false,
        "publicTransport": "",
        "impactingNetwork": false,
        "subCategoryB": null,
        "arrangementAttachments": [],
        "isInitialReport": false,
        "created": 1783326084000,
        "isMajor": false,
        "name": null,
        "subCategoryA": "null",
        "adviceA": "Reduce your speed",
        "adviceB": "Exercise caution",
        "adviceC": " ",
        "end": 1811703600000,
        "hideEndDate": false,
        "incidentKind": "Planned",
        "mainCategory": "SCHEDULED ROADWORK",
        "lastUpdated": 1787283587298,
        "otherAdvice": "<p>Shoulder closures and either lane closures or contraflow traffic conditions will be in place to allow motorists to pass in both directions. </p>",
        "arrangementElements": [],
        "diversions": "",
        "additionalInfo": [],
        "weblinkName": null,
        "attendingGroups": null,
        "encodedPolylines": [],
        "duration": null,
        "start": 1785664800000,
        "displayName": "SCHEDULED ROADWORK",
        "roads": [
          {
            "conditionTendency": "",
            "crossStreet": "Picton Road",
            "delay": "",
            "impactedLanes": [],
            "locationQualifier": "between",
            "mainStreet": "Hume Motorway",
            "quadrant": "",
            "queueLength": 0,
            "region": "Sydney",
            "secondLocation": "Allens Creek",
            "suburb": "Wilton",
            "trafficVolume": ""
          }
        ],
        "isLocalRoad": "State road",
        "CategoryIcon": "Roadworks"
      }
    },
    {
      "type": "Feature",
      "id": 285184,
      "geometry": {
        "type": "Point",
        "coordinates": [
          150.935488,
          -31.0987339
        ],
        "collections": []
      },
      "properties": {
        "webLinks": [],
        "headline": "",
        "periods": [
          {
            "closureType": "ROAD_CLOSURE",
            "roadextent": "Affected",
            "roadtype": "",
            "direction": "Both directions",
            "finishTime": "6:00pm",
            "fromDay": "Weekdays",
            "startTime": "7:00am",
            "toDay": ""
          },
          {
            "closureType": "ROAD_CLOSURE",
            "roadextent": "Affected",
            "roadtype": "",
            "direction": "Both directions",
            "finishTime": "1:00pm",
            "fromDay": "Saturday",
            "startTime": "8:00am",
            "toDay": ""
          }
        ],
        "speedLimit": -1,
        "weblinkUrl": null,
        "expectedDelay": -1,
        "ended": false,
        "isNewIncident": true,
        "publicTransport": "",
        "impactingNetwork": false,
        "subCategoryB": null,
        "arrangementAttachments": [],
        "isInitialReport": false,
        "created": 1787515267000,
        "isMajor": false,
        "name": null,
        "subCategoryA": "Bridge work",
        "adviceA": "Exercise caution",
        "adviceB": "Check signage",
        "adviceC": " ",
        "end": 1797577200000,
        "hideEndDate": false,
        "incidentKind": "Planned",
        "mainCategory": "SCHEDULED ROADWORK",
        "lastUpdated": 1787515268578,
        "otherAdvice": "<p>Pedestrian walkway leading to the underside of the bridge from either side will be closed for the duration of the project. Pedestrian and cyclists are advised to follow the directions of traffic controllers and detour signs.  </p><p>The pedestrian walkway leading from on top of the bridge will be fully maintained during the project. </p>",
        "arrangementElements": [],
        "diversions": "",
        "additionalInfo": [],
        "weblinkName": null,
        "attendingGroups": null,
        "encodedPolylines": [],
        "duration": null,
        "start": 1788728400000,
        "displayName": "SCHEDULED ROADWORK Bridge work",
        "roads": [
          {
            "conditionTendency": "",
            "crossStreet": "George Fielder Bridge",
            "delay": "",
            "impactedLanes": [],
            "locationQualifier": "at",
            "mainStreet": "Scott Road",
            "quadrant": "",
            "queueLength": 0,
            "region": "New England North West",
            "secondLocation": "",
            "suburb": "Tamworth",
            "trafficVolume": ""
          }
        ],
        "isLocalRoad": "State road",
        "CategoryIcon": "Roadworks"
      }
    },
    {
      "type": "Feature",
      "id": 286260,
      "geometry": {
        "type": "Point",
        "coordinates": [
          150.9219643,
          -33.9394262
        ],
        "collections": []
      },
      "properties": {
        "webLinks": [],
        "headline": "",
        "periods": [
          {
            "closureType": "ROAD_CLOSURE",
            "roadextent": "Affected",
            "roadtype": "",
            "direction": "Westbound",
            "finishTime": "",
            "fromDay": "Every Day",
            "startTime": "all day",
            "toDay": ""
          }
        ],
        "speedLimit": -1,
        "weblinkUrl": null,
        "expectedDelay": -1,
        "ended": false,
        "isNewIncident": false,
        "publicTransport": "",
        "impactingNetwork": false,
        "subCategoryB": null,
        "arrangementAttachments": [],
        "isInitialReport": false,
        "created": 1787739446000,
        "isMajor": false,
        "name": null,
        "subCategoryA": "null",
        "adviceA": "Check signage",
        "adviceB": "Exercise caution",
        "adviceC": " ",
        "end": 1893416400000,
        "hideEndDate": true,
        "incidentKind": "Planned",
        "mainCategory": "SCHEDULED ROADWORK",
        "lastUpdated": 1787739529664,
        "otherAdvice": "<p>The length of the westbound on-ramp from Moorebank Ave will be temporarily reduced by 20 metres.</p>",
        "arrangementElements": [],
        "diversions": "",
        "additionalInfo": [],
        "weblinkName": null,
        "attendingGroups": null,
        "encodedPolylines": [],
        "duration": null,
        "start": 1788202800000,
        "displayName": "SCHEDULED ROADWORK",
        "roads": [
          {
            "conditionTendency": "",
            "crossStreet": "Moorebank Avenue",
            "delay": "",
            "impactedLanes": [],
            "locationQualifier": "at",
            "mainStreet": "M5 Motorway",
            "quadrant": "",
            "queueLength": 0,
            "region": "Sydney",
            "secondLocation": "",
            "suburb": "Moorebank",
            "trafficVolume": ""
          }
        ],
        "isLocalRoad": "State road",
        "CategoryIcon": "Roadworks"
      }
    },
    {
      "type": "Feature",
      "id": 282757,
      "geometry": {
        "type": "Point",
        "coordinates": [
          148.904124,
          -32.469858
        ],
        "collections": []
      },
      "properties": {
        "webLinks": [],
        "headline": "",
        "periods": [
          {
            "closureType": "ROAD_CLOSURE",
            "roadextent": "Affected",
            "roadtype": "",
            "direction": "Both directions",
            "finishTime": "",
            "fromDay": "Every Day",
            "startTime": "all day",
            "toDay": ""
          }
        ],
        "speedLimit": 60,
        "weblinkUrl": null,
        "expectedDelay": -1,
        "ended": false,
        "isNewIncident": false,
        "publicTransport": "",
        "impactingNetwork": false,
        "subCategoryB": null,
        "arrangementAttachments": [
          {
            "displayName": "MaryvaleRdDetour",
            "fileName": "MaryvaleRdDetour.png",
            "fileType": "PNG",
            "linkName": "MaryvaleRdDetour",
            "sizeInBytes": 497557,
            "uniqueFileName": "851216_1785200278179_MaryvaleRdDetour.png"
          }
        ],
        "isInitialReport": false,
        "created": 1785718741000,
        "isMajor": false,
        "name": null,
        "subCategoryA": "Upgrade",
        "adviceA": "Use diversions",
        "adviceB": "Allow extra travel time",
        "adviceC": "Reduced speed limit",
        "end": 1795762800000,
        "hideEndDate": false,
        "incidentKind": "Planned",
        "mainCategory": "SCHEDULED ROADWORK",
        "lastUpdated": 1787889868745,
        "otherAdvice": "<p>UGL Regional Linx, on behalf of Transport for NSW, is upgrading the level crossing at Maryvale Road, Maryvale. </p><p><strong>The level crossing will be closed from 6am Monday 10 August to 6pm Friday 4 September (see detours below).</strong></p><p>Single lane closures and a reduced speed limit will be in place from 30 August until 27 November.</p>",
        "arrangementElements": [],
        "diversions": "<p>To access the Mitchell Highway northbound from Maryvale Road: Seatonville Road, Combo Road, Grangeview Lane and Gravel Pit Lane. Allow approximately 14 minutes travel time.</p><p> </p><p>To access the Mitchell Highway southbound from Maryvale Road: Maryvale Rd, Saxa Road. Allow approximately 7 minutes travel time.</p>",
        "additionalInfo": [],
        "weblinkName": null,
        "attendingGroups": null,
        "encodedPolylines": [],
        "duration": null,
        "start": 1786305600000,
        "displayName": "SCHEDULED ROADWORK Upgrade",
        "roads": [
          {
            "conditionTendency": "",
            "crossStreet": "level crossing",
            "delay": "",
            "impactedLanes": [],
            "locationQualifier": "-",
            "mainStreet": "Maryvale Road",
            "quadrant": "",
            "queueLength": 0,
            "region": "Central NSW",
            "secondLocation": "",
            "suburb": "Maryvale",
            "trafficVolume": ""
          }
        ],
        "isLocalRoad": "State road",
        "CategoryIcon": "Roadworks"
      }
    },
    {
      "type": "Feature",
      "id": 285467,
      "geometry": {
        "type": "Point",
        "coordinates": [
          150.894096,
          -34.3878763
        ],
        "collections": []
      },
      "properties": {
        "webLinks": [],
        "headline": "",
        "periods": [
          {
            "closureType": "ROAD_CLOSURE",
            "roadextent": "Affected",
            "roadtype": "",
            "direction": "Both directions",
            "finishTime": "5:00am",
            "fromDay": "Sunday",
            "startTime": "8:00pm",
            "toDay": ""
          },
          {
            "closureType": "ROAD_CLOSURE",
            "roadextent": "Affected",
            "roadtype": "",
            "direction": "Both directions",
            "finishTime": "5:00am",
            "fromDay": "Monday",
            "startTime": "8:00pm",
            "toDay": ""
          },
          {
            "closureType": "ROAD_CLOSURE",
            "roadextent": "Affected",
            "roadtype": "",
            "direction": "Both directions",
            "finishTime": "5:00am",
            "fromDay": "Tuesday",
            "startTime": "8:00pm",
            "toDay": ""
          },
          {
            "closureType": "ROAD_CLOSURE",
            "roadextent": "Affected",
            "roadtype": "",
            "direction": "Both directions",
            "finishTime": "5:00am",
            "fromDay": "Wednesday",
            "startTime": "8:00pm",
            "toDay": ""
          },
          {
            "closureType": "ROAD_CLOSURE",
            "roadextent": "Affected",
            "roadtype": "",
            "direction": "Both directions",
            "finishTime": "5:00am",
            "fromDay": "Thursday",
            "startTime": "8:00pm",
            "toDay": ""
          }
        ],
        "speedLimit": 40,
        "weblinkUrl": null,
        "expectedDelay": -1,
        "ended": false,
        "isNewIncident": true,
        "publicTransport": "",
        "impactingNetwork": false,
        "subCategoryB": null,
        "arrangementAttachments": [
          {
            "displayName": "Work_Area",
            "fileName": "Work_Area.png",
            "fileType": "PNG",
            "linkName": "Work_Area",
            "sizeInBytes": 64864,
            "uniqueFileName": "967650_1787275103242_Work_Area.png"
          }
        ],
        "isInitialReport": false,
        "created": 1788139097000,
        "isMajor": false,
        "name": null,
        "subCategoryA": "null",
        "adviceA": "Reduced speed limit",
        "adviceB": "Check signage",
        "adviceC": " ",
        "end": 1792087200000,
        "hideEndDate": false,
        "incidentKind": "Planned",
        "mainCategory": "SCHEDULED ROADWORK",
        "lastUpdated": 1788139097940,
        "otherAdvice": "<p>Traffic lights in the area may be blacked out or flashing yellow.</p><p>Alternating (stop/slow) traffic conditions will be in place to allow motorists to pass in one direction at a time. </p><p><br></p>",
        "arrangementElements": [],
        "diversions": "",
        "additionalInfo": [],
        "weblinkName": null,
        "attendingGroups": null,
        "encodedPolylines": [],
        "duration": null,
        "start": 1788688800000,
        "displayName": "SCHEDULED ROADWORK",
        "roads": [
          {
            "conditionTendency": "",
            "crossStreet": "Jardine St",
            "delay": "",
            "impactedLanes": [],
            "locationQualifier": "at",
            "mainStreet": "Princes Highway",
            "quadrant": "",
            "queueLength": 0,
            "region": "South Coast",
            "secondLocation": "",
            "suburb": "Fairy Meadow",
            "trafficVolume": ""
          }
        ],
        "isLocalRoad": "State road",
        "CategoryIcon": "Roadworks"
      }
    },
    {
      "type": "Feature",
      "id": 256418,
      "geometry": {
        "type": "Point",
        "coordinates": [
          148.7976611,
          -32.3634849
        ],
        "collections": []
      },
      "properties": {
        "webLinks": [],
        "headline": "",
        "periods": [
          {
            "closureType": "ROAD_CLOSURE",
            "roadextent": "Affected",
            "roadtype": "",
            "direction": "Both directions",
            "finishTime": "",
            "fromDay": "Every Day",
            "startTime": "all day",
            "toDay": ""
          }
        ],
        "speedLimit": 40,
        "weblinkUrl": null,
        "expectedDelay": -1,
        "ended": false,
        "isNewIncident": false,
        "publicTransport": "",
        "impactingNetwork": true,
        "subCategoryB": null,
        "arrangementAttachments": [],
        "isInitialReport": false,
        "created": 1763682355000,
        "isMajor": false,
        "name": null,
        "subCategoryA": "null",
        "adviceA": "Reduced speed limit",
        "adviceB": "Check signage",
        "adviceC": " ",
        "end": 1814316300000,
        "hideEndDate": true,
        "incidentKind": "Planned",
        "mainCategory": "SCHEDULED ROADWORK",
        "lastUpdated": 1788141934196,
        "otherAdvice": "<p>Traffic controllers will be on site to direct motorists at multiple work sites between Wellington and Dubbo. Alternating (stop/slow) traffic conditions will be in place to allow motorists to pass in one direction at a time.</p><p>Reduced speed limit of 60 km/h in place outside work hours (6am - 6pm, Mon - Fri)</p><p>Motorists are advised to allow approximately 10 minutes of additional travel time between Wellington and Dubbo.</p>",
        "arrangementElements": [],
        "diversions": "",
        "additionalInfo": [],
        "weblinkName": null,
        "attendingGroups": null,
        "encodedPolylines": [],
        "duration": null,
        "start": 1763928000000,
        "displayName": "SCHEDULED ROADWORK",
        "roads": [
          {
            "conditionTendency": "",
            "crossStreet": "Wongarbon",
            "delay": "",
            "impactedLanes": [],
            "locationQualifier": "near",
            "mainStreet": "Mitchell Hwy",
            "quadrant": "",
            "queueLength": 0,
            "region": "Central NSW",
            "secondLocation": "",
            "suburb": "Dubbo",
            "trafficVolume": ""
          }
        ],
        "isLocalRoad": "State road",
        "CategoryIcon": "Roadworks"
      }
    },
    {
      "type": "Feature",
      "id": 286709,
      "geometry": {
        "type": "Point",
        "coordinates": [
          151.1247269,
          -33.8793368
        ],
        "collections": []
      },
      "properties": {
        "webLinks": [],
        "headline": "",
        "periods": [
          {
            "closureType": "ROAD_CLOSURE",
            "roadextent": "Affected",
            "roadtype": "",
            "direction": "All directions",
            "finishTime": "5:00am",
            "fromDay": "Sunday",
            "startTime": "10:00pm",
            "toDay": ""
          },
          {
            "closureType": "ROAD_CLOSURE",
            "roadextent": "Affected",
            "roadtype": "",
            "direction": "All directions",
            "finishTime": "5:00am",
            "fromDay": "Monday",
            "startTime": "10:00pm",
            "toDay": ""
          },
          {
            "closureType": "ROAD_CLOSURE",
            "roadextent": "Affected",
            "roadtype": "",
            "direction": "All directions",
            "finishTime": "5:00am",
            "fromDay": "Tuesday",
            "startTime": "10:00pm",
            "toDay": ""
          },
          {
            "closureType": "ROAD_CLOSURE",
            "roadextent": "Affected",
            "roadtype": "",
            "direction": "All directions",
            "finishTime": "5:00am",
            "fromDay": "Wednesday",
            "startTime": "10:00pm",
            "toDay": ""
          },
          {
            "closureType": "ROAD_CLOSURE",
            "roadextent": "Affected",
            "roadtype": "",
            "direction": "All directions",
            "finishTime": "5:00am",
            "fromDay": "Thursday",
            "startTime": "10:00pm",
            "toDay": ""
          }
        ],
        "speedLimit": -1,
        "weblinkUrl": null,
        "expectedDelay": -1,
        "ended": false,
        "isNewIncident": true,
        "publicTransport": "",
        "impactingNetwork": false,
        "subCategoryB": null,
        "arrangementAttachments": [],
        "isInitialReport": false,
        "created": 1788155782000,
        "isMajor": false,
        "name": null,
        "subCategoryA": "null",
        "adviceA": "Follow directions on site",
        "adviceB": "Allow extra travel time",
        "adviceC": "Exercise caution",
        "end": 1791742500000,
        "hideEndDate": false,
        "incidentKind": "Planned",
        "mainCategory": "SCHEDULED ROADWORK",
        "lastUpdated": 1788155783051,
        "otherAdvice": "<p>Alternating (stop/slow) traffic conditions will be in place to allow motorists to pass in one direction at a time.</p><p>Work will not occur on Mon 5 Oct.</p>",
        "arrangementElements": [],
        "diversions": "",
        "additionalInfo": [],
        "weblinkName": null,
        "attendingGroups": null,
        "encodedPolylines": [],
        "duration": null,
        "start": 1789992000000,
        "displayName": "SCHEDULED ROADWORK",
        "roads": [
          {
            "conditionTendency": "",
            "crossStreet": "Church Street",
            "delay": "",
            "impactedLanes": [],
            "locationQualifier": "between",
            "mainStreet": "Frederick Street",
            "quadrant": "",
            "queueLength": 0,
            "region": "Sydney",
            "secondLocation": "John Street",
            "suburb": "Ashfield",
            "trafficVolume": ""
          }
        ],
        "isLocalRoad": "State road",
        "CategoryIcon": "Roadworks"
      }
    },
    {
      "type": "Feature",
      "id": 200251,
      "geometry": {
        "type": "Point",
        "coordinates": [
          153.1313623,
          -30.253
        ],
        "collections": [
          {
            "type": "Point",
            "coordinates": [
              153.085266,
              -30.320941
            ]
          }
        ]
      },
      "properties": {
        "webLinks": [
          {
            "linkText": "Coffs Harbour Bypass",
            "linkURL": "https://pacifichighway.nsw.gov.au/coffsharbourbypass"
          },
          {
            "linkText": "Plan your journey",
            "linkURL": "https://oeappcoffsbypass.net/journey-planner"
          }
        ],
        "headline": "",
        "periods": [
          {
            "closureType": "ROAD_CLOSURE",
            "roadextent": "Affected",
            "roadtype": "",
            "direction": "Both directions",
            "finishTime": "6:00pm",
            "fromDay": "Weekdays",
            "startTime": "7:00am",
            "toDay": ""
          },
          {
            "closureType": "ROAD_CLOSURE",
            "roadextent": "Affected",
            "roadtype": "",
            "direction": "Both directions",
            "finishTime": "1:00pm",
            "fromDay": "Saturday",
            "startTime": "8:00am",
            "toDay": ""
          }
        ],
        "speedLimit": 60,
        "weblinkUrl": null,
        "expectedDelay": -1,
        "ended": false,
        "isNewIncident": false,
        "publicTransport": "",
        "impactingNetwork": true,
        "subCategoryB": null,
        "arrangementAttachments": [],
        "isInitialReport": false,
        "created": 1719791397000,
        "isMajor": false,
        "name": null,
        "subCategoryA": "null",
        "adviceA": "Reduced speed limit",
        "adviceB": "Plan your journey",
        "adviceC": "Allow extra travel time",
        "end": 1798700400000,
        "hideEndDate": false,
        "incidentKind": "Planned",
        "mainCategory": "SCHEDULED ROADWORK",
        "lastUpdated": 1788217887049,
        "otherAdvice": "<p>Some work may be required outside of day hours.</p><ul><li>James Small Drive (north) intersection with Pacific Highway is closed to all traffic. Access via Korora Interchange and James Small Drive (south).</li><li>Charlesworth Bay Road has reopened to left in left out at the intersection with the Pacific Highway.</li></ul>",
        "arrangementElements": [],
        "diversions": "",
        "additionalInfo": [],
        "weblinkName": null,
        "attendingGroups": null,
        "encodedPolylines": [],
        "duration": null,
        "start": 1774900800000,
        "displayName": "Coffs Harbour Bypass",
        "roads": [
          {
            "conditionTendency": "",
            "crossStreet": "",
            "delay": "",
            "impactedLanes": [],
            "locationQualifier": "at",
            "mainStreet": "Pacific Highway",
            "quadrant": "",
            "queueLength": 0,
            "region": "North Coast NSW",
            "secondLocation": "",
            "suburb": "Coffs Harbour",
            "trafficVolume": ""
          }
        ],
        "isLocalRoad": "State road",
        "CategoryIcon": "Roadworks"
      }
    },
    {
      "type": "Feature",
      "id": 285099,
      "geometry": {
        "type": "Point",
        "coordinates": [
          147.3595515,
          -34.1068919
        ],
        "collections": []
      },
      "properties": {
        "webLinks": [],
        "headline": "",
        "periods": [
          {
            "closureType": "ROAD_CLOSURE",
            "roadextent": "Affected",
            "roadtype": "",
            "direction": "Both directions",
            "finishTime": "",
            "fromDay": "Weekdays",
            "startTime": "all day",
            "toDay": ""
          }
        ],
        "speedLimit": 40,
        "weblinkUrl": null,
        "expectedDelay": -1,
        "ended": false,
        "isNewIncident": false,
        "publicTransport": "",
        "impactingNetwork": false,
        "subCategoryB": null,
        "arrangementAttachments": [
          {
            "displayName": "Work_Area",
            "fileName": "Work_Area.png",
            "fileType": "PNG",
            "linkName": "Work_Area",
            "sizeInBytes": 93958,
            "uniqueFileName": "285391_1787034949449_Work_Area.png"
          }
        ],
        "isInitialReport": false,
        "created": 1787034982000,
        "isMajor": false,
        "name": null,
        "subCategoryA": "null",
        "adviceA": "Reduced speed limit",
        "adviceB": "Check signage",
        "adviceC": " ",
        "end": 1803798000000,
        "hideEndDate": false,
        "incidentKind": "Planned",
        "mainCategory": "SCHEDULED ROADWORK",
        "lastUpdated": 1788306508211,
        "otherAdvice": "<p>Single lane closures will be in place 24/7.</p><p>Traffic controllers will be on site to direct motorists.</p>",
        "arrangementElements": [
          {
            "html": "<p><strong>Vehicles wider than 5 metres must contact the project team two days before travel on 0436 664 619 to arrange access.</strong></p><p>OSOM vehicles under 5 metres should contact traffic control on approach to the site for assistance through the work area. </p><p>Vehicles travelling under a permit must not travel off the approved route listed in their permit unless an updated permit is obtained from the National Heavy Vehicle Regulator (NHVR).</p><p>Please review the <a href=\"https://cst-freightbranchstakeholderengagement.createsend1.com/t/j-i-wujldtd-l-j/\" rel=\"noopener noreferrer\" target=\"_blank\">Restricted Access Vehicles map</a> to help you plan an alternative route if required.  </p><p>Unless specified otherwise, operators of Class 1,2 &amp; 3 vehicles travelling under a Notice <strong>must</strong> consult their relevant enforceable network map to confirm a suitable <strong>approved</strong> alternate route. </p><p>Operators of Class 1, 2 &amp; 3 vehicles travelling under a Permit <strong>must not</strong> travel off the approved route listed in the permit unless an updated permit is obtained from the NHVR.</p>",
            "title": "Advice for OSOM Operators",
            "id": "903206"
          }
        ],
        "diversions": "",
        "additionalInfo": [],
        "weblinkName": null,
        "attendingGroups": null,
        "encodedPolylines": [],
        "duration": null,
        "start": 1787515200000,
        "displayName": "SCHEDULED ROADWORK",
        "roads": [
          {
            "conditionTendency": "",
            "crossStreet": "Maitlands Ln",
            "delay": "",
            "impactedLanes": [],
            "locationQualifier": "approaching",
            "mainStreet": "Goldfields Way",
            "quadrant": "",
            "queueLength": 0,
            "region": "Central NSW",
            "secondLocation": "",
            "suburb": "Barmedman",
            "trafficVolume": ""
          }
        ],
        "isLocalRoad": "State road",
        "CategoryIcon": "Roadworks"
      }
    },
    {
      "type": "Feature",
      "id": 276798,
      "geometry": {
        "type": "Point",
        "coordinates": [
          151.1047677,
          -33.7244916
        ],
        "collections": []
      },
      "properties": {
        "webLinks": [],
        "headline": "",
        "periods": [
          {
            "closureType": "ROAD_CLOSURE",
            "roadextent": "Closed",
            "roadtype": "Tunnel",
            "direction": "Both directions",
            "finishTime": "5:00am",
            "fromDay": "Monday",
            "startTime": "9:00pm",
            "toDay": ""
          },
          {
            "closureType": "ROAD_CLOSURE",
            "roadextent": "Closed",
            "roadtype": "Tunnel",
            "direction": "Both directions",
            "finishTime": "5:00am",
            "fromDay": "Tuesday",
            "startTime": "9:00pm",
            "toDay": ""
          },
          {
            "closureType": "ROAD_CLOSURE",
            "roadextent": "Closed",
            "roadtype": "Tunnel",
            "direction": "Both directions",
            "finishTime": "5:00am",
            "fromDay": "Wednesday",
            "startTime": "9:00pm",
            "toDay": ""
          }
        ],
        "speedLimit": -1,
        "weblinkUrl": null,
        "expectedDelay": -1,
        "ended": false,
        "isNewIncident": false,
        "publicTransport": "",
        "impactingNetwork": true,
        "subCategoryB": null,
        "arrangementAttachments": [],
        "isInitialReport": false,
        "created": 1785125146000,
        "isMajor": false,
        "name": null,
        "subCategoryA": "Maintenance",
        "adviceA": "Use diversions",
        "adviceB": "Plan your journey",
        "adviceC": "Allow extra travel time",
        "end": 1793816100000,
        "hideEndDate": false,
        "incidentKind": "Planned",
        "mainCategory": "SCHEDULED ROADWORK",
        "lastUpdated": 1788462004727,
        "otherAdvice": "",
        "arrangementElements": [],
        "diversions": "<p>All vehicles should use Pennant Hills Rd instead and can join the M1 Pacific Mwy at Wahroonga or the M2 Mwy at West Pennant Hills.</p><p><em>Trucks and buses will not be fined for using Pennant Hills Rd when the M11 Mwy (NorthConnex) is closed.</em></p>",
        "additionalInfo": [],
        "weblinkName": null,
        "attendingGroups": null,
        "encodedPolylines": [],
        "duration": null,
        "start": 1793613600000,
        "displayName": "SCHEDULED ROADWORK Maintenance",
        "roads": [
          {
            "conditionTendency": "",
            "crossStreet": "M1 Pacific Motorway",
            "delay": "",
            "impactedLanes": [],
            "locationQualifier": "between",
            "mainStreet": "M11 Motorway (NorthConnex)",
            "quadrant": "",
            "queueLength": 0,
            "region": "Sydney",
            "secondLocation": "Pennant Hills Road/M2 Motorway",
            "suburb": "Wahroonga to Carlingford",
            "trafficVolume": ""
          }
        ],
        "isLocalRoad": "State road",
        "CategoryIcon": "Roadworks"
      }
    },
    {
      "type": "Feature",
      "id": 287112,
      "geometry": {
        "type": "Point",
        "coordinates": [
          147.1623882,
          -33.9546481
        ],
        "collections": []
      },
      "properties": {
        "webLinks": [],
        "headline": "",
        "periods": [
          {
            "closureType": "ROAD_CLOSURE",
            "roadextent": "Affected",
            "roadtype": "Highway",
            "direction": "Both directions",
            "finishTime": "6:00pm",
            "fromDay": "Weekdays",
            "startTime": "6:00am",
            "toDay": ""
          },
          {
            "closureType": "ROAD_CLOSURE",
            "roadextent": "Affected",
            "roadtype": "Highway",
            "direction": "Both directions",
            "finishTime": "5:00pm",
            "fromDay": "Saturday",
            "startTime": "7:00am",
            "toDay": ""
          }
        ],
        "speedLimit": 40,
        "weblinkUrl": null,
        "expectedDelay": -1,
        "ended": false,
        "isNewIncident": true,
        "publicTransport": "",
        "impactingNetwork": true,
        "subCategoryB": null,
        "arrangementAttachments": [],
        "isInitialReport": false,
        "created": 1788476403000,
        "isMajor": false,
        "name": null,
        "subCategoryA": "Maintenance",
        "adviceA": "Reduced speed limit",
        "adviceB": "Check signage",
        "adviceC": "Exercise caution",
        "end": 1797404400000,
        "hideEndDate": false,
        "incidentKind": "Planned",
        "mainCategory": "SCHEDULED ROADWORK",
        "lastUpdated": 1788476403496,
        "otherAdvice": "<p>Traffic control and single lane closure will be in place.</p>",
        "arrangementElements": [],
        "diversions": "",
        "additionalInfo": [],
        "weblinkName": null,
        "attendingGroups": null,
        "encodedPolylines": [],
        "duration": null,
        "start": 1788724800000,
        "displayName": "SCHEDULED ROADWORK Maintenance",
        "roads": [
          {
            "conditionTendency": "",
            "crossStreet": "",
            "delay": "",
            "impactedLanes": [],
            "locationQualifier": "at",
            "mainStreet": "Newell Highway",
            "quadrant": "",
            "queueLength": 0,
            "region": "Central NSW",
            "secondLocation": "",
            "suburb": "South of West Wyalong",
            "trafficVolume": ""
          }
        ],
        "isLocalRoad": "State road",
        "CategoryIcon": "Roadworks"
      }
    },
    {
      "type": "Feature",
      "id": 287119,
      "geometry": {
        "type": "Point",
        "coordinates": [
          151.543751,
          -32.7316806
        ],
        "collections": []
      },
      "properties": {
        "webLinks": [],
        "headline": "",
        "periods": [
          {
            "closureType": "ROAD_CLOSURE",
            "roadextent": "Affected",
            "roadtype": "",
            "direction": "Both directions",
            "finishTime": "",
            "fromDay": "Every Day",
            "startTime": "all day",
            "toDay": ""
          }
        ],
        "speedLimit": -1,
        "weblinkUrl": null,
        "expectedDelay": -1,
        "ended": false,
        "isNewIncident": true,
        "publicTransport": "",
        "impactingNetwork": false,
        "subCategoryB": null,
        "arrangementAttachments": [],
        "isInitialReport": false,
        "created": 1788477809000,
        "isMajor": false,
        "name": null,
        "subCategoryA": "Surveying",
        "adviceA": "Allow extra travel time",
        "adviceB": "Reduce your speed",
        "adviceC": "Check signage",
        "end": 1795818060000,
        "hideEndDate": false,
        "incidentKind": "Planned",
        "mainCategory": "SCHEDULED ROADWORK",
        "lastUpdated": 1788477809625,
        "otherAdvice": "<p>Geotechnical and survey investigations are currently being carried out to help inform the New England Highway – Maitland Westbound Upgrade project, with intermittent work in the area until the end of November, weather permitting.  </p><p>Both day and night work may require intermittent single lane closures. Traffic controllers will be on site to direct motorists.</p><p>OSOM are advised to call ahead on UHF channel 45 to be escorted through the site. </p>",
        "arrangementElements": [],
        "diversions": "",
        "additionalInfo": [],
        "weblinkName": null,
        "attendingGroups": null,
        "encodedPolylines": [],
        "duration": null,
        "start": 1788736800000,
        "displayName": "SCHEDULED ROADWORK Surveying",
        "roads": [
          {
            "conditionTendency": "",
            "crossStreet": "Cessnock Rd",
            "delay": "",
            "impactedLanes": [],
            "locationQualifier": "at",
            "mainStreet": "New England Highway",
            "quadrant": "",
            "queueLength": 0,
            "region": "Hunter",
            "secondLocation": "",
            "suburb": "Maitland",
            "trafficVolume": ""
          }
        ],
        "isLocalRoad": "State road",
        "CategoryIcon": "Roadworks"
      }
    },
    {
      "type": "Feature",
      "id": 285059,
      "geometry": {
        "type": "Point",
        "coordinates": [
          152.7916427,
          -30.4228891
        ],
        "collections": []
      },
      "properties": {
        "webLinks": [
          {
            "linkText": "Sign up for SMS alerts",
            "linkURL": "https://www.transport.nsw.gov.au/projects/current-projects/waterfall-way"
          }
        ],
        "headline": "",
        "periods": [
          {
            "closureType": "ROAD_CLOSURE",
            "roadextent": "Affected",
            "roadtype": "",
            "direction": "Westbound",
            "finishTime": "6:00pm",
            "fromDay": "Every Day",
            "startTime": "6:00am",
            "toDay": ""
          }
        ],
        "speedLimit": 40,
        "weblinkUrl": null,
        "expectedDelay": -1,
        "ended": false,
        "isNewIncident": false,
        "publicTransport": "",
        "impactingNetwork": true,
        "subCategoryB": null,
        "arrangementAttachments": [],
        "isInitialReport": false,
        "created": 1787018694000,
        "isMajor": false,
        "name": null,
        "subCategoryA": "Resurfacing",
        "adviceA": "Allow extra travel time",
        "adviceB": "Check signage",
        "adviceC": "Reduced speed limit",
        "end": 1798095600000,
        "hideEndDate": false,
        "incidentKind": "Planned",
        "mainCategory": "SCHEDULED ROADWORK",
        "lastUpdated": 1788484922542,
        "otherAdvice": "<p>Alternating (stop/slow) traffic conditions will be in place to allow motorists to pass in one direction at a time.</p><p>Motorists are advised to allow approximately 10 minutes of additional travel time.</p><p>Outside of work hours, 60km/h.</p>",
        "arrangementElements": [],
        "diversions": "",
        "additionalInfo": [],
        "weblinkName": null,
        "attendingGroups": null,
        "encodedPolylines": [],
        "duration": null,
        "start": 1788120000000,
        "displayName": "SCHEDULED ROADWORK",
        "roads": [
          {
            "conditionTendency": "",
            "crossStreet": "Myers Bluff",
            "delay": "",
            "impactedLanes": [],
            "locationQualifier": "near",
            "mainStreet": "Waterfall Way",
            "quadrant": "",
            "queueLength": 0,
            "region": "North Coast NSW",
            "secondLocation": "",
            "suburb": "Thora",
            "trafficVolume": ""
          }
        ],
        "isLocalRoad": "State road",
        "CategoryIcon": "Roadworks"
      }
    },
    {
      "type": "Feature",
      "id": 287134,
      "geometry": {
        "type": "Point",
        "coordinates": [
          150.8822285,
          -31.327517
        ],
        "collections": []
      },
      "properties": {
        "webLinks": [],
        "headline": "",
        "periods": [
          {
            "closureType": "ROAD_CLOSURE",
            "roadextent": "Affected",
            "roadtype": "Highway",
            "direction": "Both directions",
            "finishTime": "5:00pm",
            "fromDay": "Weekdays",
            "startTime": "6:30am",
            "toDay": ""
          }
        ],
        "speedLimit": 40,
        "weblinkUrl": null,
        "expectedDelay": -1,
        "ended": false,
        "isNewIncident": true,
        "publicTransport": "",
        "impactingNetwork": false,
        "subCategoryB": null,
        "arrangementAttachments": [],
        "isInitialReport": false,
        "created": 1788489534000,
        "isMajor": false,
        "name": null,
        "subCategoryA": "null",
        "adviceA": "Reduced speed limit",
        "adviceB": "Check signage",
        "adviceC": "Exercise caution",
        "end": 1806472800000,
        "hideEndDate": false,
        "incidentKind": "Planned",
        "mainCategory": "SCHEDULED ROADWORK",
        "lastUpdated": 1788489535151,
        "otherAdvice": "<p>Portable traffic lights will allow motorists to pass in one direction at a time. Motorists are advised to allow approximately 5 minutes of additional travel time. </p>",
        "arrangementElements": [],
        "diversions": "",
        "additionalInfo": [],
        "weblinkName": null,
        "attendingGroups": null,
        "encodedPolylines": [],
        "duration": null,
        "start": 1788208200000,
        "displayName": "SCHEDULED ROADWORK",
        "roads": [
          {
            "conditionTendency": "",
            "crossStreet": "",
            "delay": "",
            "impactedLanes": [],
            "locationQualifier": "at",
            "mainStreet": "New England Highway",
            "quadrant": "",
            "queueLength": 0,
            "region": "New England North West",
            "secondLocation": "",
            "suburb": "Gowrie",
            "trafficVolume": ""
          }
        ],
        "isLocalRoad": "State road",
        "CategoryIcon": "Roadworks"
      }
    },
    {
      "type": "Feature",
      "id": 278083,
      "geometry": {
        "type": "Point",
        "coordinates": [
          148.4813107,
          -34.8045427
        ],
        "collections": []
      },
      "properties": {
        "webLinks": [
          {
            "linkText": "Hume Highway Traffic Impacts",
            "linkURL": "https://www.transport.nsw.gov.au/projects/current-projects/hume-highway-%E2%80%93-traffic-impacts"
          }
        ],
        "headline": "",
        "periods": [
          {
            "closureType": "ROAD_CLOSURE",
            "roadextent": "Affected",
            "roadtype": "",
            "direction": "Both directions",
            "finishTime": "",
            "fromDay": "Every Day",
            "startTime": "all day",
            "toDay": ""
          }
        ],
        "speedLimit": -1,
        "weblinkUrl": null,
        "expectedDelay": -1,
        "ended": false,
        "isNewIncident": false,
        "publicTransport": "",
        "impactingNetwork": true,
        "subCategoryB": null,
        "arrangementAttachments": [],
        "isInitialReport": false,
        "created": 1781490223000,
        "isMajor": false,
        "name": null,
        "subCategoryA": "Upgrade",
        "adviceA": "Reduce your speed",
        "adviceB": "Check signage",
        "adviceC": "Allow extra travel time",
        "end": 1793426400000,
        "hideEndDate": false,
        "incidentKind": "Planned",
        "mainCategory": "SCHEDULED ROADWORK",
        "lastUpdated": 1788678059797,
        "otherAdvice": "<p>Contraflow traffic conditions will be in place to allow motorists to pass in both directions.</p><p>Motorists are advised to allow approximately 10 minutes of additional travel time.</p><p><strong>OSOM vehicles over 4.5m wide will be required to pull over</strong> into the designated parking bays at the Steam Engine Hill and Gowlands rest areas and follow the instructions displayed on the variable message signs to call traffic control to gain access through the work area.</p>",
        "arrangementElements": [
          {
            "html": "<p><strong>OSOM vehicles over 4.5m wide will be required to pull over</strong> into the designated parking bays at the Steam Engine Hill and Gowlands rest areas and follow the instructions displayed on the variable message signs to call traffic control to gain access through the work area.</p><p>Additional heavy vehicle rest areas are also available at: </p><ul><li>Conroys Gap Rest Area (Southbound) - 26km south (approx. 16 mins) </li><li>Jugiong Hill Rest Area (Northbound) - 20km south (approx. 14 mins) </li></ul><p>Vehicles travelling under a permit must not travel off the approved route listed in their permit unless an updated permit is obtained from the National Heavy Vehicle Regulator (NHVR).</p><p>Please review the <a href=\"https://cst-freightbranchstakeholderengagement.createsend1.com/t/j-i-wujldtd-l-j/\" rel=\"noopener noreferrer\" target=\"_blank\">Restricted Access Vehicles map</a> to help you plan an alternative route if required.  </p><p>Unless specified otherwise, operators of Class 1,2 &amp; 3 vehicles travelling under a Notice <strong>must</strong> consult their relevant enforceable network map to confirm a suitable <strong>approved</strong> alternate route. </p><ul><li>Operators of Class 1, 2 &amp; 3 vehicles travelling under a Permit <strong>must not</strong> travel off the approved route listed in the permit unless an updated permit is obtained from the NHVR.</li></ul><p><br></p>",
            "title": "Advice for OSOM Operators",
            "id": "905636"
          }
        ],
        "diversions": "",
        "additionalInfo": [],
        "weblinkName": null,
        "attendingGroups": null,
        "encodedPolylines": [],
        "duration": null,
        "start": 1782853200000,
        "displayName": "SCHEDULED ROADWORK Upgrade",
        "roads": [
          {
            "conditionTendency": "",
            "crossStreet": "Cobbler Road",
            "delay": "",
            "impactedLanes": [],
            "locationQualifier": "between",
            "mainStreet": "Hume Highway",
            "quadrant": "",
            "queueLength": 0,
            "region": "Southern Highlands",
            "secondLocation": "Bogolara Rd",
            "suburb": "Berremangra",
            "trafficVolume": ""
          }
        ],
        "isLocalRoad": "State road",
        "CategoryIcon": "Roadworks"
      }
    },
    {
      "type": "Feature",
      "id": 287415,
      "geometry": {
        "type": "Point",
        "coordinates": [
          151.701954,
          -32.921184
        ],
        "collections": []
      },
      "properties": {
        "webLinks": [],
        "headline": "",
        "periods": [
          {
            "closureType": "ROAD_CLOSURE",
            "roadextent": "Affected",
            "roadtype": "",
            "direction": "All directions",
            "finishTime": "6:00am",
            "fromDay": "Sunday",
            "startTime": "6:00pm",
            "toDay": ""
          },
          {
            "closureType": "ROAD_CLOSURE",
            "roadextent": "Affected",
            "roadtype": "",
            "direction": "All directions",
            "finishTime": "6:00am",
            "fromDay": "Monday",
            "startTime": "6:00pm",
            "toDay": ""
          },
          {
            "closureType": "ROAD_CLOSURE",
            "roadextent": "Affected",
            "roadtype": "",
            "direction": "All directions",
            "finishTime": "6:00am",
            "fromDay": "Tuesday",
            "startTime": "6:00pm",
            "toDay": ""
          },
          {
            "closureType": "ROAD_CLOSURE",
            "roadextent": "Affected",
            "roadtype": "",
            "direction": "All directions",
            "finishTime": "6:00am",
            "fromDay": "Wednesday",
            "startTime": "6:00pm",
            "toDay": ""
          },
          {
            "closureType": "ROAD_CLOSURE",
            "roadextent": "Affected",
            "roadtype": "",
            "direction": "All directions",
            "finishTime": "6:00am",
            "fromDay": "Thursday",
            "startTime": "6:00pm",
            "toDay": ""
          }
        ],
        "speedLimit": 40,
        "weblinkUrl": null,
        "expectedDelay": -1,
        "ended": false,
        "isNewIncident": true,
        "publicTransport": "",
        "impactingNetwork": false,
        "subCategoryB": null,
        "arrangementAttachments": [],
        "isInitialReport": false,
        "created": 1788756504000,
        "isMajor": false,
        "name": null,
        "subCategoryA": "Intersection upgrade",
        "adviceA": "Allow extra travel time",
        "adviceB": "Reduced speed limit",
        "adviceC": "Check signage",
        "end": 1795114800000,
        "hideEndDate": false,
        "incidentKind": "Planned",
        "mainCategory": "SCHEDULED ROADWORK",
        "lastUpdated": 1788756505335,
        "otherAdvice": "<p>The traffic signals will be blacked out at the intersection during work hours. Single lane closures will be in place and traffic controllers will be on site to direct motorists. </p><p>Heavy vehicles with a ground contact or with overall width wider than three metres are advised to contact the project team at least one day ahead of movement on 0403 167 894. Freight operators are advised the project operates on UHF channel 40.  </p>",
        "arrangementElements": [],
        "diversions": "",
        "additionalInfo": [],
        "weblinkName": null,
        "attendingGroups": null,
        "encodedPolylines": [],
        "duration": null,
        "start": 1789891200000,
        "displayName": "SCHEDULED ROADWORK Intersection work",
        "roads": [
          {
            "conditionTendency": "",
            "crossStreet": "Lookout Road",
            "delay": "",
            "impactedLanes": [],
            "locationQualifier": "at",
            "mainStreet": "Croudace Street",
            "quadrant": "",
            "queueLength": 0,
            "region": "Hunter",
            "secondLocation": "",
            "suburb": "New Lambton",
            "trafficVolume": ""
          }
        ],
        "isLocalRoad": "State road",
        "CategoryIcon": "Roadworks"
      }
    },
    {
      "type": "Feature",
      "id": 241647,
      "geometry": {
        "type": "Point",
        "coordinates": [
          150.8873148,
          -33.4382517
        ],
        "collections": []
      },
      "properties": {
        "webLinks": [
          {
            "linkText": "NSW vehicle ferries",
            "linkURL": "https://www.nsw.gov.au/driving-boating-and-transport/plan-your-trip/planning-tools-and-information/vehicle-ferries"
          }
        ],
        "headline": "",
        "periods": [
          {
            "closureType": "ROAD_CLOSURE",
            "roadextent": "Closed",
            "roadtype": "Ferry",
            "direction": "Both directions",
            "finishTime": "11:00am",
            "fromDay": "Wednesday",
            "startTime": "9:00am",
            "toDay": ""
          }
        ],
        "speedLimit": -1,
        "weblinkUrl": null,
        "expectedDelay": -1,
        "ended": false,
        "isNewIncident": false,
        "publicTransport": "",
        "impactingNetwork": false,
        "subCategoryB": null,
        "arrangementAttachments": [
          {
            "displayName": "Lower Portland Ferry detour map",
            "fileName": "Lower Portland Ferry detour map.PNG",
            "fileType": "PNG",
            "linkName": "Lower Portland Ferry detour map",
            "sizeInBytes": 334758,
            "uniqueFileName": "274955_1726719325269_Lower Portland Ferry detour map.PNG"
          }
        ],
        "isInitialReport": false,
        "created": 1752016547000,
        "isMajor": false,
        "name": null,
        "subCategoryA": "Routine maintenance",
        "adviceA": "Use diversions",
        "adviceB": "Plan your journey",
        "adviceC": "Allow extra travel time",
        "end": 1791963900000,
        "hideEndDate": false,
        "incidentKind": "Planned",
        "mainCategory": "FERRY OUT OF SERVICE",
        "lastUpdated": 1788990595644,
        "otherAdvice": "<p>Routine maintenance for the Lower Portland Ferry is scheduled on the second Wednesday of every month between 9am and 11am.</p>",
        "arrangementElements": [],
        "diversions": "<p><strong>Westbound: </strong>River Rd, Sackville Ferry Rd, Sackville Ferry, Sackville Rd, to West Portland Rd.</p><p><strong>Eastbound: </strong>West Portland Rd, Sackville Rd, Sackville Ferry, Sackville Ferry Rd, to River Rd.</p><p><br></p>",
        "additionalInfo": [],
        "weblinkName": null,
        "attendingGroups": null,
        "encodedPolylines": [],
        "duration": null,
        "start": 1791928800000,
        "displayName": "SCHEDULED FERRY MAINTENANCE",
        "roads": [
          {
            "conditionTendency": "",
            "crossStreet": "River Road",
            "delay": "",
            "impactedLanes": [],
            "locationQualifier": "between",
            "mainStreet": "Lower Portland Ferry",
            "quadrant": "",
            "queueLength": 0,
            "region": "Sydney",
            "secondLocation": "West Portland Road",
            "suburb": "Lower Portland",
            "trafficVolume": ""
          }
        ],
        "isLocalRoad": "State road",
        "CategoryIcon": "Hazard"
      }
    },
    {
      "type": "Feature",
      "id": 281450,
      "geometry": {
        "type": "Point",
        "coordinates": [
          151.1233033,
          -33.5999386
        ],
        "collections": []
      },
      "properties": {
        "webLinks": [
          {
            "linkText": "Vehicle ferries",
            "linkURL": "http://www.rms.nsw.gov.au/roads/using-roads/vehicular-ferries/index.html"
          }
        ],
        "headline": "",
        "periods": [
          {
            "closureType": "ROAD_CLOSURE",
            "roadextent": "Closed",
            "roadtype": "Ferry",
            "direction": "Both directions",
            "finishTime": "2:30pm",
            "fromDay": "Tuesday",
            "startTime": "9:30am",
            "toDay": ""
          }
        ],
        "speedLimit": -1,
        "weblinkUrl": null,
        "expectedDelay": -1,
        "ended": false,
        "isNewIncident": false,
        "publicTransport": "",
        "impactingNetwork": false,
        "subCategoryB": null,
        "arrangementAttachments": [],
        "isInitialReport": false,
        "created": 1783995361000,
        "isMajor": false,
        "name": null,
        "subCategoryA": "Routine maintenance",
        "adviceA": "Use diversions",
        "adviceB": "Plan your journey",
        "adviceC": "Allow extra travel time",
        "end": 1791895500000,
        "hideEndDate": false,
        "incidentKind": "Planned",
        "mainCategory": "FERRY OUT OF SERVICE",
        "lastUpdated": 1788990613804,
        "otherAdvice": "<p>Routine maintenance for Berowra Waters Ferry is scheduled on the second Tuesday of every month between midday and 2:30pm.</p>",
        "arrangementElements": [],
        "diversions": "<p><strong>Eastbound: </strong>Bay Rd, Arcadia Rd, Galston Rd, New Line Rd, Boundary Rd, Pennant Hills Rd, M1 Pacific Mwy, Pacific Hwy, to Berowra Waters Rd.</p><p><strong>Westbound: </strong>Berowra Waters Rd, Pacific Hwy, M1 Pacific Mwy, Pennant Hills Rd, Boundary Rd, New Line Rd, Galston Rd, Arcadia Rd, to Bay Rd.</p>",
        "additionalInfo": [],
        "weblinkName": null,
        "attendingGroups": null,
        "encodedPolylines": [],
        "duration": null,
        "start": 1791842400000,
        "displayName": "SCHEDULED FERRY MAINTENANCE",
        "roads": [
          {
            "conditionTendency": "",
            "crossStreet": "Bay Road",
            "delay": "",
            "impactedLanes": [],
            "locationQualifier": "between",
            "mainStreet": "Berowra Waters Ferry",
            "quadrant": "",
            "queueLength": 0,
            "region": "Sydney",
            "secondLocation": "Berowra Waters Road",
            "suburb": "Berowra Waters",
            "trafficVolume": ""
          }
        ],
        "isLocalRoad": "State road",
        "CategoryIcon": "Hazard"
      }
    },
    {
      "type": "Feature",
      "id": 287416,
      "geometry": {
        "type": "Point",
        "coordinates": [
          150.256123,
          -33.589035
        ],
        "collections": []
      },
      "properties": {
        "webLinks": [],
        "headline": "",
        "periods": [
          {
            "closureType": "ROAD_CLOSURE",
            "roadextent": "Affected",
            "roadtype": "",
            "direction": "Both directions",
            "finishTime": "5:00am",
            "fromDay": "Sunday",
            "startTime": "8:00pm",
            "toDay": ""
          },
          {
            "closureType": "ROAD_CLOSURE",
            "roadextent": "Affected",
            "roadtype": "",
            "direction": "Both directions",
            "finishTime": "5:00am",
            "fromDay": "Monday",
            "startTime": "8:00pm",
            "toDay": ""
          },
          {
            "closureType": "ROAD_CLOSURE",
            "roadextent": "Affected",
            "roadtype": "",
            "direction": "Both directions",
            "finishTime": "5:00am",
            "fromDay": "Tuesday",
            "startTime": "8:00pm",
            "toDay": ""
          },
          {
            "closureType": "ROAD_CLOSURE",
            "roadextent": "Affected",
            "roadtype": "",
            "direction": "Both directions",
            "finishTime": "5:00am",
            "fromDay": "Wednesday",
            "startTime": "8:00pm",
            "toDay": ""
          },
          {
            "closureType": "ROAD_CLOSURE",
            "roadextent": "Affected",
            "roadtype": "",
            "direction": "Both directions",
            "finishTime": "5:00am",
            "fromDay": "Thursday",
            "startTime": "8:00pm",
            "toDay": ""
          }
        ],
        "speedLimit": 40,
        "weblinkUrl": null,
        "expectedDelay": -1,
        "ended": false,
        "isNewIncident": false,
        "publicTransport": "",
        "impactingNetwork": false,
        "subCategoryB": null,
        "arrangementAttachments": [
          {
            "displayName": "MontgomerySt",
            "fileName": "MontgomerySt.png",
            "fileType": "PNG",
            "linkName": "MontgomerySt",
            "sizeInBytes": 182116,
            "uniqueFileName": "506407_1788756279590_MontgomerySt.png"
          }
        ],
        "isInitialReport": false,
        "created": 1788757254000,
        "isMajor": false,
        "name": null,
        "subCategoryA": "Intersection upgrade",
        "adviceA": "Reduced speed limit",
        "adviceB": "Check signage",
        "adviceC": "Exercise caution",
        "end": 1793815200000,
        "hideEndDate": false,
        "incidentKind": "Planned",
        "mainCategory": "SCHEDULED ROADWORK",
        "lastUpdated": 1789014312890,
        "otherAdvice": "<p>No work on Friday or Saturday nights, on public holidays, or during peak periods like Bathurst 1000. </p>",
        "arrangementElements": [],
        "diversions": "<p>Montgomery Street, between Station Street and Carrington Avenue, will be closed on selected nights.  </p><p>Detours will be in place via Carrington Avenue and Cobb Lane. Access for local traffic will be maintained. </p>",
        "additionalInfo": [],
        "weblinkName": null,
        "attendingGroups": null,
        "encodedPolylines": [],
        "duration": null,
        "start": 1789380000000,
        "displayName": "SCHEDULED ROADWORK Pedestrian refuge",
        "roads": [
          {
            "conditionTendency": "",
            "crossStreet": "Montgomery Street",
            "delay": "",
            "impactedLanes": [],
            "locationQualifier": "at",
            "mainStreet": "Station St",
            "quadrant": "",
            "queueLength": 0,
            "region": "Blue Mountains",
            "secondLocation": "",
            "suburb": "Mount Victoria",
            "trafficVolume": ""
          }
        ],
        "isLocalRoad": "State road",
        "CategoryIcon": "Roadworks"
      }
    },
    {
      "type": "Feature",
      "id": 287782,
      "geometry": {
        "type": "Point",
        "coordinates": [
          148.7319778,
          -34.0846581
        ],
        "collections": []
      },
      "properties": {
        "webLinks": [],
        "headline": "",
        "periods": [
          {
            "closureType": "ROAD_CLOSURE",
            "roadextent": "Affected",
            "roadtype": "",
            "direction": "Northbound",
            "finishTime": "6:00pm",
            "fromDay": "Weekdays",
            "startTime": "7:00am",
            "toDay": ""
          }
        ],
        "speedLimit": 40,
        "weblinkUrl": null,
        "expectedDelay": -1,
        "ended": false,
        "isNewIncident": true,
        "publicTransport": "",
        "impactingNetwork": false,
        "subCategoryB": null,
        "arrangementAttachments": [],
        "isInitialReport": false,
        "created": 1789083572000,
        "isMajor": false,
        "name": null,
        "subCategoryA": "null",
        "adviceA": "Reduced speed limit",
        "adviceB": "Exercise caution",
        "adviceC": " ",
        "end": 1793343600000,
        "hideEndDate": false,
        "incidentKind": "Planned",
        "mainCategory": "SCHEDULED ROADWORK",
        "lastUpdated": 1789083572737,
        "otherAdvice": "<p>Stop slow in place. Motorists are advised to allow approximately 5 minutes of additional travel time. </p>",
        "arrangementElements": [],
        "diversions": "",
        "additionalInfo": [],
        "weblinkName": null,
        "attendingGroups": null,
        "encodedPolylines": [],
        "duration": null,
        "start": 1789333200000,
        "displayName": "SCHEDULED ROADWORK",
        "roads": [
          {
            "conditionTendency": "",
            "crossStreet": "",
            "delay": "",
            "impactedLanes": [],
            "locationQualifier": "at",
            "mainStreet": "Lachlan Valley Way",
            "quadrant": "",
            "queueLength": 0,
            "region": "Southern Highlands",
            "secondLocation": "",
            "suburb": "Godfreys Creek",
            "trafficVolume": ""
          }
        ],
        "isLocalRoad": "State road",
        "CategoryIcon": "Roadworks"
      }
    },
    {
      "type": "Feature",
      "id": 287803,
      "geometry": {
        "type": "Point",
        "coordinates": [
          148.4627934,
          -35.6512519
        ],
        "collections": []
      },
      "properties": {
        "webLinks": [],
        "headline": "",
        "periods": [
          {
            "closureType": "ROAD_CLOSURE",
            "roadextent": "Affected",
            "roadtype": "",
            "direction": "Both directions",
            "finishTime": "6:00pm",
            "fromDay": "Weekdays",
            "startTime": "7:00am",
            "toDay": ""
          }
        ],
        "speedLimit": 80,
        "weblinkUrl": null,
        "expectedDelay": -1,
        "ended": false,
        "isNewIncident": true,
        "publicTransport": "",
        "impactingNetwork": false,
        "subCategoryB": null,
        "arrangementAttachments": [],
        "isInitialReport": false,
        "created": 1789092869000,
        "isMajor": false,
        "name": null,
        "subCategoryA": "null",
        "adviceA": "Reduced speed limit",
        "adviceB": "Check signage",
        "adviceC": "Exercise caution",
        "end": 1802415600000,
        "hideEndDate": false,
        "incidentKind": "Planned",
        "mainCategory": "SCHEDULED ROADWORK",
        "lastUpdated": 1789092869873,
        "otherAdvice": "<p>Traffic controllers will be on site to direct motorists.</p><p>Motorists are advised to allow approximately 5 minutes of additional travel time.</p><p>There will be no work at the site during the Christmas and New Year period, however traffic control will remain in place for the safety of motorists. </p>",
        "arrangementElements": [],
        "diversions": "",
        "additionalInfo": [],
        "weblinkName": null,
        "attendingGroups": null,
        "encodedPolylines": [],
        "duration": null,
        "start": 1789419600000,
        "displayName": "SCHEDULED ROADWORK",
        "roads": [
          {
            "conditionTendency": "",
            "crossStreet": "",
            "delay": "",
            "impactedLanes": [],
            "locationQualifier": "at",
            "mainStreet": "Snowy Mountains Highway",
            "quadrant": "",
            "queueLength": 0,
            "region": "Snowy Mountains",
            "secondLocation": "",
            "suburb": "Yarrangobilly",
            "trafficVolume": ""
          }
        ],
        "isLocalRoad": "State road",
        "CategoryIcon": "Roadworks"
      }
    },
    {
      "type": "Feature",
      "id": 269975,
      "geometry": {
        "type": "Point",
        "coordinates": [
          144.95368,
          -35.531787
        ],
        "collections": []
      },
      "properties": {
        "webLinks": [],
        "headline": "",
        "periods": [
          {
            "closureType": "ROAD_CLOSURE",
            "roadextent": "Affected",
            "roadtype": "",
            "direction": "Both directions",
            "finishTime": "6:00pm",
            "fromDay": "Weekdays",
            "startTime": "7:00am",
            "toDay": ""
          },
          {
            "closureType": "ROAD_CLOSURE",
            "roadextent": "Affected",
            "roadtype": "",
            "direction": "Both directions",
            "finishTime": "6:00am",
            "fromDay": "Weekday Nights",
            "startTime": "7:00pm",
            "toDay": ""
          }
        ],
        "speedLimit": 40,
        "weblinkUrl": null,
        "expectedDelay": -1,
        "ended": false,
        "isNewIncident": false,
        "publicTransport": "",
        "impactingNetwork": false,
        "subCategoryB": null,
        "arrangementAttachments": [],
        "isInitialReport": false,
        "created": 1775106986000,
        "isMajor": false,
        "name": null,
        "subCategoryA": "Utilities",
        "adviceA": "Reduced speed limit",
        "adviceB": "Allow extra travel time",
        "adviceC": "Exercise caution",
        "end": 1791784800000,
        "hideEndDate": false,
        "incidentKind": "Planned",
        "mainCategory": "SCHEDULED ROADWORK",
        "lastUpdated": 1789114233368,
        "otherAdvice": "",
        "arrangementElements": [],
        "diversions": "",
        "additionalInfo": [],
        "weblinkName": null,
        "attendingGroups": null,
        "encodedPolylines": [],
        "duration": null,
        "start": 1771185600000,
        "displayName": "SCHEDULED ROADWORK Utilities",
        "roads": [
          {
            "conditionTendency": "",
            "crossStreet": "Wood Street",
            "delay": "",
            "impactedLanes": [],
            "locationQualifier": "between",
            "mainStreet": "Hardinge Street",
            "quadrant": "",
            "queueLength": 0,
            "region": "The Murray",
            "secondLocation": "Harfleur Street",
            "suburb": "Deniliquin",
            "trafficVolume": ""
          }
        ],
        "isLocalRoad": "State road",
        "CategoryIcon": "Roadworks"
      }
    },
    {
      "type": "Feature",
      "id": 287009,
      "geometry": {
        "type": "Point",
        "coordinates": [
          153.527359,
          -28.5159264
        ],
        "collections": []
      },
      "properties": {
        "webLinks": [],
        "headline": "",
        "periods": [
          {
            "closureType": "ROAD_CLOSURE",
            "roadextent": "Affected",
            "roadtype": "",
            "direction": "Both directions",
            "finishTime": "6:00pm",
            "fromDay": "Weekdays",
            "startTime": "7:00am",
            "toDay": ""
          }
        ],
        "speedLimit": 40,
        "weblinkUrl": null,
        "expectedDelay": -1,
        "ended": false,
        "isNewIncident": true,
        "publicTransport": "",
        "impactingNetwork": false,
        "subCategoryB": null,
        "arrangementAttachments": [],
        "isInitialReport": false,
        "created": 1789333202000,
        "isMajor": false,
        "name": null,
        "subCategoryA": "null",
        "adviceA": "Allow extra travel time",
        "adviceB": "Reduced speed limit",
        "adviceC": "Follow directions on site",
        "end": 1793343600000,
        "hideEndDate": false,
        "incidentKind": "Planned",
        "mainCategory": "SCHEDULED ROADWORK",
        "lastUpdated": 1789333202703,
        "otherAdvice": "<p>Alternating (stop/slow) traffic conditions will be in place to allow motorists to pass in one direction at a time. Motorists are advised to allow approximately 5 minutes of additional travel time. Out of hours weekend work may be required.</p>",
        "arrangementElements": [],
        "diversions": "",
        "additionalInfo": [],
        "weblinkName": null,
        "attendingGroups": null,
        "encodedPolylines": [],
        "duration": null,
        "start": 1789938000000,
        "displayName": "SCHEDULED ROADWORK",
        "roads": [
          {
            "conditionTendency": "",
            "crossStreet": "Banana Road",
            "delay": "",
            "impactedLanes": [],
            "locationQualifier": "at",
            "mainStreet": "Coolamon Scenic Drive",
            "quadrant": "",
            "queueLength": 0,
            "region": "North Coast NSW",
            "secondLocation": "",
            "suburb": "Ocean Shores",
            "trafficVolume": ""
          }
        ],
        "isLocalRoad": "State road",
        "CategoryIcon": "Roadworks"
      }
    },
    {
      "type": "Feature",
      "id": 274378,
      "geometry": {
        "type": "Point",
        "coordinates": [
          150.8686475,
          -33.5917414
        ],
        "collections": []
      },
      "properties": {
        "webLinks": [
          {
            "linkText": "Pitt Town Bypass",
            "linkURL": "https://www.transport.nsw.gov.au/projects/current-projects/pitt-town-bypass"
          }
        ],
        "headline": "",
        "periods": [
          {
            "closureType": "ROAD_CLOSURE",
            "roadextent": "Closed",
            "roadtype": "Road",
            "direction": "Both directions",
            "finishTime": "",
            "fromDay": "Every Day",
            "startTime": "all day",
            "toDay": ""
          }
        ],
        "speedLimit": -1,
        "weblinkUrl": null,
        "expectedDelay": -1,
        "ended": false,
        "isNewIncident": false,
        "publicTransport": "",
        "impactingNetwork": false,
        "subCategoryB": null,
        "arrangementAttachments": [],
        "isInitialReport": false,
        "created": 1778768579000,
        "isMajor": false,
        "name": null,
        "subCategoryA": "null",
        "adviceA": "Use an alternative route",
        "adviceB": "Plan your journey",
        "adviceC": "Allow extra travel time",
        "end": 1796079600000,
        "hideEndDate": false,
        "incidentKind": "Planned",
        "mainCategory": "SCHEDULED ROADWORK",
        "lastUpdated": 1789358173994,
        "otherAdvice": "",
        "arrangementElements": [],
        "diversions": "<p>Schofield Rd</p>",
        "additionalInfo": [],
        "weblinkName": null,
        "attendingGroups": null,
        "encodedPolylines": [
          {
            "levels": "",
            "direction": "BOTH_DIRECTIONS",
            "coords": "fy_lEuvxw[?[Cs@Ai@?aA?o@@e@@c@^uE@Q?EDc@Du@V_DDo@VsDBa@Bi@r@kLBk@?CZoE@OBg@"
          }
        ],
        "duration": null,
        "start": 1779062400000,
        "displayName": "SCHEDULED ROADWORK Pitt Town Bypass",
        "roads": [
          {
            "conditionTendency": "",
            "crossStreet": "Pitt Town Road",
            "delay": "",
            "impactedLanes": [],
            "locationQualifier": "between",
            "mainStreet": "Glebe Road",
            "quadrant": "",
            "queueLength": 0,
            "region": "Sydney",
            "secondLocation": "Old Stock Route Road",
            "suburb": "Pitt Town",
            "trafficVolume": ""
          }
        ],
        "isLocalRoad": "State road",
        "CategoryIcon": "Roadworks"
      }
    },
    {
      "type": "Feature",
      "id": 288079,
      "geometry": {
        "type": "Point",
        "coordinates": [
          151.1047677,
          -33.7244916
        ],
        "collections": []
      },
      "properties": {
        "webLinks": [],
        "headline": "",
        "periods": [
          {
            "closureType": "ROAD_CLOSURE",
            "roadextent": "Closed",
            "roadtype": "Tunnel",
            "direction": "Both directions",
            "finishTime": "5:00am",
            "fromDay": "Sunday",
            "startTime": "9:00pm",
            "toDay": ""
          },
          {
            "closureType": "ROAD_CLOSURE",
            "roadextent": "Closed",
            "roadtype": "Tunnel",
            "direction": "Both directions",
            "finishTime": "5:00am",
            "fromDay": "Monday",
            "startTime": "9:00pm",
            "toDay": ""
          },
          {
            "closureType": "ROAD_CLOSURE",
            "roadextent": "Closed",
            "roadtype": "Tunnel",
            "direction": "Both directions",
            "finishTime": "5:00am",
            "fromDay": "Tuesday",
            "startTime": "9:00pm",
            "toDay": ""
          },
          {
            "closureType": "ROAD_CLOSURE",
            "roadextent": "Closed",
            "roadtype": "Tunnel",
            "direction": "Both directions",
            "finishTime": "5:00am",
            "fromDay": "Wednesday",
            "startTime": "9:00pm",
            "toDay": ""
          },
          {
            "closureType": "ROAD_CLOSURE",
            "roadextent": "Closed",
            "roadtype": "Tunnel",
            "direction": "Both directions",
            "finishTime": "5:00am",
            "fromDay": "Thursday",
            "startTime": "9:00pm",
            "toDay": ""
          }
        ],
        "speedLimit": -1,
        "weblinkUrl": null,
        "expectedDelay": -1,
        "ended": false,
        "isNewIncident": true,
        "publicTransport": "",
        "impactingNetwork": true,
        "subCategoryB": null,
        "arrangementAttachments": [],
        "isInitialReport": false,
        "created": 1789366639000,
        "isMajor": false,
        "name": null,
        "subCategoryA": "Maintenance",
        "adviceA": "Use diversions",
        "adviceB": "Plan your journey",
        "adviceC": "Allow extra travel time",
        "end": 1793211300000,
        "hideEndDate": false,
        "incidentKind": "Planned",
        "mainCategory": "SCHEDULED ROADWORK",
        "lastUpdated": 1789366640187,
        "otherAdvice": "",
        "arrangementElements": [],
        "diversions": "<p>All vehicles should use Pennant Hills Rd instead and can join the M1 Pacific Mwy at Wahroonga or the M2 Mwy at West Pennant Hills.</p><p><em>Trucks and buses will not be fined for using Pennant Hills Rd when the M11 Mwy (NorthConnex) is closed.</em></p>",
        "additionalInfo": [],
        "weblinkName": null,
        "attendingGroups": null,
        "encodedPolylines": [],
        "duration": null,
        "start": 1792922400000,
        "displayName": "SCHEDULED ROADWORK Maintenance",
        "roads": [
          {
            "conditionTendency": "",
            "crossStreet": "M1 Pacific Motorway",
            "delay": "",
            "impactedLanes": [],
            "locationQualifier": "between",
            "mainStreet": "M11 Motorway (NorthConnex)",
            "quadrant": "",
            "queueLength": 0,
            "region": "Sydney",
            "secondLocation": "Pennant Hills Road/M2 Motorway",
            "suburb": "Wahroonga to Carlingford",
            "trafficVolume": ""
          }
        ],
        "isLocalRoad": "State road",
        "CategoryIcon": "Roadworks"
      }
    },
    {
      "type": "Feature",
      "id": 288173,
      "geometry": {
        "type": "Point",
        "coordinates": [
          148.297785,
          -35.3894203
        ],
        "collections": []
      },
      "properties": {
        "webLinks": [],
        "headline": "",
        "periods": [
          {
            "closureType": "ROAD_CLOSURE",
            "roadextent": "Affected",
            "roadtype": "",
            "direction": "Both directions",
            "finishTime": "6:00pm",
            "fromDay": "Weekdays",
            "startTime": "7:00am",
            "toDay": ""
          },
          {
            "closureType": "ROAD_CLOSURE",
            "roadextent": "Affected",
            "roadtype": "",
            "direction": "Both directions",
            "finishTime": "1:00pm",
            "fromDay": "Saturday",
            "startTime": "8:00am",
            "toDay": ""
          }
        ],
        "speedLimit": 40,
        "weblinkUrl": null,
        "expectedDelay": -1,
        "ended": false,
        "isNewIncident": true,
        "publicTransport": "",
        "impactingNetwork": false,
        "subCategoryB": null,
        "arrangementAttachments": [],
        "isInitialReport": false,
        "created": 1789446412000,
        "isMajor": false,
        "name": null,
        "subCategoryA": "null",
        "adviceA": "Reduced speed limit",
        "adviceB": "Check signage",
        "adviceC": " ",
        "end": 1802674800000,
        "hideEndDate": true,
        "incidentKind": "Planned",
        "mainCategory": "SCHEDULED ROADWORK",
        "lastUpdated": 1789446412701,
        "otherAdvice": "<p>Traffic controllers will be on site to direct motorists. </p><p>Single-lane closures will be in place.</p>",
        "arrangementElements": [],
        "diversions": "",
        "additionalInfo": [],
        "weblinkName": null,
        "attendingGroups": null,
        "encodedPolylines": [],
        "duration": null,
        "start": 1789419600000,
        "displayName": "SCHEDULED ROADWORK",
        "roads": [
          {
            "conditionTendency": "",
            "crossStreet": "",
            "delay": "",
            "impactedLanes": [],
            "locationQualifier": "at",
            "mainStreet": "Snowy Mountains Highway",
            "quadrant": "",
            "queueLength": 0,
            "region": "Snowy Mountains",
            "secondLocation": "",
            "suburb": "Wermatong",
            "trafficVolume": ""
          }
        ],
        "isLocalRoad": "State road",
        "CategoryIcon": "Roadworks"
      }
    },
    {
      "type": "Feature",
      "id": 288178,
      "geometry": {
        "type": "Point",
        "coordinates": [
          151.1003812,
          -33.6956945
        ],
        "collections": []
      },
      "properties": {
        "webLinks": [],
        "headline": "",
        "periods": [
          {
            "closureType": "ROAD_CLOSURE",
            "roadextent": "Affected",
            "roadtype": "",
            "direction": "Both directions",
            "finishTime": "5:00am",
            "fromDay": "Sunday",
            "startTime": "9:00pm",
            "toDay": ""
          },
          {
            "closureType": "ROAD_CLOSURE",
            "roadextent": "Affected",
            "roadtype": "",
            "direction": "Both directions",
            "finishTime": "5:00am",
            "fromDay": "Monday",
            "startTime": "9:00pm",
            "toDay": ""
          }
        ],
        "speedLimit": 40,
        "weblinkUrl": null,
        "expectedDelay": -1,
        "ended": false,
        "isNewIncident": true,
        "publicTransport": "",
        "impactingNetwork": false,
        "subCategoryB": null,
        "arrangementAttachments": [],
        "isInitialReport": false,
        "created": 1789448682000,
        "isMajor": false,
        "name": null,
        "subCategoryA": "Power pole/line repairs",
        "adviceA": "Allow extra travel time",
        "adviceB": "Exercise caution",
        "adviceC": "Reduced speed limit",
        "end": 1793038500000,
        "hideEndDate": false,
        "incidentKind": "Planned",
        "mainCategory": "SCHEDULED ROADWORK",
        "lastUpdated": 1789448683283,
        "otherAdvice": "<p>Portable traffic lights will allow motorists to pass in one direction at a time. </p><p>Traffic lights at the intersection of George St and Bridge Rd will be flashing yellow.</p>",
        "arrangementElements": [],
        "diversions": "",
        "additionalInfo": [],
        "weblinkName": null,
        "attendingGroups": null,
        "encodedPolylines": [],
        "duration": null,
        "start": 1792922400000,
        "displayName": "SCHEDULED ROADWORK Power pole/line repairs",
        "roads": [
          {
            "conditionTendency": "",
            "crossStreet": "Bridge Road",
            "delay": "",
            "impactedLanes": [],
            "locationQualifier": "between",
            "mainStreet": "Jersey Street North",
            "quadrant": "",
            "queueLength": 0,
            "region": "Sydney",
            "secondLocation": "Mildred Avenue",
            "suburb": "Hornsby",
            "trafficVolume": ""
          }
        ],
        "isLocalRoad": "State road",
        "CategoryIcon": "Roadworks"
      }
    },
    {
      "type": "Feature",
      "id": 287804,
      "geometry": {
        "type": "Point",
        "coordinates": [
          151.683925,
          -32.8247573
        ],
        "collections": []
      },
      "properties": {
        "webLinks": [],
        "headline": "",
        "periods": [
          {
            "closureType": "ROAD_CLOSURE",
            "roadextent": "Affected",
            "roadtype": "",
            "direction": "All directions",
            "finishTime": "6:00pm",
            "fromDay": "Weekdays",
            "startTime": "7:00am",
            "toDay": ""
          },
          {
            "closureType": "ROAD_CLOSURE",
            "roadextent": "Affected",
            "roadtype": "",
            "direction": "All directions",
            "finishTime": "5:00pm",
            "fromDay": "Sunday",
            "startTime": "7:00pm",
            "toDay": ""
          },
          {
            "closureType": "ROAD_CLOSURE",
            "roadextent": "Affected",
            "roadtype": "",
            "direction": "All directions",
            "finishTime": "5:00pm",
            "fromDay": "Monday",
            "startTime": "7:00pm",
            "toDay": ""
          },
          {
            "closureType": "ROAD_CLOSURE",
            "roadextent": "Affected",
            "roadtype": "",
            "direction": "All directions",
            "finishTime": "5:00pm",
            "fromDay": "Tuesday",
            "startTime": "7:00pm",
            "toDay": ""
          },
          {
            "closureType": "ROAD_CLOSURE",
            "roadextent": "Affected",
            "roadtype": "",
            "direction": "All directions",
            "finishTime": "5:00pm",
            "fromDay": "Wednesday",
            "startTime": "7:00pm",
            "toDay": ""
          },
          {
            "closureType": "ROAD_CLOSURE",
            "roadextent": "Affected",
            "roadtype": "",
            "direction": "All directions",
            "finishTime": "5:00pm",
            "fromDay": "Thursday",
            "startTime": "7:00pm",
            "toDay": ""
          },
          {
            "closureType": "ROAD_CLOSURE",
            "roadextent": "Affected",
            "roadtype": "",
            "direction": "All directions",
            "finishTime": "1:00pm",
            "fromDay": "Saturday",
            "startTime": "8:00am",
            "toDay": ""
          }
        ],
        "speedLimit": -1,
        "weblinkUrl": null,
        "expectedDelay": -1,
        "ended": false,
        "isNewIncident": false,
        "publicTransport": "",
        "impactingNetwork": true,
        "subCategoryB": null,
        "arrangementAttachments": [],
        "isInitialReport": false,
        "created": 1789093896000,
        "isMajor": false,
        "name": null,
        "subCategoryA": "null",
        "adviceA": "Allow extra travel time",
        "adviceB": "Check signage",
        "adviceC": " ",
        "end": 1797770700000,
        "hideEndDate": false,
        "incidentKind": "Planned",
        "mainCategory": "SCHEDULED ROADWORK",
        "lastUpdated": 1789449450035,
        "otherAdvice": "<p>Motorists turning right from the Pacific Highway (Hexham Bridge) onto the New England Highway will be reduced to two lanes. Vehicles travelling westbound on the New England Highway at Hexham will also be reduced to two lanes.</p><p>Heavy vehicles will need to use the slow lane when turning right onto the New England Highway.</p><p><strong>During night works</strong>, OSOM needing to travel on the Pacific Highway via Maitland Road with a ground contact <strong>wider than 3.4m or with overall width wider than 4.5m</strong> intending to travel through the site are advised to contact the project team at least one day ahead of movement on 1800 515 141. They should expect delays of up to 30 minutes. Significant delays will occur if failure to contact. OSOM operators are advised the project operates on UHF channel 45. </p>",
        "arrangementElements": [],
        "diversions": "",
        "additionalInfo": [],
        "weblinkName": null,
        "attendingGroups": null,
        "encodedPolylines": [],
        "duration": null,
        "start": 1789826400000,
        "displayName": "SCHEDULED ROADWORK",
        "roads": [
          {
            "conditionTendency": "",
            "crossStreet": "New England Highway",
            "delay": "",
            "impactedLanes": [],
            "locationQualifier": "at",
            "mainStreet": "Maitland Rd",
            "quadrant": "",
            "queueLength": 0,
            "region": "Hunter",
            "secondLocation": "",
            "suburb": "Hexham",
            "trafficVolume": ""
          }
        ],
        "isLocalRoad": "State road",
        "CategoryIcon": "Roadworks"
      }
    },
    {
      "type": "Feature",
      "id": 288204,
      "geometry": {
        "type": "Point",
        "coordinates": [
          151.160776,
          -33.874904
        ],
        "collections": []
      },
      "properties": {
        "webLinks": [],
        "headline": "",
        "periods": [
          {
            "closureType": "ROAD_CLOSURE",
            "roadextent": "Affected",
            "roadtype": "",
            "direction": "All directions",
            "finishTime": "5:00am",
            "fromDay": "Monday",
            "startTime": "10:00pm",
            "toDay": ""
          },
          {
            "closureType": "ROAD_CLOSURE",
            "roadextent": "Affected",
            "roadtype": "",
            "direction": "All directions",
            "finishTime": "5:00am",
            "fromDay": "Tuesday",
            "startTime": "10:00pm",
            "toDay": ""
          },
          {
            "closureType": "ROAD_CLOSURE",
            "roadextent": "Affected",
            "roadtype": "",
            "direction": "All directions",
            "finishTime": "5:00am",
            "fromDay": "Wednesday",
            "startTime": "10:00pm",
            "toDay": ""
          },
          {
            "closureType": "ROAD_CLOSURE",
            "roadextent": "Affected",
            "roadtype": "",
            "direction": "All directions",
            "finishTime": "5:00am",
            "fromDay": "Thursday",
            "startTime": "10:30pm",
            "toDay": ""
          }
        ],
        "speedLimit": 40,
        "weblinkUrl": null,
        "expectedDelay": -1,
        "ended": false,
        "isNewIncident": false,
        "publicTransport": "",
        "impactingNetwork": false,
        "subCategoryB": null,
        "arrangementAttachments": [],
        "isInitialReport": false,
        "created": 1789470985000,
        "isMajor": false,
        "name": null,
        "subCategoryA": "null",
        "adviceA": "Allow extra travel time",
        "adviceB": "Reduced speed limit",
        "adviceC": "Check signage",
        "end": 1792088100000,
        "hideEndDate": false,
        "incidentKind": "Planned",
        "mainCategory": "SCHEDULED ROADWORK",
        "lastUpdated": 1789471335058,
        "otherAdvice": "<p>Traffic lights at the intersection of City West Link and Balmain Rd will be blacked out, and portable traffic control devices will allow motorists to pass in one direction at a time.</p><p><strong>There will be no work on Mon 5 October and Mon 12 October.</strong></p>",
        "arrangementElements": [],
        "diversions": "",
        "additionalInfo": [],
        "weblinkName": null,
        "attendingGroups": null,
        "encodedPolylines": [],
        "duration": null,
        "start": 1790596800000,
        "displayName": "SCHEDULED ROADWORK",
        "roads": [
          {
            "conditionTendency": "",
            "crossStreet": "Balmain Road",
            "delay": "",
            "impactedLanes": [],
            "locationQualifier": "between",
            "mainStreet": "City West Link",
            "quadrant": "",
            "queueLength": 0,
            "region": "Sydney",
            "secondLocation": "Catherine Street",
            "suburb": "Lilyfield",
            "trafficVolume": ""
          }
        ],
        "isLocalRoad": "State road",
        "CategoryIcon": "Roadworks"
      }
    },
    {
      "type": "Feature",
      "id": 286071,
      "geometry": {
        "type": "Point",
        "coordinates": [
          151.1394787,
          -33.9398053
        ],
        "collections": []
      },
      "properties": {
        "webLinks": [],
        "headline": "",
        "periods": [
          {
            "closureType": "ROAD_CLOSURE",
            "roadextent": "Affected",
            "roadtype": "",
            "direction": "Both directions",
            "finishTime": "5:00am",
            "fromDay": "Monday",
            "startTime": "9:00pm",
            "toDay": ""
          },
          {
            "closureType": "ROAD_CLOSURE",
            "roadextent": "Affected",
            "roadtype": "",
            "direction": "Both directions",
            "finishTime": "5:00am",
            "fromDay": "Tuesday",
            "startTime": "9:00pm",
            "toDay": ""
          },
          {
            "closureType": "ROAD_CLOSURE",
            "roadextent": "Affected",
            "roadtype": "",
            "direction": "Both directions",
            "finishTime": "5:00am",
            "fromDay": "Wednesday",
            "startTime": "9:00pm",
            "toDay": ""
          },
          {
            "closureType": "ROAD_CLOSURE",
            "roadextent": "Affected",
            "roadtype": "",
            "direction": "Both directions",
            "finishTime": "5:00am",
            "fromDay": "Thursday",
            "startTime": "9:00pm",
            "toDay": ""
          },
          {
            "closureType": "ROAD_CLOSURE",
            "roadextent": "Affected",
            "roadtype": "",
            "direction": "Both directions",
            "finishTime": "5:00am",
            "fromDay": "Friday",
            "startTime": "9:00pm",
            "toDay": ""
          },
          {
            "closureType": "ROAD_CLOSURE",
            "roadextent": "Affected",
            "roadtype": "",
            "direction": "Both directions",
            "finishTime": "5:00am",
            "fromDay": "Sunday",
            "startTime": "9:00pm",
            "toDay": ""
          }
        ],
        "speedLimit": -1,
        "weblinkUrl": null,
        "expectedDelay": -1,
        "ended": false,
        "isNewIncident": false,
        "publicTransport": "",
        "impactingNetwork": false,
        "subCategoryB": null,
        "arrangementAttachments": [],
        "isInitialReport": false,
        "created": 1787634406000,
        "isMajor": false,
        "name": null,
        "subCategoryA": "Utilities",
        "adviceA": "Exercise caution",
        "adviceB": "Reduce your speed",
        "adviceC": " ",
        "end": 1792174500000,
        "hideEndDate": false,
        "incidentKind": "Planned",
        "mainCategory": "SCHEDULED ROADWORK",
        "lastUpdated": 1789500645925,
        "otherAdvice": "<p>Contraflow traffic conditions will be in place to allow motorists to pass in both directions. </p>",
        "arrangementElements": [],
        "diversions": "",
        "additionalInfo": [],
        "weblinkName": null,
        "attendingGroups": null,
        "encodedPolylines": [],
        "duration": null,
        "start": 1789726500000,
        "displayName": "SCHEDULED ROADWORK Utilities",
        "roads": [
          {
            "conditionTendency": "",
            "crossStreet": "Earle Street",
            "delay": "",
            "impactedLanes": [],
            "locationQualifier": "between",
            "mainStreet": "Forest Road",
            "quadrant": "",
            "queueLength": 0,
            "region": "Sydney",
            "secondLocation": "Towers Place",
            "suburb": "Arncliffe",
            "trafficVolume": ""
          }
        ],
        "isLocalRoad": "State road",
        "CategoryIcon": "Roadworks"
      }
    },
    {
      "type": "Feature",
      "id": 287851,
      "geometry": {
        "type": "Point",
        "coordinates": [
          145.6981724,
          -34.5225697
        ],
        "collections": []
      },
      "properties": {
        "webLinks": [],
        "headline": "",
        "periods": [
          {
            "closureType": "ROAD_CLOSURE",
            "roadextent": "Affected",
            "roadtype": "",
            "direction": "Both directions",
            "finishTime": "5:00pm",
            "fromDay": "Weekdays",
            "startTime": "7:00am",
            "toDay": ""
          },
          {
            "closureType": "ROAD_CLOSURE",
            "roadextent": "Affected",
            "roadtype": "",
            "direction": "Both directions",
            "finishTime": "5:00pm",
            "fromDay": "Saturday",
            "startTime": "7:00am",
            "toDay": ""
          }
        ],
        "speedLimit": 40,
        "weblinkUrl": null,
        "expectedDelay": -1,
        "ended": false,
        "isNewIncident": true,
        "publicTransport": "",
        "impactingNetwork": false,
        "subCategoryB": null,
        "arrangementAttachments": [],
        "isInitialReport": false,
        "created": 1789502413000,
        "isMajor": false,
        "name": null,
        "subCategoryA": "null",
        "adviceA": "Reduced speed limit",
        "adviceB": "Exercise caution",
        "adviceC": " ",
        "end": 1792130400000,
        "hideEndDate": false,
        "incidentKind": "Planned",
        "mainCategory": "SCHEDULED ROADWORK",
        "lastUpdated": 1789502414436,
        "otherAdvice": "",
        "arrangementElements": [],
        "diversions": "",
        "additionalInfo": [],
        "weblinkName": null,
        "attendingGroups": null,
        "encodedPolylines": [],
        "duration": null,
        "start": 1789506000000,
        "displayName": "SCHEDULED ROADWORK",
        "roads": [
          {
            "conditionTendency": "",
            "crossStreet": "Birdcage Rest Area",
            "delay": "",
            "impactedLanes": [],
            "locationQualifier": "near",
            "mainStreet": "Sturt Highway",
            "quadrant": "",
            "queueLength": 0,
            "region": "Riverina",
            "secondLocation": "",
            "suburb": "Darlington Point",
            "trafficVolume": ""
          }
        ],
        "isLocalRoad": "State road",
        "CategoryIcon": "Roadworks"
      }
    },
    {
      "type": "Feature",
      "id": 288274,
      "geometry": {
        "type": "Point",
        "coordinates": [
          149.4951517,
          -30.7802255
        ],
        "collections": []
      },
      "properties": {
        "webLinks": [],
        "headline": "",
        "periods": [
          {
            "closureType": "ROAD_CLOSURE",
            "roadextent": "Affected",
            "roadtype": "",
            "direction": "Both directions",
            "finishTime": "5:00pm",
            "fromDay": "Weekdays",
            "startTime": "7:00am",
            "toDay": ""
          }
        ],
        "speedLimit": 40,
        "weblinkUrl": null,
        "expectedDelay": -1,
        "ended": false,
        "isNewIncident": true,
        "publicTransport": "",
        "impactingNetwork": false,
        "subCategoryB": null,
        "arrangementAttachments": [],
        "isInitialReport": false,
        "created": 1789537820000,
        "isMajor": false,
        "name": null,
        "subCategoryA": "Maintenance",
        "adviceA": "Reduced speed limit",
        "adviceB": "Check signage",
        "adviceC": " ",
        "end": 1796968800000,
        "hideEndDate": false,
        "incidentKind": "Planned",
        "mainCategory": "SCHEDULED ROADWORK",
        "lastUpdated": 1789537821120,
        "otherAdvice": "<p>Single lane closures, intermittent stopping and reduced speed limits of 40km/h will be in place during work hours.</p><p>In some places there will be unsealed surfaces where a speed limit of 60km/h will remain in place outside work hours until sealing is complete. </p>",
        "arrangementElements": [],
        "diversions": "",
        "additionalInfo": [],
        "weblinkName": null,
        "attendingGroups": null,
        "encodedPolylines": [],
        "duration": null,
        "start": 1789938000000,
        "displayName": "SCHEDULED ROADWORK Maintenance",
        "roads": [
          {
            "conditionTendency": "",
            "crossStreet": "Various Locations",
            "delay": "",
            "impactedLanes": [],
            "locationQualifier": "at",
            "mainStreet": "Newell Highway",
            "quadrant": "",
            "queueLength": 0,
            "region": "New England North West",
            "secondLocation": "",
            "suburb": "Coonamble to Narrabri",
            "trafficVolume": ""
          }
        ],
        "isLocalRoad": "State road",
        "CategoryIcon": "Roadworks"
      }
    },
    {
      "type": "Feature",
      "id": 288275,
      "geometry": {
        "type": "Point",
        "coordinates": [
          150.2121797,
          -28.8600485
        ],
        "collections": []
      },
      "properties": {
        "webLinks": [],
        "headline": "",
        "periods": [
          {
            "closureType": "ROAD_CLOSURE",
            "roadextent": "Affected",
            "roadtype": "",
            "direction": "Both directions",
            "finishTime": "5:00pm",
            "fromDay": "Weekdays",
            "startTime": "7:00am",
            "toDay": ""
          }
        ],
        "speedLimit": 40,
        "weblinkUrl": null,
        "expectedDelay": -1,
        "ended": false,
        "isNewIncident": true,
        "publicTransport": "",
        "impactingNetwork": false,
        "subCategoryB": null,
        "arrangementAttachments": [],
        "isInitialReport": false,
        "created": 1789538178000,
        "isMajor": false,
        "name": null,
        "subCategoryA": "Maintenance",
        "adviceA": "Reduced speed limit",
        "adviceB": "Check signage",
        "adviceC": " ",
        "end": 1796968800000,
        "hideEndDate": false,
        "incidentKind": "Planned",
        "mainCategory": "SCHEDULED ROADWORK",
        "lastUpdated": 1789538178579,
        "otherAdvice": "<p>Single lane closures, intermittent stopping and reduced speed limits of 40km/h will be in place during work hours.</p><p>In some places there will be unsealed surfaces where a speed limit of 60km/h will remain in place outside work hours until sealing is complete. </p>",
        "arrangementElements": [],
        "diversions": "",
        "additionalInfo": [],
        "weblinkName": null,
        "attendingGroups": null,
        "encodedPolylines": [],
        "duration": null,
        "start": 1789938000000,
        "displayName": "SCHEDULED ROADWORK Maintenance",
        "roads": [
          {
            "conditionTendency": "",
            "crossStreet": "Various Locations",
            "delay": "",
            "impactedLanes": [],
            "locationQualifier": "at",
            "mainStreet": "Newell Highway",
            "quadrant": "",
            "queueLength": 0,
            "region": "New England North West",
            "secondLocation": "",
            "suburb": "Moree to Goondiwindi",
            "trafficVolume": ""
          }
        ],
        "isLocalRoad": "State road",
        "CategoryIcon": "Roadworks"
      }
    },
    {
      "type": "Feature",
      "id": 288276,
      "geometry": {
        "type": "Point",
        "coordinates": [
          149.5877119,
          -31.118142
        ],
        "collections": []
      },
      "properties": {
        "webLinks": [],
        "headline": "",
        "periods": [
          {
            "closureType": "ROAD_CLOSURE",
            "roadextent": "Affected",
            "roadtype": "",
            "direction": "Both directions",
            "finishTime": "5:00pm",
            "fromDay": "Weekdays",
            "startTime": "7:00am",
            "toDay": ""
          }
        ],
        "speedLimit": 40,
        "weblinkUrl": null,
        "expectedDelay": -1,
        "ended": false,
        "isNewIncident": true,
        "publicTransport": "",
        "impactingNetwork": false,
        "subCategoryB": null,
        "arrangementAttachments": [],
        "isInitialReport": false,
        "created": 1789538289000,
        "isMajor": false,
        "name": null,
        "subCategoryA": "Maintenance",
        "adviceA": "Reduced speed limit",
        "adviceB": "Check signage",
        "adviceC": " ",
        "end": 1796968800000,
        "hideEndDate": false,
        "incidentKind": "Planned",
        "mainCategory": "SCHEDULED ROADWORK",
        "lastUpdated": 1789538290078,
        "otherAdvice": "<p>Single lane closures, intermittent stopping and reduced speed limits of 40km/h will be in place during work hours.</p><p>In some places there will be unsealed surfaces where a speed limit of 60km/h will remain in place outside work hours until sealing is complete. </p>",
        "arrangementElements": [],
        "diversions": "",
        "additionalInfo": [],
        "weblinkName": null,
        "attendingGroups": null,
        "encodedPolylines": [],
        "duration": null,
        "start": 1789938000000,
        "displayName": "SCHEDULED ROADWORK Maintenance",
        "roads": [
          {
            "conditionTendency": "",
            "crossStreet": "Various Locations",
            "delay": "",
            "impactedLanes": [],
            "locationQualifier": "at",
            "mainStreet": "Oxley Highway",
            "quadrant": "",
            "queueLength": 0,
            "region": "Central NSW",
            "secondLocation": "",
            "suburb": "Coonabarabran to Mullaley",
            "trafficVolume": ""
          }
        ],
        "isLocalRoad": "State road",
        "CategoryIcon": "Roadworks"
      }
    },
    {
      "type": "Feature",
      "id": 286135,
      "geometry": {
        "type": "Point",
        "coordinates": [
          151.2117665,
          -33.8641321
        ],
        "collections": []
      },
      "properties": {
        "webLinks": [],
        "headline": "",
        "periods": [
          {
            "closureType": "ROAD_CLOSURE",
            "roadextent": "Closed",
            "roadtype": "Road",
            "direction": "Both directions",
            "finishTime": "",
            "fromDay": "Saturday",
            "startTime": "all day",
            "toDay": ""
          },
          {
            "closureType": "ROAD_CLOSURE",
            "roadextent": "Closed",
            "roadtype": "Road",
            "direction": "Both directions",
            "finishTime": "",
            "fromDay": "Sunday",
            "startTime": "all day",
            "toDay": ""
          },
          {
            "closureType": "ROAD_CLOSURE",
            "roadextent": "Closed",
            "roadtype": "Road",
            "direction": "Both directions",
            "finishTime": "3:00am",
            "fromDay": "Monday",
            "startTime": "12:00am",
            "toDay": ""
          }
        ],
        "speedLimit": -1,
        "weblinkUrl": null,
        "expectedDelay": -1,
        "ended": false,
        "isNewIncident": false,
        "publicTransport": "",
        "impactingNetwork": false,
        "subCategoryB": null,
        "arrangementAttachments": [],
        "isInitialReport": false,
        "created": 1787668684000,
        "isMajor": false,
        "name": null,
        "subCategoryA": "null",
        "adviceA": "Use diversions",
        "adviceB": "Follow directions on site",
        "adviceC": "Allow extra travel time",
        "end": 1792339200000,
        "hideEndDate": false,
        "incidentKind": "Planned",
        "mainCategory": "SCHEDULED ROADWORK",
        "lastUpdated": 1789574167631,
        "otherAdvice": "<p>The road will be closed in both directions continuously from midnight Fri to 3am Mon.</p>",
        "arrangementElements": [],
        "diversions": "<p>Southbound - Bridge St, Loftus St and Bent St.</p><p>Northbound - Bent St, Loftus St and Bridge St, or Hunter St, Macquarie St and Bridge St.</p>",
        "additionalInfo": [],
        "weblinkName": null,
        "attendingGroups": null,
        "encodedPolylines": [],
        "duration": null,
        "start": 1790344800000,
        "displayName": "SCHEDULED ROADWORK",
        "roads": [
          {
            "conditionTendency": "",
            "crossStreet": "Bridge Street",
            "delay": "",
            "impactedLanes": [],
            "locationQualifier": "between",
            "mainStreet": "Phillip Street",
            "quadrant": "",
            "queueLength": 0,
            "region": "Sydney",
            "secondLocation": "Bent Street",
            "suburb": "Sydney",
            "trafficVolume": ""
          }
        ],
        "isLocalRoad": "State road",
        "CategoryIcon": "Roadworks"
      }
    },
    {
      "type": "Feature",
      "id": 287399,
      "geometry": {
        "type": "Point",
        "coordinates": [
          149.9943055,
          -34.7207554
        ],
        "collections": []
      },
      "properties": {
        "webLinks": [],
        "headline": "",
        "periods": [
          {
            "closureType": "ROAD_CLOSURE",
            "roadextent": "Affected",
            "roadtype": "",
            "direction": "Both directions",
            "finishTime": "",
            "fromDay": "Every Day",
            "startTime": "all day",
            "toDay": ""
          }
        ],
        "speedLimit": 80,
        "weblinkUrl": null,
        "expectedDelay": -1,
        "ended": false,
        "isNewIncident": false,
        "publicTransport": "",
        "impactingNetwork": true,
        "subCategoryB": null,
        "arrangementAttachments": [
          {
            "displayName": "Work_Area",
            "fileName": "Work_Area.png",
            "fileType": "PNG",
            "linkName": "Work_Area",
            "sizeInBytes": 114890,
            "uniqueFileName": "512079_1789624872766_Work_Area.png"
          },
          {
            "displayName": "Work_Area_stage_two",
            "fileName": "Work_Area_stage_two.png",
            "fileType": "PNG",
            "linkName": "Work_Area_stage_two",
            "sizeInBytes": 190777,
            "uniqueFileName": "818693_1789624889520_Work_Area_stage_two.png"
          }
        ],
        "isInitialReport": false,
        "created": 1789592446000,
        "isMajor": false,
        "name": null,
        "subCategoryA": "null",
        "adviceA": "Reduced speed limit",
        "adviceB": "Check signage",
        "adviceC": "Allow extra travel time",
        "end": 1795437900000,
        "hideEndDate": false,
        "incidentKind": "Planned",
        "mainCategory": "SCHEDULED ROADWORK",
        "lastUpdated": 1789624981014,
        "otherAdvice": "<p>Contraflow traffic conditions will be in place to allow motorists to pass in both directions.</p><p>The exit ramp to the BP Service Centre northbound will be closed between 19 October and 2 November.</p><p>Motorists are advised to allow approximately 20 minutes of additional travel time, Friday afternoon and weekend travel times may approach 30 minutes of additional travel time.</p>",
        "arrangementElements": [
          {
            "html": "<p>Over size, over mass vehicles wider than 4.5 metres will need to contact traffic control on approach to arrange access through the work area. </p><p>Access to the Heavy Vehicle Safety Stations will be maintained.</p><p>From Monday 19 October to Monday 2 November 2026, work will be carried out on a 500-metre section just south of the BP entry ramp at George Street. </p><p>During this time, the exit ramp to the BP Service Centre northbound will be closed and detours will be in place via George Street and Medway Road</p><p>Please note:</p><p>Unless specified otherwise, operators of Class 1,2 &amp; 3 vehicles travelling under a Notice <strong>must</strong> consult their relevant enforceable network map to confirm a suitable <strong>approved</strong> alternate route. </p><p>Operators of Class 1, 2 &amp; 3 vehicles travelling under a Permit <strong>must not</strong> travel off the approved route listed in the permit unless an updated permit is obtained from the NHVR.</p>",
            "title": "Advice for OSOM Operators",
            "id": "911499"
          }
        ],
        "diversions": "<p>Motorists wishing to use the exit ramp will be detoured via George Street and Medway Road.</p>",
        "additionalInfo": [],
        "weblinkName": null,
        "attendingGroups": null,
        "encodedPolylines": [],
        "duration": null,
        "start": 1792328400000,
        "displayName": "SCHEDULED ROADWORK",
        "roads": [
          {
            "conditionTendency": "",
            "crossStreet": "Hume Highway",
            "delay": "",
            "impactedLanes": [],
            "locationQualifier": "-",
            "mainStreet": "George St",
            "quadrant": "",
            "queueLength": 0,
            "region": "Southern Highlands",
            "secondLocation": "",
            "suburb": "Marulan",
            "trafficVolume": ""
          }
        ],
        "isLocalRoad": "State road",
        "CategoryIcon": "Roadworks"
      }
    },
    {
      "type": "Feature",
      "id": 288447,
      "geometry": {
        "type": "Point",
        "coordinates": [
          141.661343,
          -31.539033
        ],
        "collections": []
      },
      "properties": {
        "webLinks": [],
        "headline": "",
        "periods": [
          {
            "closureType": "ROAD_CLOSURE",
            "roadextent": "Affected",
            "roadtype": "",
            "direction": "Both directions",
            "finishTime": "6:00pm",
            "fromDay": "Weekdays",
            "startTime": "7:00am",
            "toDay": ""
          }
        ],
        "speedLimit": 40,
        "weblinkUrl": null,
        "expectedDelay": -1,
        "ended": false,
        "isNewIncident": true,
        "publicTransport": "",
        "impactingNetwork": false,
        "subCategoryB": null,
        "arrangementAttachments": [],
        "isInitialReport": false,
        "created": 1789704826000,
        "isMajor": false,
        "name": null,
        "subCategoryA": "Maintenance",
        "adviceA": "Reduced speed limit",
        "adviceB": "Check signage",
        "adviceC": " ",
        "end": 1791961200000,
        "hideEndDate": false,
        "incidentKind": "Planned",
        "mainCategory": "SCHEDULED ROADWORK",
        "lastUpdated": 1789704827000,
        "otherAdvice": "<p>Outside work hours, the speed limit will revert to the posted speed limit. Motorists are advised to allow approximately 5 minutes of additional travel time. </p>",
        "arrangementElements": [],
        "diversions": "",
        "additionalInfo": [],
        "weblinkName": null,
        "attendingGroups": null,
        "encodedPolylines": [],
        "duration": null,
        "start": 1790110800000,
        "displayName": "SCHEDULED ROADWORK Maintenance",
        "roads": [
          {
            "conditionTendency": "",
            "crossStreet": "Mutawintji Road",
            "delay": "",
            "impactedLanes": [],
            "locationQualifier": "at",
            "mainStreet": "Silver City Highway",
            "quadrant": "",
            "queueLength": 0,
            "region": "Far West NSW",
            "secondLocation": "",
            "suburb": "Broken Hill",
            "trafficVolume": ""
          }
        ],
        "isLocalRoad": "State road",
        "CategoryIcon": "Roadworks"
      }
    },
    {
      "type": "Feature",
      "id": 288451,
      "geometry": {
        "type": "Point",
        "coordinates": [
          151.4779044,
          -33.0726868
        ],
        "collections": []
      },
      "properties": {
        "webLinks": [],
        "headline": "",
        "periods": [
          {
            "closureType": "ROAD_CLOSURE",
            "roadextent": "Affected",
            "roadtype": "",
            "direction": "Southbound",
            "finishTime": "",
            "fromDay": "Every Day",
            "startTime": "all day",
            "toDay": ""
          }
        ],
        "speedLimit": 80,
        "weblinkUrl": null,
        "expectedDelay": -1,
        "ended": false,
        "isNewIncident": true,
        "publicTransport": "",
        "impactingNetwork": false,
        "subCategoryB": null,
        "arrangementAttachments": [],
        "isInitialReport": false,
        "created": 1789707624000,
        "isMajor": false,
        "name": null,
        "subCategoryA": "Resurfacing",
        "adviceA": "Reduced speed limit",
        "adviceB": "Check signage",
        "adviceC": " ",
        "end": 1791896400000,
        "hideEndDate": false,
        "incidentKind": "Planned",
        "mainCategory": "SCHEDULED ROADWORK",
        "lastUpdated": 1789707624984,
        "otherAdvice": "",
        "arrangementElements": [],
        "diversions": "",
        "additionalInfo": [],
        "weblinkName": null,
        "attendingGroups": null,
        "encodedPolylines": [],
        "duration": null,
        "start": 1789999200000,
        "displayName": "SCHEDULED ROADWORK Resurfacing",
        "roads": [
          {
            "conditionTendency": "",
            "crossStreet": "Newport Road",
            "delay": "",
            "impactedLanes": [],
            "locationQualifier": "between",
            "mainStreet": "M1 Pacific Motorway",
            "quadrant": "",
            "queueLength": 0,
            "region": "Hunter",
            "secondLocation": "Dora Creek",
            "suburb": "Cooranbong",
            "trafficVolume": ""
          }
        ],
        "isLocalRoad": "State road",
        "CategoryIcon": "Roadworks"
      }
    },
    {
      "type": "Feature",
      "id": 288377,
      "geometry": {
        "type": "Point",
        "coordinates": [
          150.9948117,
          -34.0020514
        ],
        "collections": []
      },
      "properties": {
        "webLinks": [
          {
            "linkText": "Heathcote Road upgrade",
            "linkURL": "https://www.transport.nsw.gov.au/projects/current-projects/heathcote-road-upgrade"
          }
        ],
        "headline": "",
        "periods": [
          {
            "closureType": "ROAD_CLOSURE",
            "roadextent": "Affected",
            "roadtype": "",
            "direction": "Both directions",
            "finishTime": "5:00am",
            "fromDay": "Sunday",
            "startTime": "8:00pm",
            "toDay": ""
          },
          {
            "closureType": "ROAD_CLOSURE",
            "roadextent": "Affected",
            "roadtype": "",
            "direction": "Both directions",
            "finishTime": "5:00am",
            "fromDay": "Monday",
            "startTime": "8:00pm",
            "toDay": ""
          },
          {
            "closureType": "ROAD_CLOSURE",
            "roadextent": "Affected",
            "roadtype": "",
            "direction": "Both directions",
            "finishTime": "5:00am",
            "fromDay": "Tuesday",
            "startTime": "8:00pm",
            "toDay": ""
          },
          {
            "closureType": "ROAD_CLOSURE",
            "roadextent": "Affected",
            "roadtype": "",
            "direction": "Both directions",
            "finishTime": "5:00am",
            "fromDay": "Wednesday",
            "startTime": "9:00pm",
            "toDay": ""
          },
          {
            "closureType": "ROAD_CLOSURE",
            "roadextent": "Affected",
            "roadtype": "",
            "direction": "Both directions",
            "finishTime": "5:00am",
            "fromDay": "Thursday",
            "startTime": "9:00pm",
            "toDay": ""
          }
        ],
        "speedLimit": 40,
        "weblinkUrl": null,
        "expectedDelay": -1,
        "ended": false,
        "isNewIncident": false,
        "publicTransport": "",
        "impactingNetwork": false,
        "subCategoryB": null,
        "arrangementAttachments": [],
        "isInitialReport": false,
        "created": 1789637876000,
        "isMajor": false,
        "name": null,
        "subCategoryA": "Upgrade",
        "adviceA": "Reduced speed limit",
        "adviceB": "Exercise caution",
        "adviceC": "Check signage",
        "end": 1792433700000,
        "hideEndDate": false,
        "incidentKind": "Planned",
        "mainCategory": "SCHEDULED ROADWORK",
        "lastUpdated": 1789758002637,
        "otherAdvice": "<p>Portable traffic control devices may be in place at multiple locations to allow motorists to pass in one direction at a time.</p><p>Work will not occur on Sun, 4, Mon 5, Sun 11 or Mon 12 Oct due to School and public holidays.</p>",
        "arrangementElements": [],
        "diversions": "",
        "additionalInfo": [],
        "weblinkName": null,
        "attendingGroups": null,
        "encodedPolylines": [],
        "duration": null,
        "start": 1787047200000,
        "displayName": "SCHEDULED ROADWORK",
        "roads": [
          {
            "conditionTendency": "",
            "crossStreet": "New Illawarra Road",
            "delay": "",
            "impactedLanes": [],
            "locationQualifier": "between",
            "mainStreet": "Heathcote Road",
            "quadrant": "",
            "queueLength": 0,
            "region": "Sydney",
            "secondLocation": "Pleasure Point Road",
            "suburb": "Lucas Heights to Holsworthy",
            "trafficVolume": ""
          }
        ],
        "isLocalRoad": "State road",
        "CategoryIcon": "Roadworks"
      }
    },
    {
      "type": "Feature",
      "id": 288454,
      "geometry": {
        "type": "Point",
        "coordinates": [
          150.902698,
          -32.241453
        ],
        "collections": []
      },
      "properties": {
        "webLinks": [],
        "headline": "",
        "periods": [
          {
            "closureType": "ROAD_CLOSURE",
            "roadextent": "Affected",
            "roadtype": "",
            "direction": "Both directions",
            "finishTime": "",
            "fromDay": "Weekdays",
            "startTime": "all day",
            "toDay": ""
          },
          {
            "closureType": "ROAD_CLOSURE",
            "roadextent": "Affected",
            "roadtype": "",
            "direction": "Both directions",
            "finishTime": "",
            "fromDay": "Weekday Nights",
            "startTime": "all day",
            "toDay": ""
          }
        ],
        "speedLimit": 60,
        "weblinkUrl": null,
        "expectedDelay": -1,
        "ended": false,
        "isNewIncident": false,
        "publicTransport": "",
        "impactingNetwork": false,
        "subCategoryB": null,
        "arrangementAttachments": [],
        "isInitialReport": false,
        "created": 1789709133000,
        "isMajor": false,
        "name": null,
        "subCategoryA": "null",
        "adviceA": "Allow extra travel time",
        "adviceB": "Check signage",
        "adviceC": "Reduced speed limit",
        "end": 1792154700000,
        "hideEndDate": false,
        "incidentKind": "Planned",
        "mainCategory": "SCHEDULED ROADWORK",
        "lastUpdated": 1789848778212,
        "otherAdvice": "<p>Portable traffic lights will allow motorists to pass in one direction at a time. Motorists are advised to allow approximately 5 minutes of additional travel time. </p>",
        "arrangementElements": [],
        "diversions": "",
        "additionalInfo": [],
        "weblinkName": null,
        "attendingGroups": null,
        "encodedPolylines": [],
        "duration": null,
        "start": 1789622580000,
        "displayName": "SCHEDULED ROADWORK",
        "roads": [
          {
            "conditionTendency": "",
            "crossStreet": "Sandy Creek Road",
            "delay": "",
            "impactedLanes": [],
            "locationQualifier": "at",
            "mainStreet": "New England Highway",
            "quadrant": "",
            "queueLength": 0,
            "region": "Hunter",
            "secondLocation": "",
            "suburb": "Muswellbrook",
            "trafficVolume": ""
          }
        ],
        "isLocalRoad": "State road",
        "CategoryIcon": "Roadworks"
      }
    },
    {
      "type": "Feature",
      "id": 263252,
      "geometry": {
        "type": "Point",
        "coordinates": [
          152.4706111,
          -29.529423
        ],
        "collections": []
      },
      "properties": {
        "webLinks": [],
        "headline": "",
        "periods": [
          {
            "closureType": "ROAD_CLOSURE",
            "roadextent": "Affected",
            "roadtype": "",
            "direction": "Both directions",
            "finishTime": "",
            "fromDay": "Every Day",
            "startTime": "all day",
            "toDay": ""
          }
        ],
        "speedLimit": 40,
        "weblinkUrl": null,
        "expectedDelay": -1,
        "ended": false,
        "isNewIncident": false,
        "publicTransport": "",
        "impactingNetwork": false,
        "subCategoryB": null,
        "arrangementAttachments": [],
        "isInitialReport": false,
        "created": 1769738602000,
        "isMajor": false,
        "name": null,
        "subCategoryA": "Slope stabilisation",
        "adviceA": "Reduced speed limit",
        "adviceB": "Check signage",
        "adviceC": "Exercise caution",
        "end": 1793430000000,
        "hideEndDate": false,
        "incidentKind": "Planned",
        "mainCategory": "SCHEDULED ROADWORK",
        "lastUpdated": 1789848820807,
        "otherAdvice": "<p>Portable traffic lights will allow motorists to pass in one direction at a time. <strong>There is a vehicle width restriction of 3.2 metres</strong>. Motorists are advised to allow approximately 5 minutes of additional travel time.</p>",
        "arrangementElements": [],
        "diversions": "",
        "additionalInfo": [],
        "weblinkName": null,
        "attendingGroups": null,
        "encodedPolylines": [],
        "duration": null,
        "start": 1769997720000,
        "displayName": "SCHEDULED ROADWORK Slope stabilisation",
        "roads": [
          {
            "conditionTendency": "",
            "crossStreet": "Cangai Bridge Road",
            "delay": "",
            "impactedLanes": [],
            "locationQualifier": "at",
            "mainStreet": "Gwydir Highway",
            "quadrant": "",
            "queueLength": 0,
            "region": "North Coast NSW",
            "secondLocation": "",
            "suburb": "Cangai",
            "trafficVolume": ""
          }
        ],
        "isLocalRoad": "State road",
        "CategoryIcon": "Roadworks"
      }
    },
    {
      "type": "Feature",
      "id": 205646,
      "geometry": {
        "type": "Point",
        "coordinates": [
          150.2542159,
          -30.9716711
        ],
        "collections": []
      },
      "properties": {
        "webLinks": [],
        "headline": "",
        "periods": [
          {
            "closureType": "ROAD_CLOSURE",
            "roadextent": "Affected",
            "roadtype": "",
            "direction": "Both directions",
            "finishTime": "",
            "fromDay": "Every Day",
            "startTime": "all day",
            "toDay": ""
          }
        ],
        "speedLimit": 40,
        "weblinkUrl": null,
        "expectedDelay": -1,
        "ended": false,
        "isNewIncident": false,
        "publicTransport": "",
        "impactingNetwork": false,
        "subCategoryB": null,
        "arrangementAttachments": [
          {
            "displayName": "Cohens Bridge Gunnedah",
            "fileName": "Cohens Bridge Gunnedah.jpeg",
            "fileType": "JPEG",
            "linkName": "Cohens Bridge Gunnedah",
            "sizeInBytes": 52932,
            "uniqueFileName": "961863_1752028373764_Cohens Bridge Gunnedah.jpeg"
          }
        ],
        "isInitialReport": false,
        "created": 1724375591000,
        "isMajor": false,
        "name": null,
        "subCategoryA": "Bridge work",
        "adviceA": "Check signage",
        "adviceB": "Use diversions",
        "adviceC": "Reduced speed limit",
        "end": 1795957200000,
        "hideEndDate": false,
        "incidentKind": "Planned",
        "mainCategory": "SCHEDULED ROADWORK",
        "lastUpdated": 1789848876905,
        "otherAdvice": "<p>Contraflow traffic conditions will be in place to allow light vehicles to pass in both directions across Cohens Bridge. Heavy vehicles and any vehicle over 3 metres wide must follow detour.</p>",
        "arrangementElements": [],
        "diversions": "<p>Heavy vehicle detour via Kamilaroi Hwy, Blue Vale Rd and Old Blue Vale Rd. Please allow approximately 15 minutes of additional travel time.</p>",
        "additionalInfo": [],
        "weblinkName": null,
        "attendingGroups": null,
        "encodedPolylines": [],
        "duration": null,
        "start": 1756216800000,
        "displayName": "SCHEDULED ROADWORK Bridge work",
        "roads": [
          {
            "conditionTendency": "",
            "crossStreet": "Cohens Bridge",
            "delay": "",
            "impactedLanes": [],
            "locationQualifier": "at",
            "mainStreet": "Chandos Street",
            "quadrant": "",
            "queueLength": 0,
            "region": "New England North West",
            "secondLocation": "",
            "suburb": "Gunnedah",
            "trafficVolume": ""
          }
        ],
        "isLocalRoad": "State road",
        "CategoryIcon": "Roadworks"
      }
    },
    {
      "type": "Feature",
      "id": 287521,
      "geometry": {
        "type": "Point",
        "coordinates": [
          147.9699846,
          -35.7716619
        ],
        "collections": []
      },
      "properties": {
        "webLinks": [],
        "headline": "",
        "periods": [
          {
            "closureType": "ROAD_CLOSURE",
            "roadextent": "Affected",
            "roadtype": "",
            "direction": "Both directions",
            "finishTime": "6:00pm",
            "fromDay": "Weekdays",
            "startTime": "7:00am",
            "toDay": ""
          },
          {
            "closureType": "ROAD_CLOSURE",
            "roadextent": "Affected",
            "roadtype": "",
            "direction": "Both directions",
            "finishTime": "4:00pm",
            "fromDay": "Saturday",
            "startTime": "7:00am",
            "toDay": ""
          }
        ],
        "speedLimit": 40,
        "weblinkUrl": null,
        "expectedDelay": -1,
        "ended": false,
        "isNewIncident": true,
        "publicTransport": "",
        "impactingNetwork": false,
        "subCategoryB": null,
        "arrangementAttachments": [],
        "isInitialReport": false,
        "created": 1789934407000,
        "isMajor": false,
        "name": null,
        "subCategoryA": "Maintenance",
        "adviceA": "Reduced speed limit",
        "adviceB": "Check signage",
        "adviceC": " ",
        "end": 1796972400000,
        "hideEndDate": false,
        "incidentKind": "Planned",
        "mainCategory": "SCHEDULED ROADWORK",
        "lastUpdated": 1789934408501,
        "otherAdvice": "",
        "arrangementElements": [],
        "diversions": "",
        "additionalInfo": [],
        "weblinkName": null,
        "attendingGroups": null,
        "encodedPolylines": [],
        "duration": null,
        "start": 1790542800000,
        "displayName": "SCHEDULED ROADWORK Maintenance",
        "roads": [
          {
            "conditionTendency": "",
            "crossStreet": "Jingellic Rd",
            "delay": "",
            "impactedLanes": [],
            "locationQualifier": "near",
            "mainStreet": "Tumbarumba Road",
            "quadrant": "",
            "queueLength": 0,
            "region": "Snowy Mountains",
            "secondLocation": "",
            "suburb": "Tumbarumba",
            "trafficVolume": ""
          }
        ],
        "isLocalRoad": "State road",
        "CategoryIcon": "Roadworks"
      }
    },
    {
      "type": "Feature",
      "id": 288646,
      "geometry": {
        "type": "Point",
        "coordinates": [
          151.2039345,
          -33.8833082
        ],
        "collections": []
      },
      "properties": {
        "webLinks": [],
        "headline": "",
        "periods": [
          {
            "closureType": "ROAD_CLOSURE",
            "roadextent": "Affected",
            "roadtype": "",
            "direction": "Southbound",
            "finishTime": "11:59pm",
            "fromDay": "Every Day",
            "startTime": "6:00am",
            "toDay": ""
          }
        ],
        "speedLimit": -1,
        "weblinkUrl": null,
        "expectedDelay": -1,
        "ended": false,
        "isNewIncident": true,
        "publicTransport": "",
        "impactingNetwork": false,
        "subCategoryB": null,
        "arrangementAttachments": [],
        "isInitialReport": false,
        "created": 1789947211000,
        "isMajor": false,
        "name": null,
        "subCategoryA": "null",
        "adviceA": "Exercise caution",
        "adviceB": "Allow extra travel time",
        "adviceC": "Reduce your speed",
        "end": 1792350000000,
        "hideEndDate": false,
        "incidentKind": "Planned",
        "mainCategory": "SCHEDULED ROADWORK",
        "lastUpdated": 1789947212379,
        "otherAdvice": "<p>1 of 2 southbound lanes will be closed.</p>",
        "arrangementElements": [],
        "diversions": "",
        "additionalInfo": [],
        "weblinkName": null,
        "attendingGroups": null,
        "encodedPolylines": [],
        "duration": null,
        "start": 1789934400000,
        "displayName": "SCHEDULED ROADWORK",
        "roads": [
          {
            "conditionTendency": "",
            "crossStreet": "Railway Colonnade Drive",
            "delay": "",
            "impactedLanes": [],
            "locationQualifier": "between",
            "mainStreet": "Lee Street",
            "quadrant": "",
            "queueLength": 0,
            "region": "Sydney",
            "secondLocation": "Little Regent Street",
            "suburb": "Sydney",
            "trafficVolume": ""
          }
        ],
        "isLocalRoad": "State road",
        "CategoryIcon": "Roadworks"
      }
    },
    {
      "type": "Feature",
      "id": 288802,
      "geometry": {
        "type": "Point",
        "coordinates": [
          151.7122891,
          -32.811176
        ],
        "collections": []
      },
      "properties": {
        "webLinks": [],
        "headline": "",
        "periods": [
          {
            "closureType": "ROAD_CLOSURE",
            "roadextent": "Closed",
            "roadtype": "Road",
            "direction": "Northbound",
            "finishTime": "",
            "fromDay": "Every Day",
            "startTime": "all day",
            "toDay": ""
          }
        ],
        "speedLimit": -1,
        "weblinkUrl": null,
        "expectedDelay": -1,
        "ended": false,
        "isNewIncident": true,
        "publicTransport": "",
        "impactingNetwork": false,
        "subCategoryB": null,
        "arrangementAttachments": [
          {
            "displayName": "Old Punt Rd northbound closure",
            "fileName": "Old Punt Rd northbound closure.png",
            "fileType": "PNG",
            "linkName": "Old Punt Rd northbound closure",
            "sizeInBytes": 1658365,
            "uniqueFileName": "168913_1790057683411_Old Punt Rd northbound closure.png"
          }
        ],
        "isInitialReport": false,
        "created": 1790057763000,
        "isMajor": false,
        "name": null,
        "subCategoryA": "null",
        "adviceA": "Allow extra travel time",
        "adviceB": "Check signage",
        "adviceC": " ",
        "end": 1829565900000,
        "hideEndDate": false,
        "incidentKind": "Planned",
        "mainCategory": "SCHEDULED ROADWORK",
        "lastUpdated": 1790057763623,
        "otherAdvice": "<p>Old Punt Road will close to northbound traffic between Kennington Drive and the Pacific Highway from September 23 for about 16 months. Detour is via Tomago Road. Southbound traffic will remain open with a 60km/h speed limit.</p><p>Work will include upgrading Old Punt Road between the Pacific Highway and Kennington Drive and rehabilitating the pavement between Kennington Drive and Tomago Road.</p>",
        "arrangementElements": [],
        "diversions": "",
        "additionalInfo": [],
        "weblinkName": null,
        "attendingGroups": null,
        "encodedPolylines": [],
        "duration": null,
        "start": 1790085600000,
        "displayName": "SCHEDULED ROADWORK",
        "roads": [
          {
            "conditionTendency": "",
            "crossStreet": "",
            "delay": "",
            "impactedLanes": [],
            "locationQualifier": "at",
            "mainStreet": "Old Punt Road",
            "quadrant": "",
            "queueLength": 0,
            "region": "Hunter",
            "secondLocation": "",
            "suburb": "Tomago",
            "trafficVolume": ""
          }
        ],
        "isLocalRoad": "State road",
        "CategoryIcon": "Roadworks"
      }
    },
    {
      "type": "Feature",
      "id": 288828,
      "geometry": {
        "type": "Point",
        "coordinates": [
          151.0488469,
          -33.7592695
        ],
        "collections": []
      },
      "properties": {
        "webLinks": [],
        "headline": "",
        "periods": [
          {
            "closureType": "ROAD_CLOSURE",
            "roadextent": "Closed",
            "roadtype": "On-ramp",
            "direction": "Westbound",
            "finishTime": "5:00am",
            "fromDay": "Sunday",
            "startTime": "10:00pm",
            "toDay": ""
          },
          {
            "closureType": "ROAD_CLOSURE",
            "roadextent": "Closed",
            "roadtype": "On-ramp",
            "direction": "Westbound",
            "finishTime": "5:00am",
            "fromDay": "Monday",
            "startTime": "10:00pm",
            "toDay": ""
          },
          {
            "closureType": "ROAD_CLOSURE",
            "roadextent": "Closed",
            "roadtype": "On-ramp",
            "direction": "Westbound",
            "finishTime": "5:00am",
            "fromDay": "Tuesday",
            "startTime": "10:00pm",
            "toDay": ""
          },
          {
            "closureType": "ROAD_CLOSURE",
            "roadextent": "Closed",
            "roadtype": "On-ramp",
            "direction": "Westbound",
            "finishTime": "5:00am",
            "fromDay": "Wednesday",
            "startTime": "10:00pm",
            "toDay": ""
          },
          {
            "closureType": "ROAD_CLOSURE",
            "roadextent": "Closed",
            "roadtype": "On-ramp",
            "direction": "Westbound",
            "finishTime": "5:00am",
            "fromDay": "Thursday",
            "startTime": "10:00pm",
            "toDay": ""
          }
        ],
        "speedLimit": -1,
        "weblinkUrl": null,
        "expectedDelay": -1,
        "ended": false,
        "isNewIncident": true,
        "publicTransport": "",
        "impactingNetwork": true,
        "subCategoryB": null,
        "arrangementAttachments": [],
        "isInitialReport": false,
        "created": 1790069292000,
        "isMajor": false,
        "name": null,
        "subCategoryA": "Resurfacing",
        "adviceA": "Plan your journey",
        "adviceB": "Use an alternative route",
        "adviceC": "Allow extra travel time",
        "end": 1793297700000,
        "hideEndDate": false,
        "incidentKind": "Planned",
        "mainCategory": "SCHEDULED ROADWORK",
        "lastUpdated": 1790069293371,
        "otherAdvice": "",
        "arrangementElements": [],
        "diversions": "<p>Motorist travelling northbound on Pennant Hills Rd: Pennant Hills Rd, Castle Hill Rd, Old Northern Rd, Windsor Rd to the M2 Mtwy. </p><p>Motorists travelling southbound on Pennant Hills Rd: Pennant Hills Rd, Cumberland Hwy, Windsor Rd to the M2 Mtwy. </p>",
        "additionalInfo": [],
        "weblinkName": null,
        "attendingGroups": null,
        "encodedPolylines": [],
        "duration": null,
        "start": 1792926000000,
        "displayName": "SCHEDULED ROADWORK Resurfacing",
        "roads": [
          {
            "conditionTendency": "",
            "crossStreet": "M2 Motorway",
            "delay": "",
            "impactedLanes": [],
            "locationQualifier": "to",
            "mainStreet": "Pennant Hills Road westbound on-ramp",
            "quadrant": "",
            "queueLength": 0,
            "region": "Sydney",
            "secondLocation": "",
            "suburb": "Carlingford",
            "trafficVolume": ""
          }
        ],
        "isLocalRoad": "State road",
        "CategoryIcon": "Roadworks"
      }
    },
    {
      "type": "Feature",
      "id": 288833,
      "geometry": {
        "type": "Point",
        "coordinates": [
          150.9701236,
          -33.8058928
        ],
        "collections": []
      },
      "properties": {
        "webLinks": [],
        "headline": "",
        "periods": [
          {
            "closureType": "ROAD_CLOSURE",
            "roadextent": "Affected",
            "roadtype": "",
            "direction": "Both directions",
            "finishTime": "5:00am",
            "fromDay": "Tuesday",
            "startTime": "10:00pm",
            "toDay": ""
          },
          {
            "closureType": "ROAD_CLOSURE",
            "roadextent": "Affected",
            "roadtype": "",
            "direction": "Both directions",
            "finishTime": "5:00am",
            "fromDay": "Wednesday",
            "startTime": "10:00pm",
            "toDay": ""
          },
          {
            "closureType": "ROAD_CLOSURE",
            "roadextent": "Affected",
            "roadtype": "",
            "direction": "Both directions",
            "finishTime": "5:00am",
            "fromDay": "Thursday",
            "startTime": "10:30pm",
            "toDay": ""
          }
        ],
        "speedLimit": 40,
        "weblinkUrl": null,
        "expectedDelay": -1,
        "ended": false,
        "isNewIncident": true,
        "publicTransport": "",
        "impactingNetwork": false,
        "subCategoryB": null,
        "arrangementAttachments": [],
        "isInitialReport": false,
        "created": 1790071650000,
        "isMajor": false,
        "name": null,
        "subCategoryA": "Utilities",
        "adviceA": "Allow extra travel time",
        "adviceB": "Exercise caution",
        "adviceC": "Reduced speed limit",
        "end": 1792088100000,
        "hideEndDate": false,
        "incidentKind": "Planned",
        "mainCategory": "SCHEDULED ROADWORK",
        "lastUpdated": 1790071650559,
        "otherAdvice": "<p>Alternating (stop/slow) traffic conditions will be in place to allow motorists to pass in one direction at a time. </p><p>Traffic lights at the intersection of Cumberland Hwy and Wentworth Ave will be blacked out.</p>",
        "arrangementElements": [],
        "diversions": "",
        "additionalInfo": [],
        "weblinkName": null,
        "attendingGroups": null,
        "encodedPolylines": [],
        "duration": null,
        "start": 1791282600000,
        "displayName": "SCHEDULED ROADWORK Utilities",
        "roads": [
          {
            "conditionTendency": "",
            "crossStreet": "Great Western Highway",
            "delay": "",
            "impactedLanes": [],
            "locationQualifier": "between",
            "mainStreet": "Cumberland Highway",
            "quadrant": "",
            "queueLength": 0,
            "region": "Sydney",
            "secondLocation": "Mahony Road",
            "suburb": "Wentworthville/Constitution Hill",
            "trafficVolume": ""
          }
        ],
        "isLocalRoad": "State road",
        "CategoryIcon": "Roadworks"
      }
    },
    {
      "type": "Feature",
      "id": 288360,
      "geometry": {
        "type": "Point",
        "coordinates": [
          145.7726068,
          -35.1481258
        ],
        "collections": []
      },
      "properties": {
        "webLinks": [],
        "headline": "",
        "periods": [
          {
            "closureType": "ROAD_CLOSURE",
            "roadextent": "Affected",
            "roadtype": "",
            "direction": "Both directions",
            "finishTime": "5:00pm",
            "fromDay": "Weekdays",
            "startTime": "7:00am",
            "toDay": ""
          },
          {
            "closureType": "ROAD_CLOSURE",
            "roadextent": "Affected",
            "roadtype": "",
            "direction": "Both directions",
            "finishTime": "1:00pm",
            "fromDay": "Weekend",
            "startTime": "8:00am",
            "toDay": ""
          }
        ],
        "speedLimit": -1,
        "weblinkUrl": null,
        "expectedDelay": -1,
        "ended": false,
        "isNewIncident": false,
        "publicTransport": "",
        "impactingNetwork": false,
        "subCategoryB": null,
        "arrangementAttachments": [],
        "isInitialReport": false,
        "created": 1789686395000,
        "isMajor": false,
        "name": null,
        "subCategoryA": "Bridge work",
        "adviceA": " ",
        "adviceB": " ",
        "adviceC": " ",
        "end": 1796364000000,
        "hideEndDate": false,
        "incidentKind": "Planned",
        "mainCategory": "SCHEDULED ROADWORK",
        "lastUpdated": 1790125116841,
        "otherAdvice": "<p>Traffic controllers will be on site to direct motorists. </p><p>Full bridge closures and a detour via  via the Newell Highway and Sturt Highway at Narrandera will be in place for up to 36 hours at various times during the project.</p>",
        "arrangementElements": [
          {
            "html": "<p>Oversize vehicles 4.5 metres wide or greater will be guided through the work area. Drivers will be directed to stop at parking bays on approach to the work area and contact traffic control using the phone or UHF numbers shown on the electronic signage. </p><p><em>Please note:</em></p><p><em>Unless specified otherwise, operators of Class 1,2 &amp; 3 vehicles travelling under a Notice </em><strong><em>must</em></strong><em> consult their relevant enforceable network map to confirm a suitable </em><strong><em>approved</em></strong><em> alternate route. OSOM vehicles operating under the National Class 1 Load Carrying Vehicles Mass and/or Dimension Exemption Notices can use the available detours if they are suitable for their combination. Operators are reminded that under Schedule 8 of the Heavy Vehicle (Mass, Dimension and Loading) National Regulation (NSW), there is a requirement for the driver and operator to scope the proposed route prior to travel to ensure it is suitable for their vehicle.</em></p><p><em>Operators of Class 1, 2 &amp; 3 vehicles travelling under a Permit </em><strong><em>must not</em></strong><em> travel off the approved route listed in the permit unless an updated permit is obtained from the NHVR.</em></p>",
            "title": "Advice for OSOM Operators",
            "id": "914722"
          }
        ],
        "diversions": "",
        "additionalInfo": [],
        "weblinkName": null,
        "attendingGroups": null,
        "encodedPolylines": [],
        "duration": null,
        "start": 1792440000000,
        "displayName": "SCHEDULED ROADWORK Bridge work",
        "roads": [
          {
            "conditionTendency": "",
            "crossStreet": "",
            "delay": "",
            "impactedLanes": [],
            "locationQualifier": "at",
            "mainStreet": "Kidman Way",
            "quadrant": "",
            "queueLength": 0,
            "region": "The Murray",
            "secondLocation": "",
            "suburb": "Jerilderie",
            "trafficVolume": ""
          }
        ],
        "isLocalRoad": "State road",
        "CategoryIcon": "Roadworks"
      }
    },
    {
      "type": "Feature",
      "id": 288678,
      "geometry": {
        "type": "Point",
        "coordinates": [
          150.891144,
          -34.40788
        ],
        "collections": []
      },
      "properties": {
        "webLinks": [],
        "headline": "",
        "periods": [
          {
            "closureType": "ROAD_CLOSURE",
            "roadextent": "Affected",
            "roadtype": "",
            "direction": "Both directions",
            "finishTime": "5:00am",
            "fromDay": "Sunday",
            "startTime": "8:00pm",
            "toDay": ""
          },
          {
            "closureType": "ROAD_CLOSURE",
            "roadextent": "Affected",
            "roadtype": "",
            "direction": "Both directions",
            "finishTime": "5:00am",
            "fromDay": "Monday",
            "startTime": "8:00pm",
            "toDay": ""
          },
          {
            "closureType": "ROAD_CLOSURE",
            "roadextent": "Affected",
            "roadtype": "",
            "direction": "Both directions",
            "finishTime": "5:00am",
            "fromDay": "Tuesday",
            "startTime": "8:00pm",
            "toDay": ""
          },
          {
            "closureType": "ROAD_CLOSURE",
            "roadextent": "Affected",
            "roadtype": "",
            "direction": "Both directions",
            "finishTime": "5:00am",
            "fromDay": "Wednesday",
            "startTime": "8:00pm",
            "toDay": ""
          },
          {
            "closureType": "ROAD_CLOSURE",
            "roadextent": "Affected",
            "roadtype": "",
            "direction": "Both directions",
            "finishTime": "5:00am",
            "fromDay": "Thursday",
            "startTime": "8:00pm",
            "toDay": ""
          }
        ],
        "speedLimit": 40,
        "weblinkUrl": null,
        "expectedDelay": -1,
        "ended": false,
        "isNewIncident": false,
        "publicTransport": "<p>Multiple bus stops within the work area will be temporarily closed for up to three nights each while work is carried out.</p><p>Visit <a href=\"https://transportnsw.info/\" rel=\"noopener noreferrer\" target=\"_blank\">transportnsw.info</a> to plan your trip on public transport.</p>",
        "impactingNetwork": false,
        "subCategoryB": null,
        "arrangementAttachments": [],
        "isInitialReport": false,
        "created": 1789965503000,
        "isMajor": false,
        "name": null,
        "subCategoryA": "null",
        "adviceA": "Reduced speed limit",
        "adviceB": " ",
        "adviceC": " ",
        "end": 1793901600000,
        "hideEndDate": false,
        "incidentKind": "Planned",
        "mainCategory": "SCHEDULED ROADWORK",
        "lastUpdated": 1790125448390,
        "otherAdvice": "<p>Traffic controllers will be on site to direct motorists. Contraflow traffic conditions will be in place to allow motorists to pass in both directions. </p><p>From Sunday 25 October to Thursday 29 October, between 8pm and 4am each night,  there will be a one night closure of each on and off ramp to Memorial Drive at North Wollongong.</p>",
        "arrangementElements": [
          {
            "html": "<p>From Sunday 25 October to Thursday 29 October, between 8pm and 4am each night, there will be a one night closure of each on and off ramp to Memorial Drive at North Wollongong. During these closures motorists will be detoured via Towradgi Road, Porter Street, Crown Street, and Mount Ousley Road. This detour is suitable for light vehicles, General Access Vehicles and PBS Level 1 vehicles, and will add up to ten minutes to journey times.</p><p>All other vehicles will be guided through the work area. Drivers will be directed to park up on approach to the work area and contact traffic control using the phone or UHF numbers shown on the electronic signage. Drivers should expect delays of up to one hour.</p><p>Vehicles travelling under a permit must not travel off the approved route listed in their permit unless an updated permit is obtained from the National Heavy Vehicle Regulator (NHVR).</p><p>Please review the <a href=\"https://cst-freightbranchstakeholderengagement.createsend1.com/t/j-i-wujldtd-l-j/\" rel=\"noopener noreferrer\" target=\"_blank\">Restricted Access Vehicles map</a> to help you plan an alternative route if required.  </p><p>Unless specified otherwise, operators of Class 1,2 &amp; 3 vehicles travelling under a Notice <strong>must</strong> consult their relevant enforceable network map to confirm a suitable <strong>approved</strong> alternate route. </p><p>Operators of Class 1, 2 &amp; 3 vehicles travelling under a Permit <strong>must not</strong> travel off the approved route listed in the permit unless an updated permit is obtained from the NHVR.</p>",
            "title": "Advice for OSOM Operators",
            "id": "914732"
          }
        ],
        "diversions": "",
        "additionalInfo": [],
        "weblinkName": null,
        "attendingGroups": null,
        "encodedPolylines": [],
        "duration": null,
        "start": 1791709200000,
        "displayName": "SCHEDULED ROADWORK",
        "roads": [
          {
            "conditionTendency": "",
            "crossStreet": "Lysaght St",
            "delay": "",
            "impactedLanes": [],
            "locationQualifier": "between",
            "mainStreet": "Princes Highway",
            "quadrant": "",
            "queueLength": 0,
            "region": "South Coast",
            "secondLocation": "Bourke Street",
            "suburb": "North Wollongong",
            "trafficVolume": ""
          }
        ],
        "isLocalRoad": "State road",
        "CategoryIcon": "Roadworks"
      }
    },
    {
      "type": "Feature",
      "id": 283135,
      "geometry": {
        "type": "Point",
        "coordinates": [
          150.5163169,
          -34.6804558
        ],
        "collections": []
      },
      "properties": {
        "webLinks": [],
        "headline": "",
        "periods": [
          {
            "closureType": "ROAD_CLOSURE",
            "roadextent": "Affected",
            "roadtype": "",
            "direction": "Both directions",
            "finishTime": "6:00pm",
            "fromDay": "Weekdays",
            "startTime": "7:00am",
            "toDay": ""
          }
        ],
        "speedLimit": 40,
        "weblinkUrl": null,
        "expectedDelay": -1,
        "ended": false,
        "isNewIncident": false,
        "publicTransport": "",
        "impactingNetwork": false,
        "subCategoryB": null,
        "arrangementAttachments": [],
        "isInitialReport": false,
        "created": 1789678848000,
        "isMajor": false,
        "name": null,
        "subCategoryA": "null",
        "adviceA": "Reduced speed limit",
        "adviceB": "Check signage",
        "adviceC": " ",
        "end": 1800601200000,
        "hideEndDate": false,
        "incidentKind": "Planned",
        "mainCategory": "SCHEDULED ROADWORK",
        "lastUpdated": 1790138403819,
        "otherAdvice": "<p>Traffic controllers will be on site to direct motorists. Alternating (stop/slow) traffic conditions will be in place to allow motorists to pass in one direction at a time.</p><p>Vehicles wider than 3.1m will be guided through the work area. Drivers will be directed to park up on approach to the work area and contact traffic control using the phone or UHF numbers shown on the electronic signage. </p>",
        "arrangementElements": [],
        "diversions": "",
        "additionalInfo": [],
        "weblinkName": null,
        "attendingGroups": null,
        "encodedPolylines": [],
        "duration": null,
        "start": 1792526400000,
        "displayName": "SCHEDULED ROADWORK",
        "roads": [
          {
            "conditionTendency": "",
            "crossStreet": "Timelong Road",
            "delay": "",
            "impactedLanes": [],
            "locationQualifier": "at",
            "mainStreet": "Moss Vale Road",
            "quadrant": "",
            "queueLength": 0,
            "region": "South Coast",
            "secondLocation": "",
            "suburb": "Barrengarry",
            "trafficVolume": ""
          }
        ],
        "isLocalRoad": "State road",
        "CategoryIcon": "Roadworks"
      }
    },
    {
      "type": "Feature",
      "id": 288946,
      "geometry": {
        "type": "Point",
        "coordinates": [
          151.126699,
          -33.830162
        ],
        "collections": []
      },
      "properties": {
        "webLinks": [],
        "headline": "",
        "periods": [
          {
            "closureType": "ROAD_CLOSURE",
            "roadextent": "Affected",
            "roadtype": "",
            "direction": "All directions",
            "finishTime": "5:00am",
            "fromDay": "Sunday",
            "startTime": "10:00pm",
            "toDay": ""
          }
        ],
        "speedLimit": 40,
        "weblinkUrl": null,
        "expectedDelay": -1,
        "ended": false,
        "isNewIncident": true,
        "publicTransport": "",
        "impactingNetwork": false,
        "subCategoryB": null,
        "arrangementAttachments": [],
        "isInitialReport": false,
        "created": 1790140513000,
        "isMajor": false,
        "name": null,
        "subCategoryA": "Utilities",
        "adviceA": "Reduced speed limit",
        "adviceB": "Follow directions on site",
        "adviceC": "Allow extra travel time",
        "end": 1791741600000,
        "hideEndDate": false,
        "incidentKind": "Planned",
        "mainCategory": "SCHEDULED ROADWORK",
        "lastUpdated": 1790140514400,
        "otherAdvice": "<p>Traffic lights at the intersection of Victoria Rd and Pittwater Rd will be blacked out or flashing, and portable traffic lights will allow motorists to pass in one direction at a time. </p>",
        "arrangementElements": [],
        "diversions": "",
        "additionalInfo": [],
        "weblinkName": null,
        "attendingGroups": null,
        "encodedPolylines": [],
        "duration": null,
        "start": 1791691980000,
        "displayName": "SCHEDULED ROADWORK Utilities",
        "roads": [
          {
            "conditionTendency": "",
            "crossStreet": "Cambridge Street",
            "delay": "",
            "impactedLanes": [],
            "locationQualifier": "between",
            "mainStreet": "Victoria Road",
            "quadrant": "",
            "queueLength": 0,
            "region": "Sydney",
            "secondLocation": "Junction Street",
            "suburb": "Gladesville",
            "trafficVolume": ""
          }
        ],
        "isLocalRoad": "State road",
        "CategoryIcon": "Roadworks"
      }
    },
    {
      "type": "Feature",
      "id": 288948,
      "geometry": {
        "type": "Point",
        "coordinates": [
          151.0551117,
          -33.7993758
        ],
        "collections": []
      },
      "properties": {
        "webLinks": [],
        "headline": "",
        "periods": [
          {
            "closureType": "ROAD_CLOSURE",
            "roadextent": "Affected",
            "roadtype": "",
            "direction": "All directions",
            "finishTime": "5:00am",
            "fromDay": "Wednesday",
            "startTime": "10:30pm",
            "toDay": ""
          },
          {
            "closureType": "ROAD_CLOSURE",
            "roadextent": "Affected",
            "roadtype": "",
            "direction": "All directions",
            "finishTime": "5:00am",
            "fromDay": "Thursday",
            "startTime": "10:30pm",
            "toDay": ""
          },
          {
            "closureType": "ROAD_CLOSURE",
            "roadextent": "Affected",
            "roadtype": "",
            "direction": "All directions",
            "finishTime": "5:00am",
            "fromDay": "Sunday",
            "startTime": "10:30pm",
            "toDay": ""
          },
          {
            "closureType": "ROAD_CLOSURE",
            "roadextent": "Affected",
            "roadtype": "",
            "direction": "All directions",
            "finishTime": "5:00am",
            "fromDay": "Monday",
            "startTime": "10:30pm",
            "toDay": ""
          }
        ],
        "speedLimit": 40,
        "weblinkUrl": null,
        "expectedDelay": -1,
        "ended": false,
        "isNewIncident": true,
        "publicTransport": "",
        "impactingNetwork": false,
        "subCategoryB": null,
        "arrangementAttachments": [],
        "isInitialReport": false,
        "created": 1790141062000,
        "isMajor": false,
        "name": null,
        "subCategoryA": "Line marking",
        "adviceA": "Reduced speed limit",
        "adviceB": "Follow directions on site",
        "adviceC": "Allow extra travel time",
        "end": 1793210400000,
        "hideEndDate": false,
        "incidentKind": "Planned",
        "mainCategory": "SCHEDULED ROADWORK",
        "lastUpdated": 1790141063162,
        "otherAdvice": "<p>Traffic lights at the intersection of Kissing Point Rd/Stewart St and Silverwater Rd will be blacked out or flashing, and portable traffic lights will allow motorists to pass in one direction at a time.</p>",
        "arrangementElements": [],
        "diversions": "",
        "additionalInfo": [],
        "weblinkName": null,
        "attendingGroups": null,
        "encodedPolylines": [],
        "duration": null,
        "start": 1790140380000,
        "displayName": "SCHEDULED ROADWORK Line marking",
        "roads": [
          {
            "conditionTendency": "",
            "crossStreet": "Sturt Street",
            "delay": "",
            "impactedLanes": [],
            "locationQualifier": "between",
            "mainStreet": "Kissing Point Road/Stewart Street",
            "quadrant": "",
            "queueLength": 0,
            "region": "Sydney",
            "secondLocation": "Marsden Road",
            "suburb": "Dundas",
            "trafficVolume": ""
          }
        ],
        "isLocalRoad": "State road",
        "CategoryIcon": "Roadworks"
      }
    },
    {
      "type": "Feature",
      "id": 280697,
      "geometry": {
        "type": "Point",
        "coordinates": [
          151.157886,
          -33.957932
        ],
        "collections": []
      },
      "properties": {
        "webLinks": [],
        "headline": "",
        "periods": [
          {
            "closureType": "ROAD_CLOSURE",
            "roadextent": "Affected",
            "roadtype": "",
            "direction": "Both directions",
            "finishTime": "5:00am",
            "fromDay": "Monday",
            "startTime": "10:00pm",
            "toDay": ""
          },
          {
            "closureType": "ROAD_CLOSURE",
            "roadextent": "Affected",
            "roadtype": "",
            "direction": "Both directions",
            "finishTime": "5:00am",
            "fromDay": "Tuesday",
            "startTime": "10:00pm",
            "toDay": ""
          },
          {
            "closureType": "ROAD_CLOSURE",
            "roadextent": "Affected",
            "roadtype": "",
            "direction": "Both directions",
            "finishTime": "5:00am",
            "fromDay": "Wednesday",
            "startTime": "10:00pm",
            "toDay": ""
          },
          {
            "closureType": "ROAD_CLOSURE",
            "roadextent": "Affected",
            "roadtype": "",
            "direction": "Both directions",
            "finishTime": "5:00am",
            "fromDay": "Thursday",
            "startTime": "10:00pm",
            "toDay": ""
          },
          {
            "closureType": "ROAD_CLOSURE",
            "roadextent": "Affected",
            "roadtype": "",
            "direction": "Both directions",
            "finishTime": "5:00am",
            "fromDay": "Sunday",
            "startTime": "10:00pm",
            "toDay": ""
          }
        ],
        "speedLimit": 40,
        "weblinkUrl": null,
        "expectedDelay": -1,
        "ended": false,
        "isNewIncident": false,
        "publicTransport": "",
        "impactingNetwork": false,
        "subCategoryB": null,
        "arrangementAttachments": [],
        "isInitialReport": false,
        "created": 1783315049000,
        "isMajor": false,
        "name": null,
        "subCategoryA": "null",
        "adviceA": "Reduced speed limit",
        "adviceB": "Check signage",
        "adviceC": "Allow extra travel time",
        "end": 1792347300000,
        "hideEndDate": false,
        "incidentKind": "Planned",
        "mainCategory": "SCHEDULED ROADWORK",
        "lastUpdated": 1790157436610,
        "otherAdvice": "<p>Traffic lights in the area will be flashing, and alternating (stop/slow) traffic conditions will allow motorists to pass in one direction at a time.</p>",
        "arrangementElements": [],
        "diversions": "",
        "additionalInfo": [],
        "weblinkName": null,
        "attendingGroups": null,
        "encodedPolylines": [],
        "duration": null,
        "start": 1784547000000,
        "displayName": "SCHEDULED ROADWORK",
        "roads": [
          {
            "conditionTendency": "",
            "crossStreet": "General Holmes Drive",
            "delay": "",
            "impactedLanes": [],
            "locationQualifier": "between",
            "mainStreet": "The Grand Parade",
            "quadrant": "",
            "queueLength": 0,
            "region": "Sydney",
            "secondLocation": "Sandringham Street",
            "suburb": "Brighton-Le-Sands",
            "trafficVolume": ""
          }
        ],
        "isLocalRoad": "State road",
        "CategoryIcon": "Roadworks"
      }
    },
    {
      "type": "Feature",
      "id": 289013,
      "geometry": {
        "type": "Point",
        "coordinates": [
          153.5148856,
          -28.8623329
        ],
        "collections": []
      },
      "properties": {
        "webLinks": [],
        "headline": "",
        "periods": [
          {
            "closureType": "ROAD_CLOSURE",
            "roadextent": "Affected",
            "roadtype": "",
            "direction": "Northbound",
            "finishTime": "3:00am",
            "fromDay": "Monday",
            "startTime": "7:00pm",
            "toDay": ""
          },
          {
            "closureType": "ROAD_CLOSURE",
            "roadextent": "Affected",
            "roadtype": "",
            "direction": "Northbound",
            "finishTime": "3:00am",
            "fromDay": "Tuesday",
            "startTime": "7:00pm",
            "toDay": ""
          }
        ],
        "speedLimit": -1,
        "weblinkUrl": null,
        "expectedDelay": -1,
        "ended": false,
        "isNewIncident": false,
        "publicTransport": "",
        "impactingNetwork": true,
        "subCategoryB": null,
        "arrangementAttachments": [],
        "isInitialReport": false,
        "created": 1790209102000,
        "isMajor": false,
        "name": null,
        "subCategoryA": "Resurfacing",
        "adviceA": "Exercise caution",
        "adviceB": "Use diversions",
        "adviceC": "Check signage",
        "end": 1791907200000,
        "hideEndDate": false,
        "incidentKind": "Planned",
        "mainCategory": "SCHEDULED ROADWORK",
        "lastUpdated": 1790209248021,
        "otherAdvice": "<p>Northbound slip lane entry to BP Ballina Travel Centre will be closed. Motorists are advised to allow approximately 5 minutes of additional travel time. </p>",
        "arrangementElements": [],
        "diversions": "<p>Access the service centre via Bruxner Highway.</p>",
        "additionalInfo": [],
        "weblinkName": null,
        "attendingGroups": null,
        "encodedPolylines": [],
        "duration": null,
        "start": 1791792000000,
        "displayName": "SCHEDULED ROADWORK Resurfacing",
        "roads": [
          {
            "conditionTendency": "",
            "crossStreet": "slip lane entry to service centre",
            "delay": "",
            "impactedLanes": [],
            "locationQualifier": "-",
            "mainStreet": "Pacific Motorway",
            "quadrant": "",
            "queueLength": 0,
            "region": "North Coast NSW",
            "secondLocation": "",
            "suburb": "West Ballina",
            "trafficVolume": ""
          }
        ],
        "isLocalRoad": "State road",
        "CategoryIcon": "Roadworks"
      }
    },
    {
      "type": "Feature",
      "id": 289015,
      "geometry": {
        "type": "Point",
        "coordinates": [
          150.9800147,
          -33.8081189
        ],
        "collections": []
      },
      "properties": {
        "webLinks": [],
        "headline": "",
        "periods": [
          {
            "closureType": "ROAD_CLOSURE",
            "roadextent": "Affected",
            "roadtype": "",
            "direction": "Both directions",
            "finishTime": "6:00pm",
            "fromDay": "Weekdays",
            "startTime": "7:00am",
            "toDay": ""
          }
        ],
        "speedLimit": -1,
        "weblinkUrl": null,
        "expectedDelay": -1,
        "ended": false,
        "isNewIncident": true,
        "publicTransport": "",
        "impactingNetwork": false,
        "subCategoryB": null,
        "arrangementAttachments": [],
        "isInitialReport": false,
        "created": 1790214169000,
        "isMajor": false,
        "name": null,
        "subCategoryA": "Bridge work",
        "adviceA": "Follow directions on site",
        "adviceB": "Exercise caution",
        "adviceC": "Check signage",
        "end": 1793430000000,
        "hideEndDate": false,
        "incidentKind": "Planned",
        "mainCategory": "SCHEDULED ROADWORK",
        "lastUpdated": 1790214170208,
        "otherAdvice": "<p>Intermittent contraflow traffic conditions will be in place to allow motorists to pass in both directions. Intermittent night works may be required between 9 to 29 October from 7pm to 6am.</p><p>Wentworth Ave at Bridge Rd remains closed until February 2027. There is no right turn from Alexandra Ave onto Bridge Rd. </p>",
        "arrangementElements": [],
        "diversions": "<p>Motorists wishing to use Wentworth Ave will be detoured via Wentworth Ave, Lydbrook St, Byrne St and Bridge Rd. </p>",
        "additionalInfo": [],
        "weblinkName": null,
        "attendingGroups": null,
        "encodedPolylines": [],
        "duration": null,
        "start": 1790802000000,
        "displayName": "SCHEDULED ROADWORK Bridge work",
        "roads": [
          {
            "conditionTendency": "",
            "crossStreet": "Alexandra Avenue",
            "delay": "",
            "impactedLanes": [],
            "locationQualifier": "between",
            "mainStreet": "Bridge Road",
            "quadrant": "",
            "queueLength": 0,
            "region": "Sydney",
            "secondLocation": "Byrne Street",
            "suburb": "Westmead",
            "trafficVolume": ""
          }
        ],
        "isLocalRoad": "State road",
        "CategoryIcon": "Roadworks"
      }
    },
    {
      "type": "Feature",
      "id": 288432,
      "geometry": {
        "type": "Point",
        "coordinates": [
          147.9722219,
          -35.7723274
        ],
        "collections": []
      },
      "properties": {
        "webLinks": [],
        "headline": "",
        "periods": [
          {
            "closureType": "ROAD_CLOSURE",
            "roadextent": "Affected",
            "roadtype": "",
            "direction": "Both directions",
            "finishTime": "",
            "fromDay": "Every Day",
            "startTime": "all day",
            "toDay": ""
          }
        ],
        "speedLimit": 40,
        "weblinkUrl": null,
        "expectedDelay": -1,
        "ended": false,
        "isNewIncident": true,
        "publicTransport": "",
        "impactingNetwork": false,
        "subCategoryB": null,
        "arrangementAttachments": [],
        "isInitialReport": false,
        "created": 1790215203000,
        "isMajor": false,
        "name": null,
        "subCategoryA": "null",
        "adviceA": "Reduced speed limit",
        "adviceB": "Check signage",
        "adviceC": " ",
        "end": 1797597900000,
        "hideEndDate": false,
        "incidentKind": "Planned",
        "mainCategory": "SCHEDULED ROADWORK",
        "lastUpdated": 1790215204164,
        "otherAdvice": "<p>Portable traffic lights will allow motorists to pass in one direction at a time. </p><p>Motorists are advised to allow approximately 5 minutes of additional travel time. </p>",
        "arrangementElements": [],
        "diversions": "",
        "additionalInfo": [],
        "weblinkName": null,
        "attendingGroups": null,
        "encodedPolylines": [],
        "duration": null,
        "start": 1790517600000,
        "displayName": "SCHEDULED ROADWORK",
        "roads": [
          {
            "conditionTendency": "",
            "crossStreet": "",
            "delay": "",
            "impactedLanes": [],
            "locationQualifier": "at",
            "mainStreet": "Tumbarumba Road",
            "quadrant": "",
            "queueLength": 0,
            "region": "Snowy Mountains",
            "secondLocation": "",
            "suburb": "Tumbarumba",
            "trafficVolume": ""
          }
        ],
        "isLocalRoad": "State road",
        "CategoryIcon": "Roadworks"
      }
    },
    {
      "type": "Feature",
      "id": 289039,
      "geometry": {
        "type": "Point",
        "coordinates": [
          151.240972,
          -33.918154
        ],
        "collections": []
      },
      "properties": {
        "webLinks": [],
        "headline": "",
        "periods": [
          {
            "closureType": "ROAD_CLOSURE",
            "roadextent": "Affected",
            "roadtype": "",
            "direction": "All directions",
            "finishTime": "5:00am",
            "fromDay": "Sunday",
            "startTime": "9:00pm",
            "toDay": ""
          },
          {
            "closureType": "ROAD_CLOSURE",
            "roadextent": "Affected",
            "roadtype": "",
            "direction": "All directions",
            "finishTime": "5:00am",
            "fromDay": "Monday",
            "startTime": "9:00pm",
            "toDay": ""
          },
          {
            "closureType": "ROAD_CLOSURE",
            "roadextent": "Affected",
            "roadtype": "",
            "direction": "All directions",
            "finishTime": "5:00am",
            "fromDay": "Tuesday",
            "startTime": "9:00pm",
            "toDay": ""
          },
          {
            "closureType": "ROAD_CLOSURE",
            "roadextent": "Affected",
            "roadtype": "",
            "direction": "All directions",
            "finishTime": "5:00am",
            "fromDay": "Wednesday",
            "startTime": "9:00pm",
            "toDay": ""
          },
          {
            "closureType": "ROAD_CLOSURE",
            "roadextent": "Affected",
            "roadtype": "",
            "direction": "All directions",
            "finishTime": "5:00am",
            "fromDay": "Thursday",
            "startTime": "9:00pm",
            "toDay": ""
          }
        ],
        "speedLimit": 40,
        "weblinkUrl": null,
        "expectedDelay": -1,
        "ended": false,
        "isNewIncident": true,
        "publicTransport": "",
        "impactingNetwork": false,
        "subCategoryB": null,
        "arrangementAttachments": [],
        "isInitialReport": false,
        "created": 1790225544000,
        "isMajor": false,
        "name": null,
        "subCategoryA": "Intersection upgrade",
        "adviceA": "Reduced speed limit",
        "adviceB": "Follow directions on site",
        "adviceC": "Allow extra travel time",
        "end": 1792087200000,
        "hideEndDate": false,
        "incidentKind": "Planned",
        "mainCategory": "SCHEDULED ROADWORK",
        "lastUpdated": 1790225545009,
        "otherAdvice": "<p>Traffic lights at the intersection of Avoca St and Cuthill St will be blacked out or flashing, and alternating (stop/slow) traffic conditions will be in place to allow motorists to pass in one direction at a time. </p>",
        "arrangementElements": [],
        "diversions": "",
        "additionalInfo": [],
        "weblinkName": null,
        "attendingGroups": null,
        "encodedPolylines": [],
        "duration": null,
        "start": 1791085860000,
        "displayName": "SCHEDULED ROADWORK Intersection upgrade",
        "roads": [
          {
            "conditionTendency": "",
            "crossStreet": "St Pauls Street",
            "delay": "",
            "impactedLanes": [],
            "locationQualifier": "between",
            "mainStreet": "Avoca Street",
            "quadrant": "",
            "queueLength": 0,
            "region": "Sydney",
            "secondLocation": "Short Street",
            "suburb": "Randwick",
            "trafficVolume": ""
          }
        ],
        "isLocalRoad": "State road",
        "CategoryIcon": "Roadworks"
      }
    },
    {
      "type": "Feature",
      "id": 289075,
      "geometry": {
        "type": "Point",
        "coordinates": [
          150.933881,
          -33.80718
        ],
        "collections": []
      },
      "properties": {
        "webLinks": [],
        "headline": "",
        "periods": [
          {
            "closureType": "ROAD_CLOSURE",
            "roadextent": "Affected",
            "roadtype": "",
            "direction": "Both directions",
            "finishTime": "5:00am",
            "fromDay": "Sunday",
            "startTime": "10:30pm",
            "toDay": ""
          },
          {
            "closureType": "ROAD_CLOSURE",
            "roadextent": "Affected",
            "roadtype": "",
            "direction": "Both directions",
            "finishTime": "5:00am",
            "fromDay": "Monday",
            "startTime": "10:30pm",
            "toDay": ""
          },
          {
            "closureType": "ROAD_CLOSURE",
            "roadextent": "Affected",
            "roadtype": "",
            "direction": "Both directions",
            "finishTime": "5:00am",
            "fromDay": "Tuesday",
            "startTime": "10:30pm",
            "toDay": ""
          },
          {
            "closureType": "ROAD_CLOSURE",
            "roadextent": "Affected",
            "roadtype": "",
            "direction": "Both directions",
            "finishTime": "5:00am",
            "fromDay": "Wednesday",
            "startTime": "10:30pm",
            "toDay": ""
          },
          {
            "closureType": "ROAD_CLOSURE",
            "roadextent": "Affected",
            "roadtype": "",
            "direction": "Both directions",
            "finishTime": "5:00am",
            "fromDay": "Thursday",
            "startTime": "11:00pm",
            "toDay": ""
          }
        ],
        "speedLimit": -1,
        "weblinkUrl": null,
        "expectedDelay": -1,
        "ended": false,
        "isNewIncident": true,
        "publicTransport": "",
        "impactingNetwork": false,
        "subCategoryB": null,
        "arrangementAttachments": [],
        "isInitialReport": false,
        "created": 1790236228000,
        "isMajor": false,
        "name": null,
        "subCategoryA": "Line marking",
        "adviceA": "Exercise caution",
        "adviceB": "Reduce your speed",
        "adviceC": "Expect delays",
        "end": 1792390500000,
        "hideEndDate": false,
        "incidentKind": "Planned",
        "mainCategory": "SCHEDULED ROADWORK",
        "lastUpdated": 1790236228573,
        "otherAdvice": "<p>Alternating (stop/slow) traffic conditions will be in place to allow motorists to pass in one direction at a time, and traffic lights at the intersection of Great Western Hwy and Toongabbie Rd / Greystanes Rd will be flashing yellow.</p><p><strong>There will be no work on Sun 4 Oct, Mon 5 Oct, Sun 11 Oct and Mon 12 Oct. </strong></p>",
        "arrangementElements": [],
        "diversions": "",
        "additionalInfo": [],
        "weblinkName": null,
        "attendingGroups": null,
        "encodedPolylines": [],
        "duration": null,
        "start": 1790512200000,
        "displayName": "SCHEDULED ROADWORK Line marking",
        "roads": [
          {
            "conditionTendency": "",
            "crossStreet": "Ponds Road",
            "delay": "",
            "impactedLanes": [],
            "locationQualifier": "between",
            "mainStreet": "Great Western Highway",
            "quadrant": "",
            "queueLength": 0,
            "region": "Sydney",
            "secondLocation": "Wyena Road",
            "suburb": "Prospect",
            "trafficVolume": ""
          }
        ],
        "isLocalRoad": "State road",
        "CategoryIcon": "Roadworks"
      }
    },
    {
      "type": "Feature",
      "id": 289084,
      "geometry": {
        "type": "Point",
        "coordinates": [
          151.2094439,
          -33.8269344
        ],
        "collections": []
      },
      "properties": {
        "webLinks": [],
        "headline": "",
        "periods": [
          {
            "closureType": "ROAD_CLOSURE",
            "roadextent": "Affected",
            "roadtype": "",
            "direction": "Both directions",
            "finishTime": "5:00am",
            "fromDay": "Tuesday",
            "startTime": "9:30pm",
            "toDay": ""
          },
          {
            "closureType": "ROAD_CLOSURE",
            "roadextent": "Affected",
            "roadtype": "",
            "direction": "Both directions",
            "finishTime": "5:00am",
            "fromDay": "Thursday",
            "startTime": "9:30pm",
            "toDay": ""
          },
          {
            "closureType": "ROAD_CLOSURE",
            "roadextent": "Affected",
            "roadtype": "",
            "direction": "Both directions",
            "finishTime": "5:00am",
            "fromDay": "Sunday",
            "startTime": "9:30pm",
            "toDay": ""
          }
        ],
        "speedLimit": 40,
        "weblinkUrl": null,
        "expectedDelay": -1,
        "ended": false,
        "isNewIncident": true,
        "publicTransport": "",
        "impactingNetwork": false,
        "subCategoryB": null,
        "arrangementAttachments": [],
        "isInitialReport": false,
        "created": 1790241577000,
        "isMajor": false,
        "name": null,
        "subCategoryA": "Resurfacing",
        "adviceA": "Reduced speed limit",
        "adviceB": "Allow extra travel time",
        "adviceC": "Check signage",
        "end": 1792346400000,
        "hideEndDate": false,
        "incidentKind": "Planned",
        "mainCategory": "SCHEDULED ROADWORK",
        "lastUpdated": 1790241578133,
        "otherAdvice": "<p>Alternating (stop/slow) traffic conditions will be in place to allow motorists to pass in one direction at a time. Traffic lights in the area may be blacked out or flashing yellow.</p><p><strong>There will be no work on Sun 11 Oct and Tue 13 Oct.</strong></p>",
        "arrangementElements": [],
        "diversions": "",
        "additionalInfo": [],
        "weblinkName": null,
        "attendingGroups": null,
        "encodedPolylines": [],
        "duration": null,
        "start": 1791282600000,
        "displayName": "SCHEDULED ROADWORK Resurfacing",
        "roads": [
          {
            "conditionTendency": "",
            "crossStreet": "Palmer Street",
            "delay": "",
            "impactedLanes": [],
            "locationQualifier": "between",
            "mainStreet": "Miller Street",
            "quadrant": "",
            "queueLength": 0,
            "region": "Sydney",
            "secondLocation": "Ridge Street",
            "suburb": "Cammeray",
            "trafficVolume": ""
          }
        ],
        "isLocalRoad": "State road",
        "CategoryIcon": "Roadworks"
      }
    },
    {
      "type": "Feature",
      "id": 280719,
      "geometry": {
        "type": "Point",
        "coordinates": [
          151.1109767,
          -34.035116
        ],
        "collections": []
      },
      "properties": {
        "webLinks": [],
        "headline": "",
        "periods": [
          {
            "closureType": "ROAD_CLOSURE",
            "roadextent": "Affected",
            "roadtype": "",
            "direction": "Both directions",
            "finishTime": "5:00am",
            "fromDay": "Monday",
            "startTime": "9:30pm",
            "toDay": ""
          },
          {
            "closureType": "ROAD_CLOSURE",
            "roadextent": "Affected",
            "roadtype": "",
            "direction": "Both directions",
            "finishTime": "5:00am",
            "fromDay": "Tuesday",
            "startTime": "9:30pm",
            "toDay": ""
          },
          {
            "closureType": "ROAD_CLOSURE",
            "roadextent": "Affected",
            "roadtype": "",
            "direction": "Both directions",
            "finishTime": "5:00am",
            "fromDay": "Wednesday",
            "startTime": "9:30pm",
            "toDay": ""
          },
          {
            "closureType": "ROAD_CLOSURE",
            "roadextent": "Affected",
            "roadtype": "",
            "direction": "Both directions",
            "finishTime": "5:00am",
            "fromDay": "Thursday",
            "startTime": "9:30pm",
            "toDay": ""
          },
          {
            "closureType": "ROAD_CLOSURE",
            "roadextent": "Affected",
            "roadtype": "",
            "direction": "Both directions",
            "finishTime": "5:00am",
            "fromDay": "Sunday",
            "startTime": "9:30pm",
            "toDay": ""
          }
        ],
        "speedLimit": 40,
        "weblinkUrl": null,
        "expectedDelay": -1,
        "ended": false,
        "isNewIncident": false,
        "publicTransport": "",
        "impactingNetwork": false,
        "subCategoryB": null,
        "arrangementAttachments": [],
        "isInitialReport": false,
        "created": 1783323216000,
        "isMajor": false,
        "name": null,
        "subCategoryA": "null",
        "adviceA": "Reduced speed limit",
        "adviceB": "Allow extra travel time",
        "adviceC": " ",
        "end": 1793557800000,
        "hideEndDate": false,
        "incidentKind": "Planned",
        "mainCategory": "SCHEDULED ROADWORK",
        "lastUpdated": 1786321442827,
        "otherAdvice": "<p>Alternating (stop/slow) traffic conditions will be in place to allow motorists to pass in one direction at a time.</p><p>Traffic lights in the area may be blacked out or flashing yellow.</p>",
        "arrangementElements": [],
        "diversions": "",
        "additionalInfo": [],
        "weblinkName": null,
        "attendingGroups": null,
        "encodedPolylines": [],
        "duration": null,
        "start": 1783854000000,
        "displayName": "SCHEDULED ROADWORK",
        "roads": [
          {
            "conditionTendency": "",
            "crossStreet": "University Road",
            "delay": "",
            "impactedLanes": [],
            "locationQualifier": "between",
            "mainStreet": "Kingsway",
            "quadrant": "",
            "queueLength": 0,
            "region": "Sydney",
            "secondLocation": "Willarong Road",
            "suburb": "Miranda",
            "trafficVolume": ""
          }
        ],
        "isLocalRoad": "State road",
        "CategoryIcon": "Roadworks"
      }
    },
    {
      "type": "Feature",
      "id": 286321,
      "geometry": {
        "type": "Point",
        "coordinates": [
          150.5139637,
          -32.2883878
        ],
        "collections": []
      },
      "properties": {
        "webLinks": [
          {
            "linkText": "Road network impacts",
            "linkURL": "https://www.transport.nsw.gov.au/projects/current-projects/road-network-impacts-%E2%80%93-port-of-newcastle-to-central-west"
          }
        ],
        "headline": "",
        "periods": [
          {
            "closureType": "ROAD_CLOSURE",
            "roadextent": "Affected",
            "roadtype": "Highway",
            "direction": "Both directions",
            "finishTime": "6:00pm",
            "fromDay": "Weekdays",
            "startTime": "7:00am",
            "toDay": ""
          },
          {
            "closureType": "ROAD_CLOSURE",
            "roadextent": "Affected",
            "roadtype": "Highway",
            "direction": "Both directions",
            "finishTime": "1:00pm",
            "fromDay": "Saturday",
            "startTime": "8:00am",
            "toDay": ""
          }
        ],
        "speedLimit": 40,
        "weblinkUrl": null,
        "expectedDelay": -1,
        "ended": false,
        "isNewIncident": false,
        "publicTransport": "",
        "impactingNetwork": false,
        "subCategoryB": null,
        "arrangementAttachments": [],
        "isInitialReport": false,
        "created": 1787801128000,
        "isMajor": false,
        "name": null,
        "subCategoryA": "null",
        "adviceA": "Allow extra travel time",
        "adviceB": "Reduced speed limit",
        "adviceC": "Check signage",
        "end": 1794536580000,
        "hideEndDate": false,
        "incidentKind": "Planned",
        "mainCategory": "SCHEDULED ROADWORK",
        "lastUpdated": 1790296919904,
        "otherAdvice": "<p>Traffic controllers will be on site to direct motorists.</p><p>Motorists are advised to allow approximately 10 minutes of additional travel time.</p><p>OSOM can contact site on UHF 37.</p>",
        "arrangementElements": [],
        "diversions": "",
        "additionalInfo": [],
        "weblinkName": null,
        "attendingGroups": null,
        "encodedPolylines": [],
        "duration": null,
        "start": 1784085720000,
        "displayName": "SCHEDULED ROADWORK",
        "roads": [
          {
            "conditionTendency": "",
            "crossStreet": "",
            "delay": "",
            "impactedLanes": [],
            "locationQualifier": "at",
            "mainStreet": "Golden Highway",
            "quadrant": "",
            "queueLength": 0,
            "region": "Hunter",
            "secondLocation": "",
            "suburb": "Sandy Hollow",
            "trafficVolume": ""
          }
        ],
        "isLocalRoad": "State road",
        "CategoryIcon": "Roadworks"
      }
    },
    {
      "type": "Feature",
      "id": 238175,
      "geometry": {
        "type": "Point",
        "coordinates": [
          151.6610821,
          -30.3528681
        ],
        "collections": []
      },
      "properties": {
        "webLinks": [],
        "headline": "",
        "periods": [
          {
            "closureType": "ROAD_CLOSURE",
            "roadextent": "Affected",
            "roadtype": "",
            "direction": "Both directions",
            "finishTime": "5:00pm",
            "fromDay": "Weekdays",
            "startTime": "6:30am",
            "toDay": ""
          },
          {
            "closureType": "ROAD_CLOSURE",
            "roadextent": "Affected",
            "roadtype": "",
            "direction": "Both directions",
            "finishTime": "5:00pm",
            "fromDay": "Saturday",
            "startTime": "6:30am",
            "toDay": ""
          }
        ],
        "speedLimit": 40,
        "weblinkUrl": null,
        "expectedDelay": -1,
        "ended": false,
        "isNewIncident": false,
        "publicTransport": "",
        "impactingNetwork": false,
        "subCategoryB": null,
        "arrangementAttachments": [],
        "isInitialReport": false,
        "created": 1749117607000,
        "isMajor": false,
        "name": null,
        "subCategoryA": "null",
        "adviceA": "Check signage",
        "adviceB": "Exercise caution",
        "adviceC": "Reduced speed limit",
        "end": 1792821600000,
        "hideEndDate": false,
        "incidentKind": "Planned",
        "mainCategory": "SCHEDULED ROADWORK",
        "lastUpdated": 1790303224258,
        "otherAdvice": "<p>Alternating (stop/slow) traffic conditions will be in place to allow motorists to pass in one direction at a time. The speed limit outside work hours is 60km/h. Motorists are advised to allow approximately 5 minutes of additional travel time</p>",
        "arrangementElements": [],
        "diversions": "",
        "additionalInfo": [],
        "weblinkName": null,
        "attendingGroups": null,
        "encodedPolylines": [],
        "duration": null,
        "start": 1774861080000,
        "displayName": "SCHEDULED ROADWORK",
        "roads": [
          {
            "conditionTendency": "",
            "crossStreet": "Thunderbolts Cave Road",
            "delay": "",
            "impactedLanes": [],
            "locationQualifier": "near",
            "mainStreet": "New England Highway",
            "quadrant": "",
            "queueLength": 0,
            "region": "New England North West",
            "secondLocation": "",
            "suburb": "Black Mountain",
            "trafficVolume": ""
          }
        ],
        "isLocalRoad": "State road",
        "CategoryIcon": "Roadworks"
      }
    },
    {
      "type": "Feature",
      "id": 289147,
      "geometry": {
        "type": "Point",
        "coordinates": [
          146.4084911,
          -34.6065603
        ],
        "collections": []
      },
      "properties": {
        "webLinks": [],
        "headline": "",
        "periods": [
          {
            "closureType": "ROAD_CLOSURE",
            "roadextent": "Affected",
            "roadtype": "",
            "direction": "Both directions",
            "finishTime": "5:00pm",
            "fromDay": "Every Day",
            "startTime": "7:00am",
            "toDay": ""
          }
        ],
        "speedLimit": -1,
        "weblinkUrl": null,
        "expectedDelay": -1,
        "ended": false,
        "isNewIncident": true,
        "publicTransport": "",
        "impactingNetwork": false,
        "subCategoryB": null,
        "arrangementAttachments": [],
        "isInitialReport": false,
        "created": 1790314040000,
        "isMajor": false,
        "name": null,
        "subCategoryA": "Intersection upgrade",
        "adviceA": "Reduce your speed",
        "adviceB": "Follow directions on site",
        "adviceC": "Check signage",
        "end": 1793253600000,
        "hideEndDate": false,
        "incidentKind": "Planned",
        "mainCategory": "SCHEDULED ROADWORK",
        "lastUpdated": 1790314041504,
        "otherAdvice": "<p>Portable traffic lights will allow motorists to pass in one direction at a time.</p><p><strong>No work will take place on public holidays.</strong></p>",
        "arrangementElements": [],
        "diversions": "",
        "additionalInfo": [],
        "weblinkName": null,
        "attendingGroups": null,
        "encodedPolylines": [],
        "duration": null,
        "start": 1790629200000,
        "displayName": "SCHEDULED ROADWORK Intersection upgrade",
        "roads": [
          {
            "conditionTendency": "",
            "crossStreet": "Regulator Road",
            "delay": "",
            "impactedLanes": [],
            "locationQualifier": "between",
            "mainStreet": "Irrigation Way",
            "quadrant": "",
            "queueLength": 0,
            "region": "Riverina",
            "secondLocation": "Euroley Rd",
            "suburb": "Yanco",
            "trafficVolume": ""
          }
        ],
        "isLocalRoad": "State road",
        "CategoryIcon": "Roadworks"
      }
    },
    {
      "type": "Feature",
      "id": 289119,
      "geometry": {
        "type": "Point",
        "coordinates": [
          151.2662386,
          -33.7742601
        ],
        "collections": []
      },
      "properties": {
        "webLinks": [],
        "headline": "",
        "periods": [
          {
            "closureType": "ROAD_CLOSURE",
            "roadextent": "Affected",
            "roadtype": "",
            "direction": "Both directions",
            "finishTime": "5:00am",
            "fromDay": "Sunday",
            "startTime": "9:30pm",
            "toDay": ""
          },
          {
            "closureType": "ROAD_CLOSURE",
            "roadextent": "Affected",
            "roadtype": "",
            "direction": "Both directions",
            "finishTime": "5:00am",
            "fromDay": "Monday",
            "startTime": "9:30pm",
            "toDay": ""
          },
          {
            "closureType": "ROAD_CLOSURE",
            "roadextent": "Affected",
            "roadtype": "",
            "direction": "Both directions",
            "finishTime": "5:00am",
            "fromDay": "Tuesday",
            "startTime": "9:30pm",
            "toDay": ""
          },
          {
            "closureType": "ROAD_CLOSURE",
            "roadextent": "Affected",
            "roadtype": "",
            "direction": "Both directions",
            "finishTime": "5:00am",
            "fromDay": "Wednesday",
            "startTime": "9:30pm",
            "toDay": ""
          },
          {
            "closureType": "ROAD_CLOSURE",
            "roadextent": "Affected",
            "roadtype": "",
            "direction": "Both directions",
            "finishTime": "5:00am",
            "fromDay": "Thursday",
            "startTime": "9:30pm",
            "toDay": ""
          }
        ],
        "speedLimit": 40,
        "weblinkUrl": null,
        "expectedDelay": -1,
        "ended": false,
        "isNewIncident": false,
        "publicTransport": "",
        "impactingNetwork": false,
        "subCategoryB": null,
        "arrangementAttachments": [],
        "isInitialReport": false,
        "created": 1790298891000,
        "isMajor": false,
        "name": null,
        "subCategoryA": "Line marking",
        "adviceA": "Reduced speed limit",
        "adviceB": "Follow directions on site",
        "adviceC": "Allow extra travel time",
        "end": 1791828900000,
        "hideEndDate": false,
        "incidentKind": "Planned",
        "mainCategory": "SCHEDULED ROADWORK",
        "lastUpdated": 1790321773720,
        "otherAdvice": "<p>Portable traffic control devices will allow motorists to pass in one direction at a time. </p>",
        "arrangementElements": [],
        "diversions": "",
        "additionalInfo": [],
        "weblinkName": null,
        "attendingGroups": null,
        "encodedPolylines": [],
        "duration": null,
        "start": 1790595000000,
        "displayName": "SCHEDULED ROADWORK Line marking",
        "roads": [
          {
            "conditionTendency": "",
            "crossStreet": "Sloane Crescent",
            "delay": "",
            "impactedLanes": [],
            "locationQualifier": "between",
            "mainStreet": "Condamine Street",
            "quadrant": "",
            "queueLength": 0,
            "region": "Sydney",
            "secondLocation": "Pittwater Road",
            "suburb": "Allambie Heights",
            "trafficVolume": ""
          }
        ],
        "isLocalRoad": "State road",
        "CategoryIcon": "Roadworks"
      }
    },
    {
      "type": "Feature",
      "id": 289187,
      "geometry": {
        "type": "Point",
        "coordinates": [
          151.117921,
          -33.8689857
        ],
        "collections": []
      },
      "properties": {
        "webLinks": [],
        "headline": "",
        "periods": [
          {
            "closureType": "ROAD_CLOSURE",
            "roadextent": "Affected",
            "roadtype": "",
            "direction": "Both directions",
            "finishTime": "5:00am",
            "fromDay": "Monday",
            "startTime": "12:30am",
            "toDay": ""
          },
          {
            "closureType": "ROAD_CLOSURE",
            "roadextent": "Affected",
            "roadtype": "",
            "direction": "Both directions",
            "finishTime": "5:00am",
            "fromDay": "Tuesday",
            "startTime": "12:30am",
            "toDay": ""
          },
          {
            "closureType": "ROAD_CLOSURE",
            "roadextent": "Affected",
            "roadtype": "",
            "direction": "Both directions",
            "finishTime": "5:00am",
            "fromDay": "Wednesday",
            "startTime": "12:30am",
            "toDay": ""
          },
          {
            "closureType": "ROAD_CLOSURE",
            "roadextent": "Affected",
            "roadtype": "",
            "direction": "Both directions",
            "finishTime": "5:00am",
            "fromDay": "Wednesday",
            "startTime": "8:00pm",
            "toDay": ""
          },
          {
            "closureType": "ROAD_CLOSURE",
            "roadextent": "Affected",
            "roadtype": "",
            "direction": "Both directions",
            "finishTime": "5:00am",
            "fromDay": "Thursday",
            "startTime": "8:00pm",
            "toDay": ""
          },
          {
            "closureType": "ROAD_CLOSURE",
            "roadextent": "Affected",
            "roadtype": "",
            "direction": "Both directions",
            "finishTime": "5:00am",
            "fromDay": "Sunday",
            "startTime": "8:00pm",
            "toDay": ""
          }
        ],
        "speedLimit": -1,
        "weblinkUrl": null,
        "expectedDelay": -1,
        "ended": false,
        "isNewIncident": true,
        "publicTransport": "",
        "impactingNetwork": false,
        "subCategoryB": null,
        "arrangementAttachments": [],
        "isInitialReport": false,
        "created": 1790333125000,
        "isMajor": false,
        "name": null,
        "subCategoryA": "Maintenance",
        "adviceA": "Allow extra travel time",
        "adviceB": "Follow directions on site",
        "adviceC": " ",
        "end": 1791742500000,
        "hideEndDate": false,
        "incidentKind": "Planned",
        "mainCategory": "SCHEDULED ROADWORK",
        "lastUpdated": 1790333125530,
        "otherAdvice": "<p>Alternating (stop/slow) traffic conditions will be in place to allow motorists to pass in one direction at a time. </p>",
        "arrangementElements": [],
        "diversions": "",
        "additionalInfo": [],
        "weblinkName": null,
        "attendingGroups": null,
        "encodedPolylines": [],
        "duration": null,
        "start": 1791037800000,
        "displayName": "SCHEDULED ROADWORK Maintenance",
        "roads": [
          {
            "conditionTendency": "",
            "crossStreet": "Gipps Street",
            "delay": "",
            "impactedLanes": [],
            "locationQualifier": "between",
            "mainStreet": "Queens Road",
            "quadrant": "",
            "queueLength": 0,
            "region": "Sydney",
            "secondLocation": "Harris Road",
            "suburb": "Five Dock",
            "trafficVolume": ""
          }
        ],
        "isLocalRoad": "State road",
        "CategoryIcon": "Roadworks"
      }
    },
    {
      "type": "Feature",
      "id": 289190,
      "geometry": {
        "type": "Point",
        "coordinates": [
          150.98043,
          -34.0172969
        ],
        "collections": []
      },
      "properties": {
        "webLinks": [],
        "headline": "",
        "periods": [
          {
            "closureType": "ROAD_CLOSURE",
            "roadextent": "Affected",
            "roadtype": "",
            "direction": "Both directions",
            "finishTime": "1:00pm",
            "fromDay": "Weekdays",
            "startTime": "10:00am",
            "toDay": ""
          },
          {
            "closureType": "ROAD_CLOSURE",
            "roadextent": "Affected",
            "roadtype": "",
            "direction": "Both directions",
            "finishTime": "9:00am",
            "fromDay": "Weekend",
            "startTime": "5:00am",
            "toDay": ""
          }
        ],
        "speedLimit": 40,
        "weblinkUrl": null,
        "expectedDelay": -1,
        "ended": false,
        "isNewIncident": false,
        "publicTransport": "",
        "impactingNetwork": false,
        "subCategoryB": null,
        "arrangementAttachments": [],
        "isInitialReport": false,
        "created": 1790337344000,
        "isMajor": false,
        "name": null,
        "subCategoryA": "Upgrade",
        "adviceA": "Reduced speed limit",
        "adviceB": "Plan your journey",
        "adviceC": " ",
        "end": 1793412900000,
        "hideEndDate": false,
        "incidentKind": "Planned",
        "mainCategory": "SCHEDULED ROADWORK",
        "lastUpdated": 1790339276876,
        "otherAdvice": "<p>Portable traffic control devices may be in place at multiple locations to allow motorists to pass in one direction at a time.</p>",
        "arrangementElements": [],
        "diversions": "",
        "additionalInfo": [],
        "weblinkName": null,
        "attendingGroups": null,
        "encodedPolylines": [],
        "duration": null,
        "start": 1790812800000,
        "displayName": "SCHEDULED ROADWORK Upgrade",
        "roads": [
          {
            "conditionTendency": "",
            "crossStreet": "New Illawarra Road",
            "delay": "",
            "impactedLanes": [],
            "locationQualifier": "between",
            "mainStreet": "Heathcote Road",
            "quadrant": "",
            "queueLength": 0,
            "region": "Sydney",
            "secondLocation": "Pleasure Point Road",
            "suburb": "Lucas Heights to Holsworthy",
            "trafficVolume": ""
          }
        ],
        "isLocalRoad": "State road",
        "CategoryIcon": "Roadworks"
      }
    },
    {
      "type": "Feature",
      "id": 287894,
      "geometry": {
        "type": "Point",
        "coordinates": [
          151.6266121,
          -32.7239588
        ],
        "collections": []
      },
      "properties": {
        "webLinks": [],
        "headline": "",
        "periods": [
          {
            "closureType": "ROAD_CLOSURE",
            "roadextent": "Affected",
            "roadtype": "Bridge",
            "direction": "Both directions",
            "finishTime": "2:30pm",
            "fromDay": "Monday",
            "startTime": "10:00am",
            "toDay": ""
          },
          {
            "closureType": "ROAD_CLOSURE",
            "roadextent": "Affected",
            "roadtype": "Bridge",
            "direction": "Both directions",
            "finishTime": "2:30pm",
            "fromDay": "Tuesday",
            "startTime": "10:00am",
            "toDay": ""
          },
          {
            "closureType": "ROAD_CLOSURE",
            "roadextent": "Affected",
            "roadtype": "Bridge",
            "direction": "Both directions",
            "finishTime": "2:30pm",
            "fromDay": "Wednesday",
            "startTime": "10:00am",
            "toDay": ""
          },
          {
            "closureType": "ROAD_CLOSURE",
            "roadextent": "Affected",
            "roadtype": "Bridge",
            "direction": "Both directions",
            "finishTime": "2:30pm",
            "fromDay": "Thursday",
            "startTime": "10:00am",
            "toDay": ""
          }
        ],
        "speedLimit": 40,
        "weblinkUrl": null,
        "expectedDelay": -1,
        "ended": false,
        "isNewIncident": true,
        "publicTransport": "",
        "impactingNetwork": false,
        "subCategoryB": null,
        "arrangementAttachments": [],
        "isInitialReport": false,
        "created": 1790548965000,
        "isMajor": false,
        "name": null,
        "subCategoryA": "Bridge work",
        "adviceA": "Allow extra travel time",
        "adviceB": "Check signage",
        "adviceC": "Reduced speed limit",
        "end": 1792639800000,
        "hideEndDate": false,
        "incidentKind": "Planned",
        "mainCategory": "SCHEDULED ROADWORK",
        "lastUpdated": 1790548966659,
        "otherAdvice": "<p>Alternating (stop/slow) traffic conditions will be in place to allow motorists to pass in one direction at a time.</p><p>Motorists are advised to allow approximately 10 minutes of additional travel time.</p>",
        "arrangementElements": [],
        "diversions": "",
        "additionalInfo": [],
        "weblinkName": null,
        "attendingGroups": null,
        "encodedPolylines": [],
        "duration": null,
        "start": 1791241200000,
        "displayName": "SCHEDULED ROADWORK Morpeth Bridge work",
        "roads": [
          {
            "conditionTendency": "",
            "crossStreet": "Northumberland Street",
            "delay": "",
            "impactedLanes": [],
            "locationQualifier": "at",
            "mainStreet": "Phoenix Park Road",
            "quadrant": "",
            "queueLength": 0,
            "region": "Hunter",
            "secondLocation": "",
            "suburb": "Morpeth",
            "trafficVolume": ""
          }
        ],
        "isLocalRoad": "State road",
        "CategoryIcon": "Roadworks"
      }
    },
    {
      "type": "Feature",
      "id": 266049,
      "geometry": {
        "type": "Point",
        "coordinates": [
          149.2358673,
          -35.3526111
        ],
        "collections": []
      },
      "properties": {
        "webLinks": [
          {
            "linkText": "Monaro Street Refresh",
            "linkURL": "https://www.qprc.nsw.gov.au/Major-Works-Projects/Monaro-Street-Refresh"
          }
        ],
        "headline": "",
        "periods": [
          {
            "closureType": "ROAD_CLOSURE",
            "roadextent": "Closed",
            "roadtype": "Road",
            "direction": "Both directions",
            "finishTime": "",
            "fromDay": "Every Day",
            "startTime": "all day",
            "toDay": ""
          }
        ],
        "speedLimit": -1,
        "weblinkUrl": null,
        "expectedDelay": -1,
        "ended": false,
        "isNewIncident": false,
        "publicTransport": "",
        "impactingNetwork": true,
        "subCategoryB": null,
        "arrangementAttachments": [
          {
            "displayName": "Work_Area",
            "fileName": "Work_Area.png",
            "fileType": "PNG",
            "linkName": "Work_Area",
            "sizeInBytes": 1537083,
            "uniqueFileName": "854617_1789705974124_Work_Area.png"
          },
          {
            "displayName": "Heavy_vehicle_detour_routes",
            "fileName": "Heavy_vehicle_detour_routes.png",
            "fileType": "PNG",
            "linkName": "Heavy_vehicle_detour_routes",
            "sizeInBytes": 335490,
            "uniqueFileName": "111998_1772084609813_Heavy_vehicle_detour_routes.png"
          }
        ],
        "isInitialReport": false,
        "created": 1772003613000,
        "isMajor": false,
        "name": null,
        "subCategoryA": "Upgrade",
        "adviceA": "Allow extra travel time",
        "adviceB": "Use diversions",
        "adviceC": " ",
        "end": 1793343600000,
        "hideEndDate": true,
        "incidentKind": "Planned",
        "mainCategory": "SCHEDULED ROADWORK",
        "lastUpdated": 1790549866553,
        "otherAdvice": "<p>Monaro St is closed between Morisset St and Crawford St, and between Crawford St and Lowe St.</p><p>A section of Canberra Ave is closed approaching Ross Rd, and has limited no through access between Campbell St and Ross Rd.</p><p>Pedestrian access will remain along both sides of Monaro St, including along the Queens Bridge.</p>",
        "arrangementElements": [
          {
            "html": "<p>All heavy vehicles up to and including PBS 1 can use the southern heavy vehicle route via Tompsitt Dr, Edwin Land Pkwy and Ellerton Dr.</p><p>All OSOM vehicles over PBS 2 to use the existing approved OSOM route via Pialligo Rd and Yass Rd.</p><p><strong>Please note:</strong></p><p>Unless specified otherwise, operators of Class 1,2 &amp; 3 vehicles travelling under a Notice <strong>must</strong> consult their relevant enforceable network map to confirm a suitable <strong>approved</strong> alternate route. OSOM vehicles operating under the National Class 1 Load Carrying Vehicles Mass and/or Dimension Exemption Notices can use the available detours if they are suitable for their combination. Operators are reminded that under Schedule 8 of the Heavy Vehicle (Mass, Dimension and Loading) National Regulation (NSW), there is a requirement for the driver and operator to scope the proposed route prior to travel to ensure it is suitable for their vehicle.</p><p>Operators of Class 1, 2 &amp; 3 vehicles travelling under a Permit <strong>must not</strong> travel off the approved route listed in the permit unless an updated permit is obtained from the NHVR.</p>",
            "title": "Information for heavy vehicle operators",
            "id": "917190"
          }
        ],
        "diversions": "<p>Motorists are encouraged to use Ellerton Drive and Yass Road where possible.</p><p>To get in or around the Queanbeyan CBD, motorists will need to use:</p><ul><li>Collett Street</li><li>Rutledge Street</li><li>Morisset Street</li></ul>",
        "additionalInfo": [],
        "weblinkName": null,
        "attendingGroups": null,
        "encodedPolylines": [],
        "duration": null,
        "start": 1773255600000,
        "displayName": "SCHEDULED ROADWORK Upgrade",
        "roads": [
          {
            "conditionTendency": "",
            "crossStreet": "Lowe Street",
            "delay": "",
            "impactedLanes": [],
            "locationQualifier": "between",
            "mainStreet": "Monaro Street",
            "quadrant": "",
            "queueLength": 0,
            "region": "Southern Highlands",
            "secondLocation": "Atkinson Street",
            "suburb": "Queanbeyan",
            "trafficVolume": ""
          }
        ],
        "isLocalRoad": "State road",
        "CategoryIcon": "Roadworks"
      }
    },
    {
      "type": "Feature",
      "id": 286908,
      "geometry": {
        "type": "Point",
        "coordinates": [
          148.649238,
          -34.6906751
        ],
        "collections": []
      },
      "properties": {
        "webLinks": [],
        "headline": "",
        "periods": [
          {
            "closureType": "ROAD_CLOSURE",
            "roadextent": "Affected",
            "roadtype": "",
            "direction": "Both directions",
            "finishTime": "5:00pm",
            "fromDay": "Weekdays",
            "startTime": "7:00am",
            "toDay": ""
          },
          {
            "closureType": "ROAD_CLOSURE",
            "roadextent": "Affected",
            "roadtype": "",
            "direction": "Both directions",
            "finishTime": "1:00pm",
            "fromDay": "Saturday",
            "startTime": "8:00am",
            "toDay": ""
          }
        ],
        "speedLimit": 40,
        "weblinkUrl": null,
        "expectedDelay": -1,
        "ended": false,
        "isNewIncident": false,
        "publicTransport": "",
        "impactingNetwork": false,
        "subCategoryB": null,
        "arrangementAttachments": [],
        "isInitialReport": false,
        "created": 1788919247000,
        "isMajor": false,
        "name": null,
        "subCategoryA": "Resurfacing",
        "adviceA": "Reduced speed limit",
        "adviceB": "Allow extra travel time",
        "adviceC": "Exercise caution",
        "end": 1792130400000,
        "hideEndDate": false,
        "incidentKind": "Planned",
        "mainCategory": "SCHEDULED ROADWORK",
        "lastUpdated": 1790559732746,
        "otherAdvice": "<p>Single lane closure in place. Reduced speed limits of 60km/h and 80km/h outside of work hours. Motorists are advised to allow approximately 5 minutes of additional travel time. </p>",
        "arrangementElements": [],
        "diversions": "",
        "additionalInfo": [],
        "weblinkName": null,
        "attendingGroups": null,
        "encodedPolylines": [],
        "duration": null,
        "start": 1791230400000,
        "displayName": "SCHEDULED ROADWORK Resurfacing",
        "roads": [
          {
            "conditionTendency": "",
            "crossStreet": "Carters Lane",
            "delay": "",
            "impactedLanes": [],
            "locationQualifier": "between",
            "mainStreet": "Burley Griffin Way",
            "quadrant": "",
            "queueLength": 0,
            "region": "Southern Highlands",
            "secondLocation": "Red Hill Road",
            "suburb": "Binalong",
            "trafficVolume": ""
          }
        ],
        "isLocalRoad": "State road",
        "CategoryIcon": "Roadworks"
      }
    },
    {
      "type": "Feature",
      "id": 289049,
      "geometry": {
        "type": "Point",
        "coordinates": [
          141.5249864,
          -31.9323782
        ],
        "collections": []
      },
      "properties": {
        "webLinks": [],
        "headline": "",
        "periods": [
          {
            "closureType": "ROAD_CLOSURE",
            "roadextent": "Affected",
            "roadtype": "",
            "direction": "Both directions",
            "finishTime": "6:00pm",
            "fromDay": "Every Day",
            "startTime": "7:00am",
            "toDay": ""
          }
        ],
        "speedLimit": 40,
        "weblinkUrl": null,
        "expectedDelay": -1,
        "ended": false,
        "isNewIncident": true,
        "publicTransport": "",
        "impactingNetwork": false,
        "subCategoryB": null,
        "arrangementAttachments": [
          {
            "displayName": "BrokenHillBridgeWorkLocation",
            "fileName": "BrokenHillBridgeWorkLocation.png",
            "fileType": "PNG",
            "linkName": "BrokenHillBridgeWorkLocation",
            "sizeInBytes": 143164,
            "uniqueFileName": "924493_1790228196867_BrokenHillBridgeWorkLocation.png"
          }
        ],
        "isInitialReport": false,
        "created": 1790571613000,
        "isMajor": false,
        "name": null,
        "subCategoryA": "Bridge work",
        "adviceA": "Check signage",
        "adviceB": "Exercise caution",
        "adviceC": "Reduced speed limit",
        "end": 1793170800000,
        "hideEndDate": false,
        "incidentKind": "Planned",
        "mainCategory": "SCHEDULED ROADWORK",
        "lastUpdated": 1790571614629,
        "otherAdvice": "<p>Speed limit will revert to posted limit outside work hours (Monday to Friday, 7am to 6pm).</p>",
        "arrangementElements": [],
        "diversions": "",
        "additionalInfo": [],
        "weblinkName": null,
        "attendingGroups": null,
        "encodedPolylines": [],
        "duration": null,
        "start": 1791316800000,
        "displayName": "SCHEDULED ROADWORK Bridge work",
        "roads": [
          {
            "conditionTendency": "",
            "crossStreet": "",
            "delay": "",
            "impactedLanes": [],
            "locationQualifier": "at",
            "mainStreet": "Barrier Highway",
            "quadrant": "",
            "queueLength": 0,
            "region": "Far West NSW",
            "secondLocation": "",
            "suburb": "Broken Hill",
            "trafficVolume": ""
          }
        ],
        "isLocalRoad": "State road",
        "CategoryIcon": "Roadworks"
      }
    },
    {
      "type": "Feature",
      "id": 281202,
      "geometry": {
        "type": "Point",
        "coordinates": [
          151.2009889,
          -33.9527841
        ],
        "collections": []
      },
      "properties": {
        "webLinks": [],
        "headline": "",
        "periods": [
          {
            "closureType": "ROAD_CLOSURE",
            "roadextent": "Closed",
            "roadtype": "Road",
            "direction": "Both directions",
            "finishTime": "5:00am",
            "fromDay": "Tuesday",
            "startTime": "9:00pm",
            "toDay": ""
          },
          {
            "closureType": "ROAD_CLOSURE",
            "roadextent": "Closed",
            "roadtype": "Road",
            "direction": "Both directions",
            "finishTime": "5:00am",
            "fromDay": "Wednesday",
            "startTime": "9:00pm",
            "toDay": ""
          },
          {
            "closureType": "ROAD_CLOSURE",
            "roadextent": "Closed",
            "roadtype": "Road",
            "direction": "Both directions",
            "finishTime": "5:00am",
            "fromDay": "Thursday",
            "startTime": "9:00pm",
            "toDay": ""
          },
          {
            "closureType": "ROAD_CLOSURE",
            "roadextent": "Closed",
            "roadtype": "Road",
            "direction": "Both directions",
            "finishTime": "5:00am",
            "fromDay": "Sunday",
            "startTime": "9:00pm",
            "toDay": ""
          },
          {
            "closureType": "ROAD_CLOSURE",
            "roadextent": "Closed",
            "roadtype": "Road",
            "direction": "Both directions",
            "finishTime": "5:00am",
            "fromDay": "Monday",
            "startTime": "9:00pm",
            "toDay": ""
          }
        ],
        "speedLimit": -1,
        "weblinkUrl": null,
        "expectedDelay": -1,
        "ended": false,
        "isNewIncident": false,
        "publicTransport": "",
        "impactingNetwork": false,
        "subCategoryB": null,
        "arrangementAttachments": [],
        "isInitialReport": false,
        "created": 1783680741000,
        "isMajor": false,
        "name": null,
        "subCategoryA": "Utilities",
        "adviceA": "Plan your journey",
        "adviceB": "Use diversions",
        "adviceC": "Reduce your speed",
        "end": 1792087200000,
        "hideEndDate": false,
        "incidentKind": "Planned",
        "mainCategory": "SCHEDULED ROADWORK",
        "lastUpdated": 1790582455754,
        "otherAdvice": "",
        "arrangementElements": [],
        "diversions": "<p><strong>So<span class=\"ql-cursor\">﻿</span>uthbound:</strong> Gardners Rd, Bunnerong Rd, Wentworth Ave</p><p><strong>Northbound: </strong>Foreshore Rd, Botany Rd</p>",
        "additionalInfo": [],
        "weblinkName": null,
        "attendingGroups": null,
        "encodedPolylines": [],
        "duration": null,
        "start": 1791280800000,
        "displayName": "SCHEDULED ROADWORK Utilities",
        "roads": [
          {
            "conditionTendency": "",
            "crossStreet": "Foreshore Road",
            "delay": "",
            "impactedLanes": [],
            "locationQualifier": "between",
            "mainStreet": "Botany Road",
            "quadrant": "",
            "queueLength": 0,
            "region": "Sydney",
            "secondLocation": "Hale Street",
            "suburb": "Banksmeadow",
            "trafficVolume": ""
          }
        ],
        "isLocalRoad": "State road",
        "CategoryIcon": "Roadworks"
      }
    },
    {
      "type": "Feature",
      "id": 286844,
      "geometry": {
        "type": "Point",
        "coordinates": [
          151.25285,
          -33.903993
        ],
        "collections": []
      },
      "properties": {
        "webLinks": [],
        "headline": "",
        "periods": [
          {
            "closureType": "ROAD_CLOSURE",
            "roadextent": "Affected",
            "roadtype": "",
            "direction": "All directions",
            "finishTime": "5:00am",
            "fromDay": "Monday",
            "startTime": "9:00pm",
            "toDay": ""
          },
          {
            "closureType": "ROAD_CLOSURE",
            "roadextent": "Affected",
            "roadtype": "",
            "direction": "All directions",
            "finishTime": "5:00am",
            "fromDay": "Tuesday",
            "startTime": "9:00pm",
            "toDay": ""
          },
          {
            "closureType": "ROAD_CLOSURE",
            "roadextent": "Affected",
            "roadtype": "",
            "direction": "All directions",
            "finishTime": "5:00am",
            "fromDay": "Wednesday",
            "startTime": "9:00pm",
            "toDay": ""
          }
        ],
        "speedLimit": 40,
        "weblinkUrl": null,
        "expectedDelay": -1,
        "ended": false,
        "isNewIncident": false,
        "publicTransport": "",
        "impactingNetwork": false,
        "subCategoryB": null,
        "arrangementAttachments": [],
        "isInitialReport": false,
        "created": 1788249876000,
        "isMajor": false,
        "name": null,
        "subCategoryA": "Intersection upgrade",
        "adviceA": "Reduced speed limit",
        "adviceB": "Check signage",
        "adviceC": " ",
        "end": 1793210400000,
        "hideEndDate": false,
        "incidentKind": "Planned",
        "mainCategory": "SCHEDULED ROADWORK",
        "lastUpdated": 1790587286510,
        "otherAdvice": "<p>Alternating (stop/slow) traffic conditions will be in place to allow motorists to pass in one direction at a time. </p><p>Traffic lights at the intersection of Carrington Rd and Darley Rd will be flashing, </p>",
        "arrangementElements": [],
        "diversions": "",
        "additionalInfo": [],
        "weblinkName": null,
        "attendingGroups": null,
        "encodedPolylines": [],
        "duration": null,
        "start": 1791799200000,
        "displayName": "SCHEDULED ROADWORK Intersection upgrade",
        "roads": [
          {
            "conditionTendency": "",
            "crossStreet": "John Street",
            "delay": "",
            "impactedLanes": [],
            "locationQualifier": "between",
            "mainStreet": "Carrington Road",
            "quadrant": "",
            "queueLength": 0,
            "region": "Sydney",
            "secondLocation": "Hooper Street",
            "suburb": "Randwick",
            "trafficVolume": ""
          }
        ],
        "isLocalRoad": "State road",
        "CategoryIcon": "Roadworks"
      }
    },
    {
      "type": "Feature",
      "id": 287146,
      "geometry": {
        "type": "Point",
        "coordinates": [
          143.5628353,
          -35.3376964
        ],
        "collections": []
      },
      "properties": {
        "webLinks": [],
        "headline": "",
        "periods": [
          {
            "closureType": "ROAD_CLOSURE",
            "roadextent": "Affected",
            "roadtype": "",
            "direction": "Both directions",
            "finishTime": "5:00pm",
            "fromDay": "Weekdays",
            "startTime": "7:00am",
            "toDay": ""
          }
        ],
        "speedLimit": 30,
        "weblinkUrl": null,
        "expectedDelay": -1,
        "ended": false,
        "isNewIncident": true,
        "publicTransport": "",
        "impactingNetwork": false,
        "subCategoryB": null,
        "arrangementAttachments": [],
        "isInitialReport": false,
        "created": 1790625603000,
        "isMajor": false,
        "name": null,
        "subCategoryA": "null",
        "adviceA": "Reduced speed limit",
        "adviceB": "Check signage",
        "adviceC": " ",
        "end": 1793340000000,
        "hideEndDate": false,
        "incidentKind": "Planned",
        "mainCategory": "SCHEDULED ROADWORK",
        "lastUpdated": 1790625604403,
        "otherAdvice": "<p>Alternating (stop/slow) traffic conditions will be in place to allow motorists to pass in one direction at a time. </p>",
        "arrangementElements": [],
        "diversions": "",
        "additionalInfo": [],
        "weblinkName": null,
        "attendingGroups": null,
        "encodedPolylines": [],
        "duration": null,
        "start": 1791230400000,
        "displayName": "SCHEDULED ROADWORK",
        "roads": [
          {
            "conditionTendency": "",
            "crossStreet": "Monash Drive",
            "delay": "",
            "impactedLanes": [],
            "locationQualifier": "at",
            "mainStreet": "Swan Hill Road",
            "quadrant": "",
            "queueLength": 0,
            "region": "The Murray",
            "secondLocation": "",
            "suburb": "Murray Downs",
            "trafficVolume": ""
          }
        ],
        "isLocalRoad": "State road",
        "CategoryIcon": "Roadworks"
      }
    },
    {
      "type": "Feature",
      "id": 289404,
      "geometry": {
        "type": "Point",
        "coordinates": [
          151.0078893,
          -34.0234201
        ],
        "collections": []
      },
      "properties": {
        "webLinks": [],
        "headline": "",
        "periods": [
          {
            "closureType": "ROAD_CLOSURE",
            "roadextent": "Affected",
            "roadtype": "",
            "direction": "All directions",
            "finishTime": "5:00am",
            "fromDay": "Tuesday",
            "startTime": "10:00pm",
            "toDay": ""
          },
          {
            "closureType": "ROAD_CLOSURE",
            "roadextent": "Affected",
            "roadtype": "",
            "direction": "All directions",
            "finishTime": "5:00am",
            "fromDay": "Wednesday",
            "startTime": "10:00pm",
            "toDay": ""
          },
          {
            "closureType": "ROAD_CLOSURE",
            "roadextent": "Affected",
            "roadtype": "",
            "direction": "All directions",
            "finishTime": "5:00am",
            "fromDay": "Thursday",
            "startTime": "10:00pm",
            "toDay": ""
          }
        ],
        "speedLimit": 40,
        "weblinkUrl": null,
        "expectedDelay": -1,
        "ended": false,
        "isNewIncident": false,
        "publicTransport": "",
        "impactingNetwork": false,
        "subCategoryB": null,
        "arrangementAttachments": [],
        "isInitialReport": false,
        "created": 1790591047000,
        "isMajor": false,
        "name": null,
        "subCategoryA": "null",
        "adviceA": "Reduced speed limit",
        "adviceB": "Exercise caution",
        "adviceC": "Allow extra travel time",
        "end": 1792087200000,
        "hideEndDate": false,
        "incidentKind": "Planned",
        "mainCategory": "SCHEDULED ROADWORK",
        "lastUpdated": 1790630563962,
        "otherAdvice": "<p>Traffic lights and the intersection of Bangor Bypass and New Illawarra Rd will be blacked out or flashing, and portable traffic lights will allow motorists to pass in one direction at a time.</p>",
        "arrangementElements": [],
        "diversions": "",
        "additionalInfo": [],
        "weblinkName": null,
        "attendingGroups": null,
        "encodedPolylines": [],
        "duration": null,
        "start": 1791284400000,
        "displayName": "SCHEDULED ROADWORK",
        "roads": [
          {
            "conditionTendency": "",
            "crossStreet": "New Illawarra Road",
            "delay": "",
            "impactedLanes": [],
            "locationQualifier": "between",
            "mainStreet": "Bangor Bypass",
            "quadrant": "",
            "queueLength": 0,
            "region": "Sydney",
            "secondLocation": "Anzac Road underpass",
            "suburb": "Menai",
            "trafficVolume": ""
          }
        ],
        "isLocalRoad": "State road",
        "CategoryIcon": "Roadworks"
      }
    },
    {
      "type": "Feature",
      "id": 289434,
      "geometry": {
        "type": "Point",
        "coordinates": [
          150.919017,
          -33.921903
        ],
        "collections": []
      },
      "properties": {
        "webLinks": [],
        "headline": "",
        "periods": [
          {
            "closureType": "ROAD_CLOSURE",
            "roadextent": "Affected",
            "roadtype": "",
            "direction": "All directions",
            "finishTime": "5:00am",
            "fromDay": "Wednesday",
            "startTime": "10:00pm",
            "toDay": ""
          },
          {
            "closureType": "ROAD_CLOSURE",
            "roadextent": "Affected",
            "roadtype": "",
            "direction": "All directions",
            "finishTime": "5:00am",
            "fromDay": "Thursday",
            "startTime": "10:00pm",
            "toDay": ""
          },
          {
            "closureType": "ROAD_CLOSURE",
            "roadextent": "Affected",
            "roadtype": "",
            "direction": "All directions",
            "finishTime": "5:00am",
            "fromDay": "Tuesday",
            "startTime": "10:00pm",
            "toDay": ""
          }
        ],
        "speedLimit": 40,
        "weblinkUrl": null,
        "expectedDelay": -1,
        "ended": false,
        "isNewIncident": false,
        "publicTransport": "",
        "impactingNetwork": false,
        "subCategoryB": null,
        "arrangementAttachments": [],
        "isInitialReport": false,
        "created": 1790641377000,
        "isMajor": false,
        "name": null,
        "subCategoryA": "Resurfacing",
        "adviceA": "Reduced speed limit",
        "adviceB": "Follow directions on site",
        "adviceC": "Allow extra travel time",
        "end": 1791914400000,
        "hideEndDate": false,
        "incidentKind": "Planned",
        "mainCategory": "SCHEDULED ROADWORK",
        "lastUpdated": 1790641499520,
        "otherAdvice": "<p>Traffic lights at the intersection of Moore St and Hume Hwy will be blacked out or flashing, and portable traffic lights will allow motorists to pass in one direction at a time. </p>",
        "arrangementElements": [],
        "diversions": "",
        "additionalInfo": [],
        "weblinkName": null,
        "attendingGroups": null,
        "encodedPolylines": [],
        "duration": null,
        "start": 1791328800000,
        "displayName": "SCHEDULED ROADWORK Resurfacing",
        "roads": [
          {
            "conditionTendency": "",
            "crossStreet": "Beale Street",
            "delay": "",
            "impactedLanes": [],
            "locationQualifier": "between",
            "mainStreet": "Moore Street",
            "quadrant": "",
            "queueLength": 0,
            "region": "Sydney",
            "secondLocation": "Northumberland Street",
            "suburb": "Liverpool",
            "trafficVolume": ""
          }
        ],
        "isLocalRoad": "State road",
        "CategoryIcon": "Roadworks"
      }
    },
    {
      "type": "Feature",
      "id": 269648,
      "geometry": {
        "type": "Point",
        "coordinates": [
          153.399799,
          -28.3283513
        ],
        "collections": []
      },
      "properties": {
        "webLinks": [],
        "headline": "",
        "periods": [
          {
            "closureType": "ROAD_CLOSURE",
            "roadextent": "Affected",
            "roadtype": "",
            "direction": "Both directions",
            "finishTime": "5:00pm",
            "fromDay": "Weekdays",
            "startTime": "6:30am",
            "toDay": ""
          }
        ],
        "speedLimit": 40,
        "weblinkUrl": null,
        "expectedDelay": -1,
        "ended": false,
        "isNewIncident": false,
        "publicTransport": "",
        "impactingNetwork": false,
        "subCategoryB": null,
        "arrangementAttachments": [],
        "isInitialReport": false,
        "created": 1776024061000,
        "isMajor": false,
        "name": null,
        "subCategoryA": "Bridge work",
        "adviceA": "Reduced speed limit",
        "adviceB": "Check signage",
        "adviceC": " ",
        "end": 1806476400000,
        "hideEndDate": false,
        "incidentKind": "Planned",
        "mainCategory": "SCHEDULED ROADWORK",
        "lastUpdated": 1790642531207,
        "otherAdvice": "<p>Motorists are advised to allow approximately 5 minutes of additional travel time.</p>",
        "arrangementElements": [],
        "diversions": "",
        "additionalInfo": [],
        "weblinkName": null,
        "attendingGroups": null,
        "encodedPolylines": [],
        "duration": null,
        "start": 1776632400000,
        "displayName": "SCHEDULED ROADWORK Bridge work",
        "roads": [
          {
            "conditionTendency": "",
            "crossStreet": "Tweed River Bridge",
            "delay": "",
            "impactedLanes": [],
            "locationQualifier": "at",
            "mainStreet": "Wollumbin Street",
            "quadrant": "",
            "queueLength": 0,
            "region": "North Coast NSW",
            "secondLocation": "",
            "suburb": "Murwillumbah",
            "trafficVolume": ""
          }
        ],
        "isLocalRoad": "State road",
        "CategoryIcon": "Roadworks"
      }
    },
    {
      "type": "Feature",
      "id": 186193,
      "geometry": {
        "type": "Point",
        "coordinates": [
          150.5882955,
          -34.983667
        ],
        "collections": []
      },
      "properties": {
        "webLinks": [],
        "headline": "",
        "periods": [
          {
            "closureType": "ROAD_CLOSURE",
            "roadextent": "Affected",
            "roadtype": "",
            "direction": "Both directions",
            "finishTime": "",
            "fromDay": "Every Day",
            "startTime": "all day",
            "toDay": ""
          }
        ],
        "speedLimit": 40,
        "weblinkUrl": null,
        "expectedDelay": -1,
        "ended": false,
        "isNewIncident": false,
        "publicTransport": "",
        "impactingNetwork": true,
        "subCategoryB": null,
        "arrangementAttachments": [
          {
            "displayName": "Traffic_management",
            "fileName": "Traffic_management.png",
            "fileType": "PNG",
            "linkName": "Traffic_management",
            "sizeInBytes": 126721,
            "uniqueFileName": "427087_1789514245748_Traffic_management.png"
          },
          {
            "displayName": "Northbound_access_to_JB_Road",
            "fileName": "Northbound_access_to_JB_Road.png",
            "fileType": "PNG",
            "linkName": "Northbound_access_to_JB_Road",
            "sizeInBytes": 84760,
            "uniqueFileName": "218026_1783995487531_Northbound_access_to_JB_Road.png"
          }
        ],
        "isInitialReport": false,
        "created": 1708559225000,
        "isMajor": false,
        "name": null,
        "subCategoryA": "Intersection upgrade",
        "adviceA": "Check signage",
        "adviceB": "Exercise caution",
        "adviceC": "Reduced speed limit",
        "end": 1835409600000,
        "hideEndDate": false,
        "incidentKind": "Planned",
        "mainCategory": "SCHEDULED ROADWORK",
        "lastUpdated": 1790657826411,
        "otherAdvice": "<p><strong>JERVIS BAY ROAD INTERSECTION UPGRADE</strong></p><p>Construction work is underway, including major earthworks and embankment construction; bridge works and retaining wall construction; road surface and ramp construction; utility relocations; and drainage upgrades.</p><p><strong>Changes to traffic conditions </strong></p><p><strong>Sunday 25, Monday 26 and Wednesday 28 October </strong>night work will be carried out between <strong>6pm and 7am.</strong></p><p>During work hours, Jervis Bay Road will be closed between the Princes Highway and Gardner Road between 9pm and 5am.</p><p>Traffic wishing to access Vincentia, Huskisson and other villages to the east of the Highway should detour via the Princes Highway onto Island Point Road then The Wool Road.</p>",
        "arrangementElements": [],
        "diversions": "",
        "additionalInfo": [],
        "weblinkName": null,
        "attendingGroups": null,
        "encodedPolylines": [],
        "duration": null,
        "start": 1707688800000,
        "displayName": "SCHEDULED ROADWORK Intersection upgrade",
        "roads": [
          {
            "conditionTendency": "",
            "crossStreet": "Jervis Bay Road",
            "delay": "",
            "impactedLanes": [],
            "locationQualifier": "at",
            "mainStreet": "Princes Highway",
            "quadrant": "",
            "queueLength": 0,
            "region": "South Coast",
            "secondLocation": "",
            "suburb": "Falls Creek",
            "trafficVolume": ""
          }
        ],
        "isLocalRoad": "State road",
        "CategoryIcon": "Roadworks"
      }
    },
    {
      "type": "Feature",
      "id": 286226,
      "geometry": {
        "type": "Point",
        "coordinates": [
          151.2353176,
          -33.8244202
        ],
        "collections": []
      },
      "properties": {
        "webLinks": [],
        "headline": "",
        "periods": [
          {
            "closureType": "ROAD_CLOSURE",
            "roadextent": "Affected",
            "roadtype": "",
            "direction": "Both directions",
            "finishTime": "5:00am",
            "fromDay": "Monday",
            "startTime": "10:00pm",
            "toDay": ""
          },
          {
            "closureType": "ROAD_CLOSURE",
            "roadextent": "Affected",
            "roadtype": "",
            "direction": "Both directions",
            "finishTime": "5:00am",
            "fromDay": "Tuesday",
            "startTime": "10:00pm",
            "toDay": ""
          },
          {
            "closureType": "ROAD_CLOSURE",
            "roadextent": "Affected",
            "roadtype": "",
            "direction": "Both directions",
            "finishTime": "5:00am",
            "fromDay": "Wednesday",
            "startTime": "10:00pm",
            "toDay": ""
          },
          {
            "closureType": "ROAD_CLOSURE",
            "roadextent": "Affected",
            "roadtype": "",
            "direction": "Both directions",
            "finishTime": "5:00am",
            "fromDay": "Thursday",
            "startTime": "10:30pm",
            "toDay": ""
          },
          {
            "closureType": "ROAD_CLOSURE",
            "roadextent": "Affected",
            "roadtype": "",
            "direction": "Both directions",
            "finishTime": "5:00am",
            "fromDay": "Sunday",
            "startTime": "10:00pm",
            "toDay": ""
          }
        ],
        "speedLimit": 50,
        "weblinkUrl": null,
        "expectedDelay": -1,
        "ended": false,
        "isNewIncident": false,
        "publicTransport": "",
        "impactingNetwork": false,
        "subCategoryB": null,
        "arrangementAttachments": [],
        "isInitialReport": false,
        "created": 1787720174000,
        "isMajor": false,
        "name": null,
        "subCategoryA": "Maintenance",
        "adviceA": "Reduced speed limit",
        "adviceB": "Check signage",
        "adviceC": "Allow extra travel time",
        "end": 1792087200000,
        "hideEndDate": false,
        "incidentKind": "Planned",
        "mainCategory": "SCHEDULED ROADWORK",
        "lastUpdated": 1790667630485,
        "otherAdvice": "<p>Alternating (stop/slow) traffic conditions using portable traffic control devices will be in place to allow motorists to pass in one direction at a time.</p>",
        "arrangementElements": [],
        "diversions": "",
        "additionalInfo": [],
        "weblinkName": null,
        "attendingGroups": null,
        "encodedPolylines": [],
        "duration": null,
        "start": 1791198000000,
        "displayName": "SCHEDULED ROADWORK Maintenance",
        "roads": [
          {
            "conditionTendency": "",
            "crossStreet": "Spit Road",
            "delay": "",
            "impactedLanes": [],
            "locationQualifier": "between",
            "mainStreet": "Military Road",
            "quadrant": "",
            "queueLength": 0,
            "region": "Sydney",
            "secondLocation": "Prince Street",
            "suburb": "Mosman",
            "trafficVolume": ""
          }
        ],
        "isLocalRoad": "State road",
        "CategoryIcon": "Roadworks"
      }
    },
    {
      "type": "Feature",
      "id": 289507,
      "geometry": {
        "type": "Point",
        "coordinates": [
          151.145415,
          -33.636787
        ],
        "collections": []
      },
      "properties": {
        "webLinks": [],
        "headline": "",
        "periods": [
          {
            "closureType": "ROAD_CLOSURE",
            "roadextent": "Affected",
            "roadtype": "",
            "direction": "Both directions",
            "finishTime": "5:00am",
            "fromDay": "Tuesday",
            "startTime": "9:00pm",
            "toDay": ""
          },
          {
            "closureType": "ROAD_CLOSURE",
            "roadextent": "Affected",
            "roadtype": "",
            "direction": "Both directions",
            "finishTime": "5:00am",
            "fromDay": "Wednesday",
            "startTime": "9:00pm",
            "toDay": ""
          },
          {
            "closureType": "ROAD_CLOSURE",
            "roadextent": "Affected",
            "roadtype": "",
            "direction": "Both directions",
            "finishTime": "5:00am",
            "fromDay": "Thursday",
            "startTime": "9:00pm",
            "toDay": ""
          },
          {
            "closureType": "ROAD_CLOSURE",
            "roadextent": "Affected",
            "roadtype": "",
            "direction": "Both directions",
            "finishTime": "5:00am",
            "fromDay": "Sunday",
            "startTime": "9:00pm",
            "toDay": ""
          },
          {
            "closureType": "ROAD_CLOSURE",
            "roadextent": "Affected",
            "roadtype": "",
            "direction": "Both directions",
            "finishTime": "5:00am",
            "fromDay": "Monday",
            "startTime": "9:00pm",
            "toDay": ""
          }
        ],
        "speedLimit": -1,
        "weblinkUrl": null,
        "expectedDelay": -1,
        "ended": false,
        "isNewIncident": true,
        "publicTransport": "",
        "impactingNetwork": false,
        "subCategoryB": null,
        "arrangementAttachments": [],
        "isInitialReport": false,
        "created": 1790669617000,
        "isMajor": false,
        "name": null,
        "subCategoryA": "null",
        "adviceA": "Reduce your speed",
        "adviceB": "Exercise caution",
        "adviceC": " ",
        "end": 1793296800000,
        "hideEndDate": false,
        "incidentKind": "Planned",
        "mainCategory": "SCHEDULED ROADWORK",
        "lastUpdated": 1790669618286,
        "otherAdvice": "<p>Alternating (stop/slow) traffic conditions will be in place to allow motorists to pass in one direction at a time. </p>",
        "arrangementElements": [],
        "diversions": "",
        "additionalInfo": [],
        "weblinkName": null,
        "attendingGroups": null,
        "encodedPolylines": [],
        "duration": null,
        "start": 1791712800000,
        "displayName": "SCHEDULED ROADWORK",
        "roads": [
          {
            "conditionTendency": "",
            "crossStreet": "Collingridge Way",
            "delay": "",
            "impactedLanes": [],
            "locationQualifier": "between",
            "mainStreet": "Pacific Highway",
            "quadrant": "",
            "queueLength": 0,
            "region": "Sydney",
            "secondLocation": "Fraser Road",
            "suburb": "Berowra",
            "trafficVolume": ""
          }
        ],
        "isLocalRoad": "State road",
        "CategoryIcon": "Roadworks"
      }
    },
    {
      "type": "Feature",
      "id": 289510,
      "geometry": {
        "type": "Point",
        "coordinates": [
          150.7927534,
          -33.8806576
        ],
        "collections": []
      },
      "properties": {
        "webLinks": [],
        "headline": "",
        "periods": [
          {
            "closureType": "ROAD_CLOSURE",
            "roadextent": "Affected",
            "roadtype": "",
            "direction": "All directions",
            "finishTime": "5:00am",
            "fromDay": "Wednesday",
            "startTime": "9:00pm",
            "toDay": ""
          },
          {
            "closureType": "ROAD_CLOSURE",
            "roadextent": "Affected",
            "roadtype": "",
            "direction": "All directions",
            "finishTime": "5:00am",
            "fromDay": "Thursday",
            "startTime": "9:00pm",
            "toDay": ""
          },
          {
            "closureType": "ROAD_CLOSURE",
            "roadextent": "Affected",
            "roadtype": "",
            "direction": "All directions",
            "finishTime": "5:00am",
            "fromDay": "Sunday",
            "startTime": "9:00pm",
            "toDay": ""
          },
          {
            "closureType": "ROAD_CLOSURE",
            "roadextent": "Affected",
            "roadtype": "",
            "direction": "All directions",
            "finishTime": "5:00am",
            "fromDay": "Monday",
            "startTime": "9:00pm",
            "toDay": ""
          },
          {
            "closureType": "ROAD_CLOSURE",
            "roadextent": "Affected",
            "roadtype": "",
            "direction": "All directions",
            "finishTime": "5:00am",
            "fromDay": "Tuesday",
            "startTime": "9:00pm",
            "toDay": ""
          }
        ],
        "speedLimit": 40,
        "weblinkUrl": null,
        "expectedDelay": -1,
        "ended": false,
        "isNewIncident": true,
        "publicTransport": "",
        "impactingNetwork": false,
        "subCategoryB": null,
        "arrangementAttachments": [],
        "isInitialReport": false,
        "created": 1790671060000,
        "isMajor": false,
        "name": null,
        "subCategoryA": "null",
        "adviceA": "Reduced speed limit",
        "adviceB": "Exercise caution",
        "adviceC": " ",
        "end": 1792692000000,
        "hideEndDate": false,
        "incidentKind": "Planned",
        "mainCategory": "SCHEDULED ROADWORK",
        "lastUpdated": 1790671061293,
        "otherAdvice": "<p>Alternating (stop/slow) traffic conditions will be in place to allow motorists to pass in one direction at a time. </p>",
        "arrangementElements": [],
        "diversions": "",
        "additionalInfo": [],
        "weblinkName": null,
        "attendingGroups": null,
        "encodedPolylines": [],
        "duration": null,
        "start": 1791367200000,
        "displayName": "SCHEDULED ROADWORK",
        "roads": [
          {
            "conditionTendency": "",
            "crossStreet": "Devonshire Road",
            "delay": "",
            "impactedLanes": [],
            "locationQualifier": "between",
            "mainStreet": "Elizabeth Drive",
            "quadrant": "",
            "queueLength": 0,
            "region": "Sydney",
            "secondLocation": "Duff Road",
            "suburb": "Kemps Creek",
            "trafficVolume": ""
          }
        ],
        "isLocalRoad": "State road",
        "CategoryIcon": "Roadworks"
      }
    },
    {
      "type": "Feature",
      "id": 289513,
      "geometry": {
        "type": "Point",
        "coordinates": [
          150.896035,
          -33.893852
        ],
        "collections": []
      },
      "properties": {
        "webLinks": [],
        "headline": "",
        "periods": [
          {
            "closureType": "ROAD_CLOSURE",
            "roadextent": "Affected",
            "roadtype": "",
            "direction": "Both directions",
            "finishTime": "5:00am",
            "fromDay": "Thursday",
            "startTime": "10:30pm",
            "toDay": ""
          },
          {
            "closureType": "ROAD_CLOSURE",
            "roadextent": "Affected",
            "roadtype": "",
            "direction": "Both directions",
            "finishTime": "5:00am",
            "fromDay": "Sunday",
            "startTime": "9:30pm",
            "toDay": ""
          },
          {
            "closureType": "ROAD_CLOSURE",
            "roadextent": "Affected",
            "roadtype": "",
            "direction": "Both directions",
            "finishTime": "5:00am",
            "fromDay": "Monday",
            "startTime": "9:30pm",
            "toDay": ""
          },
          {
            "closureType": "ROAD_CLOSURE",
            "roadextent": "Affected",
            "roadtype": "",
            "direction": "Both directions",
            "finishTime": "5:00am",
            "fromDay": "Thursday",
            "startTime": "9:30pm",
            "toDay": ""
          },
          {
            "closureType": "ROAD_CLOSURE",
            "roadextent": "Affected",
            "roadtype": "",
            "direction": "Both directions",
            "finishTime": "5:00am",
            "fromDay": "Thursday",
            "startTime": "9:30pm",
            "toDay": ""
          }
        ],
        "speedLimit": -1,
        "weblinkUrl": null,
        "expectedDelay": -1,
        "ended": false,
        "isNewIncident": true,
        "publicTransport": "",
        "impactingNetwork": false,
        "subCategoryB": null,
        "arrangementAttachments": [],
        "isInitialReport": false,
        "created": 1790672110000,
        "isMajor": false,
        "name": null,
        "subCategoryA": "null",
        "adviceA": "Reduce your speed",
        "adviceB": "Exercise caution",
        "adviceC": " ",
        "end": 1792692000000,
        "hideEndDate": false,
        "incidentKind": "Planned",
        "mainCategory": "SCHEDULED ROADWORK",
        "lastUpdated": 1790672110538,
        "otherAdvice": "<p>Alternating (stop/slow) traffic conditions will be in place to allow motorists to pass in one direction at a time.</p><p>Traffic lights in the area may be blacked out or flashing yellow.</p>",
        "arrangementElements": [],
        "diversions": "",
        "additionalInfo": [],
        "weblinkName": null,
        "attendingGroups": null,
        "encodedPolylines": [],
        "duration": null,
        "start": 1791415800000,
        "displayName": "SCHEDULED ROADWORK",
        "roads": [
          {
            "conditionTendency": "",
            "crossStreet": "Katinka Street",
            "delay": "",
            "impactedLanes": [],
            "locationQualifier": "between",
            "mainStreet": "Cabramatta Road West",
            "quadrant": "",
            "queueLength": 0,
            "region": "Sydney",
            "secondLocation": "Elizabeth Drive",
            "suburb": "Bonyrigg",
            "trafficVolume": ""
          }
        ],
        "isLocalRoad": "State road",
        "CategoryIcon": "Roadworks"
      }
    },
    {
      "type": "Feature",
      "id": 289192,
      "geometry": {
        "type": "Point",
        "coordinates": [
          151.189497,
          -33.9444936
        ],
        "collections": []
      },
      "properties": {
        "webLinks": [],
        "headline": "",
        "periods": [
          {
            "closureType": "ROAD_CLOSURE",
            "roadextent": "Closed",
            "roadtype": "Off-ramp",
            "direction": "Southbound",
            "finishTime": "4:30am",
            "fromDay": "Sunday",
            "startTime": "9:00pm",
            "toDay": ""
          },
          {
            "closureType": "ROAD_CLOSURE",
            "roadextent": "Closed",
            "roadtype": "Off-ramp",
            "direction": "Southbound",
            "finishTime": "4:30am",
            "fromDay": "Monday",
            "startTime": "9:00pm",
            "toDay": ""
          },
          {
            "closureType": "ROAD_CLOSURE",
            "roadextent": "Closed",
            "roadtype": "Off-ramp",
            "direction": "Southbound",
            "finishTime": "4:30am",
            "fromDay": "Tuesday",
            "startTime": "9:00pm",
            "toDay": ""
          },
          {
            "closureType": "ROAD_CLOSURE",
            "roadextent": "Closed",
            "roadtype": "Off-ramp",
            "direction": "Southbound",
            "finishTime": "4:30am",
            "fromDay": "Wednesday",
            "startTime": "9:00pm",
            "toDay": ""
          },
          {
            "closureType": "ROAD_CLOSURE",
            "roadextent": "Closed",
            "roadtype": "Off-ramp",
            "direction": "Southbound",
            "finishTime": "4:30am",
            "fromDay": "Thursday",
            "startTime": "9:00pm",
            "toDay": ""
          }
        ],
        "speedLimit": -1,
        "weblinkUrl": null,
        "expectedDelay": -1,
        "ended": false,
        "isNewIncident": false,
        "publicTransport": "",
        "impactingNetwork": false,
        "subCategoryB": null,
        "arrangementAttachments": [],
        "isInitialReport": false,
        "created": 1790339622000,
        "isMajor": false,
        "name": null,
        "subCategoryA": "Bridge work",
        "adviceA": "Use an alternative route",
        "adviceB": "Plan your journey",
        "adviceC": "Allow extra travel time",
        "end": 1792691100000,
        "hideEndDate": false,
        "incidentKind": "Planned",
        "mainCategory": "SCHEDULED ROADWORK",
        "lastUpdated": 1790709497213,
        "otherAdvice": "",
        "arrangementElements": [],
        "diversions": "<p>Mill Pond Rd, Botany Rd, to Foreshore Rd.</p>",
        "additionalInfo": [],
        "weblinkName": null,
        "attendingGroups": null,
        "encodedPolylines": [],
        "duration": null,
        "start": 1792317600000,
        "displayName": "SCHEDULED ROADWORK",
        "roads": [
          {
            "conditionTendency": "",
            "crossStreet": "Foreshore Road",
            "delay": "",
            "impactedLanes": [],
            "locationQualifier": "to",
            "mainStreet": "General Holmes Drive Off-Ramp",
            "quadrant": "",
            "queueLength": 0,
            "region": "Sydney",
            "secondLocation": "",
            "suburb": "Mascot",
            "trafficVolume": ""
          }
        ],
        "isLocalRoad": "State road",
        "CategoryIcon": "Roadworks"
      }
    },
    {
      "type": "Feature",
      "id": 289077,
      "geometry": {
        "type": "Point",
        "coordinates": [
          151.106754,
          -33.9611
        ],
        "collections": []
      },
      "properties": {
        "webLinks": [],
        "headline": "",
        "periods": [
          {
            "closureType": "ROAD_CLOSURE",
            "roadextent": "Affected",
            "roadtype": "",
            "direction": "Both directions",
            "finishTime": "5:00am",
            "fromDay": "Sunday",
            "startTime": "9:00pm",
            "toDay": ""
          },
          {
            "closureType": "ROAD_CLOSURE",
            "roadextent": "Affected",
            "roadtype": "",
            "direction": "Both directions",
            "finishTime": "5:00am",
            "fromDay": "Monday",
            "startTime": "9:00pm",
            "toDay": ""
          },
          {
            "closureType": "ROAD_CLOSURE",
            "roadextent": "Affected",
            "roadtype": "",
            "direction": "Both directions",
            "finishTime": "5:00am",
            "fromDay": "Tuesday",
            "startTime": "9:00pm",
            "toDay": ""
          },
          {
            "closureType": "ROAD_CLOSURE",
            "roadextent": "Affected",
            "roadtype": "",
            "direction": "Both directions",
            "finishTime": "5:00am",
            "fromDay": "Wednesday",
            "startTime": "9:00pm",
            "toDay": ""
          },
          {
            "closureType": "ROAD_CLOSURE",
            "roadextent": "Affected",
            "roadtype": "",
            "direction": "Both directions",
            "finishTime": "5:00am",
            "fromDay": "Thursday",
            "startTime": "9:00pm",
            "toDay": ""
          }
        ],
        "speedLimit": 40,
        "weblinkUrl": null,
        "expectedDelay": -1,
        "ended": false,
        "isNewIncident": false,
        "publicTransport": "",
        "impactingNetwork": false,
        "subCategoryB": null,
        "arrangementAttachments": [],
        "isInitialReport": false,
        "created": 1790237469000,
        "isMajor": false,
        "name": null,
        "subCategoryA": "Resurfacing",
        "adviceA": "Reduced speed limit",
        "adviceB": "Follow directions on site",
        "adviceC": "Expect delays",
        "end": 1795976100000,
        "hideEndDate": false,
        "incidentKind": "Planned",
        "mainCategory": "SCHEDULED ROADWORK",
        "lastUpdated": 1790729339165,
        "otherAdvice": "<p>Traffic lights at the intersection of Queens Rd and Orange St will be blacked out or flashing, and portable traffic lights will allow motorists to pass in one direction at a time. </p>",
        "arrangementElements": [],
        "diversions": "",
        "additionalInfo": [],
        "weblinkName": null,
        "attendingGroups": null,
        "encodedPolylines": [],
        "duration": null,
        "start": 1791712800000,
        "displayName": "SCHEDULED ROADWORK Resurfacing",
        "roads": [
          {
            "conditionTendency": "",
            "crossStreet": "Forest Road",
            "delay": "",
            "impactedLanes": [],
            "locationQualifier": "between",
            "mainStreet": "Queens Road",
            "quadrant": "",
            "queueLength": 0,
            "region": "Sydney",
            "secondLocation": "Croydon Road",
            "suburb": "Hurstville",
            "trafficVolume": ""
          }
        ],
        "isLocalRoad": "State road",
        "CategoryIcon": "Roadworks"
      }
    },
    {
      "type": "Feature",
      "id": 286965,
      "geometry": {
        "type": "Point",
        "coordinates": [
          150.7708909,
          -33.7883558
        ],
        "collections": []
      },
      "properties": {
        "webLinks": [],
        "headline": "",
        "periods": [
          {
            "closureType": "ROAD_CLOSURE",
            "roadextent": "Closed",
            "roadtype": "Road",
            "direction": "Both directions",
            "finishTime": "4:00am",
            "fromDay": "Monday",
            "startTime": "8:00pm",
            "toDay": ""
          },
          {
            "closureType": "ROAD_CLOSURE",
            "roadextent": "Closed",
            "roadtype": "Road",
            "direction": "Both directions",
            "finishTime": "4:00am",
            "fromDay": "Tuesday",
            "startTime": "8:00pm",
            "toDay": ""
          }
        ],
        "speedLimit": -1,
        "weblinkUrl": null,
        "expectedDelay": -1,
        "ended": false,
        "isNewIncident": false,
        "publicTransport": "",
        "impactingNetwork": false,
        "subCategoryB": null,
        "arrangementAttachments": [],
        "isInitialReport": false,
        "created": 1788337633000,
        "isMajor": false,
        "name": null,
        "subCategoryA": "null",
        "adviceA": "Use diversions",
        "adviceB": "Check signage",
        "adviceC": " ",
        "end": 1792084500000,
        "hideEndDate": false,
        "incidentKind": "Planned",
        "mainCategory": "SCHEDULED ROADWORK",
        "lastUpdated": 1790733033504,
        "otherAdvice": "",
        "arrangementElements": [],
        "diversions": "<p>Northbound traffic continues on Mamre Rd, Wilson St, Atchison St, Hall Rd to then head southbound on Mamre Rd, Solander Dr and Cooks Pde</p><p>Southbound: Solander Dr and Cooks Pde</p>",
        "additionalInfo": [],
        "weblinkName": null,
        "attendingGroups": null,
        "encodedPolylines": [],
        "duration": null,
        "start": 1791967500000,
        "displayName": "SCHEDULED ROADWORK Mamre Road Upgrade",
        "roads": [
          {
            "conditionTendency": "",
            "crossStreet": "Mamre Road",
            "delay": "",
            "impactedLanes": [],
            "locationQualifier": "between",
            "mainStreet": "Banks Drive",
            "quadrant": "",
            "queueLength": 0,
            "region": "Sydney",
            "secondLocation": "St Clair Avenue",
            "suburb": "Orchard Hills",
            "trafficVolume": ""
          }
        ],
        "isLocalRoad": "Local road",
        "CategoryIcon": "Roadworks"
      }
    },
    {
      "type": "Feature",
      "id": 289563,
      "geometry": {
        "type": "Point",
        "coordinates": [
          150.927589,
          -33.804817
        ],
        "collections": []
      },
      "properties": {
        "webLinks": [],
        "headline": "",
        "periods": [
          {
            "closureType": "ROAD_CLOSURE",
            "roadextent": "Affected",
            "roadtype": "",
            "direction": "Both directions",
            "finishTime": "5:00am",
            "fromDay": "Tuesday",
            "startTime": "9:30pm",
            "toDay": ""
          },
          {
            "closureType": "ROAD_CLOSURE",
            "roadextent": "Affected",
            "roadtype": "",
            "direction": "Both directions",
            "finishTime": "5:00am",
            "fromDay": "Wednesday",
            "startTime": "9:30pm",
            "toDay": ""
          },
          {
            "closureType": "ROAD_CLOSURE",
            "roadextent": "Affected",
            "roadtype": "",
            "direction": "Both directions",
            "finishTime": "5:00am",
            "fromDay": "Thursday",
            "startTime": "10:00pm",
            "toDay": ""
          },
          {
            "closureType": "ROAD_CLOSURE",
            "roadextent": "Affected",
            "roadtype": "",
            "direction": "Both directions",
            "finishTime": "5:00am",
            "fromDay": "Sunday",
            "startTime": "9:30pm",
            "toDay": ""
          }
        ],
        "speedLimit": 40,
        "weblinkUrl": null,
        "expectedDelay": -1,
        "ended": false,
        "isNewIncident": false,
        "publicTransport": "",
        "impactingNetwork": true,
        "subCategoryB": null,
        "arrangementAttachments": [],
        "isInitialReport": false,
        "created": 1790737241000,
        "isMajor": false,
        "name": null,
        "subCategoryA": "Resurfacing",
        "adviceA": "Reduced speed limit",
        "adviceB": "Allow extra travel time",
        "adviceC": " ",
        "end": 1792347300000,
        "hideEndDate": false,
        "incidentKind": "Planned",
        "mainCategory": "SCHEDULED ROADWORK",
        "lastUpdated": 1790737464285,
        "otherAdvice": "<p><strong>Sunday work will only occur on 18 October.</strong></p><p>Traffic lights in the area may be blacked out or flashing yellow. Alternating (stop/slow) traffic conditions will be in place to allow motorists to pass in one direction at a time.</p>",
        "arrangementElements": [],
        "diversions": "",
        "additionalInfo": [],
        "weblinkName": null,
        "attendingGroups": null,
        "encodedPolylines": [],
        "duration": null,
        "start": 1790766000000,
        "displayName": "SCHEDULED ROADWORK Resurfacing",
        "roads": [
          {
            "conditionTendency": "",
            "crossStreet": "Prospect Highway",
            "delay": "",
            "impactedLanes": [],
            "locationQualifier": "between",
            "mainStreet": "Great Western Highway",
            "quadrant": "",
            "queueLength": 0,
            "region": "Sydney",
            "secondLocation": "Toongabbie Road",
            "suburb": "Prospect to Greystanes",
            "trafficVolume": ""
          }
        ],
        "isLocalRoad": "State road",
        "CategoryIcon": "Roadworks"
      }
    },
    {
      "type": "Feature",
      "id": 289564,
      "geometry": {
        "type": "Point",
        "coordinates": [
          150.996423,
          -33.818538
        ],
        "collections": []
      },
      "properties": {
        "webLinks": [],
        "headline": "",
        "periods": [
          {
            "closureType": "ROAD_CLOSURE",
            "roadextent": "Affected",
            "roadtype": "",
            "direction": "Both directions",
            "finishTime": "5:00am",
            "fromDay": "Tuesday",
            "startTime": "10:30pm",
            "toDay": ""
          },
          {
            "closureType": "ROAD_CLOSURE",
            "roadextent": "Affected",
            "roadtype": "",
            "direction": "Both directions",
            "finishTime": "5:00am",
            "fromDay": "Wednesday",
            "startTime": "10:30pm",
            "toDay": ""
          },
          {
            "closureType": "ROAD_CLOSURE",
            "roadextent": "Affected",
            "roadtype": "",
            "direction": "Both directions",
            "finishTime": "5:00am",
            "fromDay": "Thursday",
            "startTime": "10:30pm",
            "toDay": ""
          },
          {
            "closureType": "ROAD_CLOSURE",
            "roadextent": "Affected",
            "roadtype": "",
            "direction": "Both directions",
            "finishTime": "5:00am",
            "fromDay": "Sunday",
            "startTime": "10:30pm",
            "toDay": ""
          }
        ],
        "speedLimit": 40,
        "weblinkUrl": null,
        "expectedDelay": -1,
        "ended": false,
        "isNewIncident": true,
        "publicTransport": "",
        "impactingNetwork": true,
        "subCategoryB": null,
        "arrangementAttachments": [],
        "isInitialReport": false,
        "created": 1790737795000,
        "isMajor": false,
        "name": null,
        "subCategoryA": "Resurfacing",
        "adviceA": "Reduced speed limit",
        "adviceB": "Allow extra travel time",
        "adviceC": " ",
        "end": 1792347300000,
        "hideEndDate": false,
        "incidentKind": "Planned",
        "mainCategory": "SCHEDULED ROADWORK",
        "lastUpdated": 1790737795740,
        "otherAdvice": "<p><strong>Sunday work will only occur on 18 October.</strong>﻿</p><p>Traffic lights in the area may be blacked out or flashing yellow. Alternating (stop/slow) traffic conditions will be in place to allow motorists to pass in one direction at a time. </p>",
        "arrangementElements": [],
        "diversions": "",
        "additionalInfo": [],
        "weblinkName": null,
        "attendingGroups": null,
        "encodedPolylines": [],
        "duration": null,
        "start": 1790771400000,
        "displayName": "SCHEDULED ROADWORK Resurfacing",
        "roads": [
          {
            "conditionTendency": "",
            "crossStreet": "Burnett Street",
            "delay": "",
            "impactedLanes": [],
            "locationQualifier": "between",
            "mainStreet": "Great Western Highway",
            "quadrant": "",
            "queueLength": 0,
            "region": "Sydney",
            "secondLocation": "Marsden Street",
            "suburb": "Parramatta",
            "trafficVolume": ""
          }
        ],
        "isLocalRoad": "State road",
        "CategoryIcon": "Roadworks"
      }
    },
    {
      "type": "Feature",
      "id": 289571,
      "geometry": {
        "type": "Point",
        "coordinates": [
          151.0347065,
          -33.9405971
        ],
        "collections": []
      },
      "properties": {
        "webLinks": [],
        "headline": "",
        "periods": [
          {
            "closureType": "ROAD_CLOSURE",
            "roadextent": "Closed",
            "roadtype": "On-ramp",
            "direction": "Westbound",
            "finishTime": "5:00am",
            "fromDay": "Sunday",
            "startTime": "10:00pm",
            "toDay": ""
          },
          {
            "closureType": "ROAD_CLOSURE",
            "roadextent": "Closed",
            "roadtype": "On-ramp",
            "direction": "Westbound",
            "finishTime": "5:00am",
            "fromDay": "Monday",
            "startTime": "10:00pm",
            "toDay": ""
          },
          {
            "closureType": "ROAD_CLOSURE",
            "roadextent": "Closed",
            "roadtype": "On-ramp",
            "direction": "Westbound",
            "finishTime": "5:00am",
            "fromDay": "Tuesday",
            "startTime": "10:00pm",
            "toDay": ""
          },
          {
            "closureType": "ROAD_CLOSURE",
            "roadextent": "Closed",
            "roadtype": "On-ramp",
            "direction": "Westbound",
            "finishTime": "5:00am",
            "fromDay": "Wednesday",
            "startTime": "10:00pm",
            "toDay": ""
          },
          {
            "closureType": "ROAD_CLOSURE",
            "roadextent": "Closed",
            "roadtype": "On-ramp",
            "direction": "Westbound",
            "finishTime": "5:00am",
            "fromDay": "Thursday",
            "startTime": "10:00pm",
            "toDay": ""
          }
        ],
        "speedLimit": -1,
        "weblinkUrl": null,
        "expectedDelay": -1,
        "ended": false,
        "isNewIncident": false,
        "publicTransport": "",
        "impactingNetwork": false,
        "subCategoryB": null,
        "arrangementAttachments": [],
        "isInitialReport": false,
        "created": 1790741244000,
        "isMajor": false,
        "name": null,
        "subCategoryA": "Resurfacing",
        "adviceA": "Use an alternative route",
        "adviceB": "Plan your journey",
        "adviceC": "Allow extra travel time",
        "end": 1792519200000,
        "hideEndDate": false,
        "incidentKind": "Planned",
        "mainCategory": "SCHEDULED ROADWORK",
        "lastUpdated": 1790743516654,
        "otherAdvice": "<p>Only this ramp is closing; the motorway will remain open with a reduced speed limit in place.</p>",
        "arrangementElements": [],
        "diversions": "<ul><li>North on Fairford Rd: Canterbury Rd and The River Rd to the M5 Mwy. </li><li>South on Fairford Rd: Davies Rd, Alfords Pt Rd, New Illawarra Rd, and Heathcote Rd to the M5 Mwy.</li></ul>",
        "additionalInfo": [],
        "weblinkName": null,
        "attendingGroups": null,
        "encodedPolylines": [],
        "duration": null,
        "start": 1791885600000,
        "displayName": "SCHEDULED ROADWORK Resurfacing",
        "roads": [
          {
            "conditionTendency": "",
            "crossStreet": "M5 Motorway",
            "delay": "",
            "impactedLanes": [],
            "locationQualifier": "to",
            "mainStreet": "Fairford Road westbound on-ramp",
            "quadrant": "",
            "queueLength": 0,
            "region": "Sydney",
            "secondLocation": "",
            "suburb": "Padstow",
            "trafficVolume": ""
          }
        ],
        "isLocalRoad": "State road",
        "CategoryIcon": "Roadworks"
      }
    },
    {
      "type": "Feature",
      "id": 289582,
      "geometry": {
        "type": "Point",
        "coordinates": [
          151.182357,
          -33.882275
        ],
        "collections": []
      },
      "properties": {
        "webLinks": [],
        "headline": "",
        "periods": [
          {
            "closureType": "ROAD_CLOSURE",
            "roadextent": "Affected",
            "roadtype": "",
            "direction": "All directions",
            "finishTime": "5:00am",
            "fromDay": "Sunday",
            "startTime": "9:00pm",
            "toDay": ""
          },
          {
            "closureType": "ROAD_CLOSURE",
            "roadextent": "Affected",
            "roadtype": "",
            "direction": "All directions",
            "finishTime": "5:00am",
            "fromDay": "Monday",
            "startTime": "9:00pm",
            "toDay": ""
          }
        ],
        "speedLimit": -1,
        "weblinkUrl": null,
        "expectedDelay": -1,
        "ended": false,
        "isNewIncident": false,
        "publicTransport": "",
        "impactingNetwork": false,
        "subCategoryB": null,
        "arrangementAttachments": [],
        "isInitialReport": false,
        "created": 1790746757000,
        "isMajor": false,
        "name": null,
        "subCategoryA": "Power pole/line repairs",
        "adviceA": "Reduce your speed",
        "adviceB": "Follow directions on site",
        "adviceC": "Allow extra travel time",
        "end": 1791828000000,
        "hideEndDate": false,
        "incidentKind": "Planned",
        "mainCategory": "SCHEDULED ROADWORK",
        "lastUpdated": 1790746849263,
        "otherAdvice": "<p>Traffic lights at the intersection will be blacked out or flashing, and alternating (stop/slow) traffic conditions will be in place to allow motorists to pass in one direction at a time.</p>",
        "arrangementElements": [],
        "diversions": "",
        "additionalInfo": [],
        "weblinkName": null,
        "attendingGroups": null,
        "encodedPolylines": [],
        "duration": null,
        "start": 1791712800000,
        "displayName": "SCHEDULED ROADWORK Power pole/line repairs",
        "roads": [
          {
            "conditionTendency": "",
            "crossStreet": "Ross Street",
            "delay": "",
            "impactedLanes": [],
            "locationQualifier": "at",
            "mainStreet": "Bridge Road",
            "quadrant": "",
            "queueLength": 0,
            "region": "Sydney",
            "secondLocation": "",
            "suburb": "Forest Lodge",
            "trafficVolume": ""
          }
        ],
        "isLocalRoad": "State road",
        "CategoryIcon": "Roadworks"
      }
    },
    {
      "type": "Feature",
      "id": 276129,
      "geometry": {
        "type": "Point",
        "coordinates": [
          150.8337681,
          -33.6151441
        ],
        "collections": []
      },
      "properties": {
        "webLinks": [],
        "headline": "",
        "periods": [
          {
            "closureType": "ROAD_CLOSURE",
            "roadextent": "Affected",
            "roadtype": "",
            "direction": "Both directions",
            "finishTime": "5:00am",
            "fromDay": "Monday",
            "startTime": "9:00pm",
            "toDay": ""
          },
          {
            "closureType": "ROAD_CLOSURE",
            "roadextent": "Affected",
            "roadtype": "",
            "direction": "Both directions",
            "finishTime": "5:00am",
            "fromDay": "Tuesday",
            "startTime": "9:00pm",
            "toDay": ""
          },
          {
            "closureType": "ROAD_CLOSURE",
            "roadextent": "Affected",
            "roadtype": "",
            "direction": "Both directions",
            "finishTime": "5:00am",
            "fromDay": "Wednesday",
            "startTime": "10:00pm",
            "toDay": ""
          },
          {
            "closureType": "ROAD_CLOSURE",
            "roadextent": "Affected",
            "roadtype": "",
            "direction": "Both directions",
            "finishTime": "5:00am",
            "fromDay": "Thursday",
            "startTime": "10:00pm",
            "toDay": ""
          },
          {
            "closureType": "ROAD_CLOSURE",
            "roadextent": "Affected",
            "roadtype": "",
            "direction": "Both directions",
            "finishTime": "5:00am",
            "fromDay": "Sunday",
            "startTime": "9:00pm",
            "toDay": ""
          }
        ],
        "speedLimit": -1,
        "weblinkUrl": null,
        "expectedDelay": -1,
        "ended": false,
        "isNewIncident": false,
        "publicTransport": "",
        "impactingNetwork": false,
        "subCategoryB": null,
        "arrangementAttachments": [],
        "isInitialReport": false,
        "created": 1779948279000,
        "isMajor": false,
        "name": null,
        "subCategoryA": "Intersection upgrade",
        "adviceA": "Allow extra travel time",
        "adviceB": "Follow directions on site",
        "adviceC": "Reduce your speed",
        "end": 1793642400000,
        "hideEndDate": false,
        "incidentKind": "Planned",
        "mainCategory": "SCHEDULED ROADWORK",
        "lastUpdated": 1790753728951,
        "otherAdvice": "<p>Contraflow traffic conditions will be in place to allow motorists to pass in both directions.</p><p>Traffic lights in the area may be flashing yellow.</p>",
        "arrangementElements": [],
        "diversions": "",
        "additionalInfo": [],
        "weblinkName": null,
        "attendingGroups": null,
        "encodedPolylines": [],
        "duration": null,
        "start": 1792404000000,
        "displayName": "SCHEDULED ROADWORK Intersection upgrade",
        "roads": [
          {
            "conditionTendency": "",
            "crossStreet": "McGrath Street",
            "delay": "",
            "impactedLanes": [],
            "locationQualifier": "between",
            "mainStreet": "Windsor Road",
            "quadrant": "",
            "queueLength": 0,
            "region": "Sydney",
            "secondLocation": "Bridge Street",
            "suburb": "McGraths Hill",
            "trafficVolume": ""
          }
        ],
        "isLocalRoad": "State road",
        "CategoryIcon": "Roadworks"
      }
    },
    {
      "type": "Feature",
      "id": 289596,
      "geometry": {
        "type": "Point",
        "coordinates": [
          151.330998,
          -33.633682
        ],
        "collections": []
      },
      "properties": {
        "webLinks": [],
        "headline": "",
        "periods": [
          {
            "closureType": "ROAD_CLOSURE",
            "roadextent": "Affected",
            "roadtype": "",
            "direction": "Both directions",
            "finishTime": "5:00am",
            "fromDay": "Thursday",
            "startTime": "8:00pm",
            "toDay": ""
          },
          {
            "closureType": "ROAD_CLOSURE",
            "roadextent": "Affected",
            "roadtype": "",
            "direction": "Both directions",
            "finishTime": "5:00am",
            "fromDay": "Friday",
            "startTime": "8:00pm",
            "toDay": ""
          },
          {
            "closureType": "ROAD_CLOSURE",
            "roadextent": "Affected",
            "roadtype": "",
            "direction": "Both directions",
            "finishTime": "5:00am",
            "fromDay": "Saturday",
            "startTime": "8:00pm",
            "toDay": ""
          },
          {
            "closureType": "ROAD_CLOSURE",
            "roadextent": "Affected",
            "roadtype": "",
            "direction": "Both directions",
            "finishTime": "5:00am",
            "fromDay": "Sunday",
            "startTime": "8:00pm",
            "toDay": ""
          },
          {
            "closureType": "ROAD_CLOSURE",
            "roadextent": "Affected",
            "roadtype": "",
            "direction": "Both directions",
            "finishTime": "5:00am",
            "fromDay": "Monday",
            "startTime": "8:00pm",
            "toDay": ""
          }
        ],
        "speedLimit": 40,
        "weblinkUrl": null,
        "expectedDelay": -1,
        "ended": false,
        "isNewIncident": true,
        "publicTransport": "",
        "impactingNetwork": false,
        "subCategoryB": null,
        "arrangementAttachments": [],
        "isInitialReport": false,
        "created": 1790754330000,
        "isMajor": false,
        "name": null,
        "subCategoryA": "null",
        "adviceA": "Reduced speed limit",
        "adviceB": "Exercise caution",
        "adviceC": " ",
        "end": 1791828000000,
        "hideEndDate": false,
        "incidentKind": "Planned",
        "mainCategory": "SCHEDULED ROADWORK",
        "lastUpdated": 1790754330906,
        "otherAdvice": "<p>Alternating (stop/slow) traffic conditions will be in place to allow motorists to pass in one direction at a time.</p><p>Traffic lights in the area may be blacked out or flashing yellow.</p>",
        "arrangementElements": [],
        "diversions": "",
        "additionalInfo": [],
        "weblinkName": null,
        "attendingGroups": null,
        "encodedPolylines": [],
        "duration": null,
        "start": 1791450000000,
        "displayName": "SCHEDULED ROADWORK",
        "roads": [
          {
            "conditionTendency": "",
            "crossStreet": "Central Road",
            "delay": "",
            "impactedLanes": [],
            "locationQualifier": "between",
            "mainStreet": "Barrenjoey Road",
            "quadrant": "",
            "queueLength": 0,
            "region": "Sydney",
            "secondLocation": "The Crescent",
            "suburb": "Avalon Beach",
            "trafficVolume": ""
          }
        ],
        "isLocalRoad": "State road",
        "CategoryIcon": "Roadworks"
      }
    },
    {
      "type": "Feature",
      "id": 289597,
      "geometry": {
        "type": "Point",
        "coordinates": [
          150.7657112,
          -34.0140949
        ],
        "collections": []
      },
      "properties": {
        "webLinks": [],
        "headline": "",
        "periods": [
          {
            "closureType": "ROAD_CLOSURE",
            "roadextent": "Affected",
            "roadtype": "",
            "direction": "Both directions",
            "finishTime": "5:00am",
            "fromDay": "Monday",
            "startTime": "10:00pm",
            "toDay": ""
          },
          {
            "closureType": "ROAD_CLOSURE",
            "roadextent": "Affected",
            "roadtype": "",
            "direction": "Both directions",
            "finishTime": "5:00am",
            "fromDay": "Tuesday",
            "startTime": "10:00pm",
            "toDay": ""
          },
          {
            "closureType": "ROAD_CLOSURE",
            "roadextent": "Affected",
            "roadtype": "",
            "direction": "Both directions",
            "finishTime": "5:00am",
            "fromDay": "Wednesday",
            "startTime": "10:00pm",
            "toDay": ""
          },
          {
            "closureType": "ROAD_CLOSURE",
            "roadextent": "Affected",
            "roadtype": "",
            "direction": "Both directions",
            "finishTime": "5:00am",
            "fromDay": "Thursday",
            "startTime": "10:30pm",
            "toDay": ""
          },
          {
            "closureType": "ROAD_CLOSURE",
            "roadextent": "Affected",
            "roadtype": "",
            "direction": "Both directions",
            "finishTime": "5:00am",
            "fromDay": "Sunday",
            "startTime": "10:00pm",
            "toDay": ""
          }
        ],
        "speedLimit": 40,
        "weblinkUrl": null,
        "expectedDelay": -1,
        "ended": false,
        "isNewIncident": false,
        "publicTransport": "",
        "impactingNetwork": false,
        "subCategoryB": null,
        "arrangementAttachments": [],
        "isInitialReport": false,
        "created": 1790754864000,
        "isMajor": false,
        "name": null,
        "subCategoryA": "null",
        "adviceA": "Reduced speed limit",
        "adviceB": "Exercise caution",
        "adviceC": " ",
        "end": 1794247200000,
        "hideEndDate": false,
        "incidentKind": "Planned",
        "mainCategory": "SCHEDULED ROADWORK",
        "lastUpdated": 1790754943244,
        "otherAdvice": "<p>Alternating (stop/slow) traffic conditions will be in place to allow motorists to pass in one direction at a time.</p><p>Traffic lights in the area may be blacked out or flashing yellow.</p>",
        "arrangementElements": [],
        "diversions": "",
        "additionalInfo": [],
        "weblinkName": null,
        "attendingGroups": null,
        "encodedPolylines": [],
        "duration": null,
        "start": 1793012400000,
        "displayName": "SCHEDULED ROADWORK",
        "roads": [
          {
            "conditionTendency": "",
            "crossStreet": "Fairbank Drive",
            "delay": "",
            "impactedLanes": [],
            "locationQualifier": "between",
            "mainStreet": "Camden",
            "quadrant": "",
            "queueLength": 0,
            "region": "Sydney",
            "secondLocation": "Anderson Road",
            "suburb": "Catherine Field",
            "trafficVolume": ""
          }
        ],
        "isLocalRoad": "State road",
        "CategoryIcon": "Roadworks"
      }
    },
    {
      "type": "Feature",
      "id": 289600,
      "geometry": {
        "type": "Point",
        "coordinates": [
          150.989209,
          -33.962708
        ],
        "collections": []
      },
      "properties": {
        "webLinks": [],
        "headline": "",
        "periods": [
          {
            "closureType": "ROAD_CLOSURE",
            "roadextent": "Affected",
            "roadtype": "",
            "direction": "Both directions",
            "finishTime": "5:00am",
            "fromDay": "Monday",
            "startTime": "9:00pm",
            "toDay": ""
          },
          {
            "closureType": "ROAD_CLOSURE",
            "roadextent": "Affected",
            "roadtype": "",
            "direction": "Both directions",
            "finishTime": "5:00am",
            "fromDay": "Tuesday",
            "startTime": "9:00pm",
            "toDay": ""
          },
          {
            "closureType": "ROAD_CLOSURE",
            "roadextent": "Affected",
            "roadtype": "",
            "direction": "Both directions",
            "finishTime": "5:00am",
            "fromDay": "Wednesday",
            "startTime": "9:00pm",
            "toDay": ""
          },
          {
            "closureType": "ROAD_CLOSURE",
            "roadextent": "Affected",
            "roadtype": "",
            "direction": "Both directions",
            "finishTime": "5:00am",
            "fromDay": "Thursday",
            "startTime": "9:00pm",
            "toDay": ""
          },
          {
            "closureType": "ROAD_CLOSURE",
            "roadextent": "Affected",
            "roadtype": "",
            "direction": "Both directions",
            "finishTime": "5:00am",
            "fromDay": "Sunday",
            "startTime": "9:00pm",
            "toDay": ""
          }
        ],
        "speedLimit": 40,
        "weblinkUrl": null,
        "expectedDelay": -1,
        "ended": false,
        "isNewIncident": true,
        "publicTransport": "",
        "impactingNetwork": false,
        "subCategoryB": null,
        "arrangementAttachments": [],
        "isInitialReport": false,
        "created": 1790755540000,
        "isMajor": false,
        "name": null,
        "subCategoryA": "null",
        "adviceA": "Reduced speed limit",
        "adviceB": "Exercise caution",
        "adviceC": " ",
        "end": 1792951200000,
        "hideEndDate": false,
        "incidentKind": "Planned",
        "mainCategory": "SCHEDULED ROADWORK",
        "lastUpdated": 1790755540762,
        "otherAdvice": "<p>Alternating (stop/slow) traffic conditions will be in place to allow motorists to pass in one direction at a time. </p>",
        "arrangementElements": [],
        "diversions": "",
        "additionalInfo": [],
        "weblinkName": null,
        "attendingGroups": null,
        "encodedPolylines": [],
        "duration": null,
        "start": 1791799200000,
        "displayName": "SCHEDULED ROADWORK",
        "roads": [
          {
            "conditionTendency": "",
            "crossStreet": "Harcourt Avenue",
            "delay": "",
            "impactedLanes": [],
            "locationQualifier": "between",
            "mainStreet": "Henry Lawson Drive",
            "quadrant": "",
            "queueLength": 0,
            "region": "Sydney",
            "secondLocation": "Picnic Point Road",
            "suburb": "East Hills",
            "trafficVolume": ""
          }
        ],
        "isLocalRoad": "State road",
        "CategoryIcon": "Roadworks"
      }
    },
    {
      "type": "Feature",
      "id": 286400,
      "geometry": {
        "type": "Point",
        "coordinates": [
          151.2149527,
          -33.9009159
        ],
        "collections": []
      },
      "properties": {
        "webLinks": [],
        "headline": "",
        "periods": [
          {
            "closureType": "ROAD_CLOSURE",
            "roadextent": "Affected",
            "roadtype": "",
            "direction": "Both directions",
            "finishTime": "5:00am",
            "fromDay": "Tuesday",
            "startTime": "10:30pm",
            "toDay": ""
          },
          {
            "closureType": "ROAD_CLOSURE",
            "roadextent": "Affected",
            "roadtype": "",
            "direction": "Both directions",
            "finishTime": "5:00am",
            "fromDay": "Wednesday",
            "startTime": "10:30pm",
            "toDay": ""
          },
          {
            "closureType": "ROAD_CLOSURE",
            "roadextent": "Affected",
            "roadtype": "",
            "direction": "Both directions",
            "finishTime": "5:00am",
            "fromDay": "Friday",
            "startTime": "12:00am",
            "toDay": ""
          },
          {
            "closureType": "ROAD_CLOSURE",
            "roadextent": "Affected",
            "roadtype": "",
            "direction": "Both directions",
            "finishTime": "5:00am",
            "fromDay": "Sunday",
            "startTime": "10:30pm",
            "toDay": ""
          },
          {
            "closureType": "ROAD_CLOSURE",
            "roadextent": "Affected",
            "roadtype": "",
            "direction": "Both directions",
            "finishTime": "5:00am",
            "fromDay": "Thursday",
            "startTime": "11:00pm",
            "toDay": ""
          }
        ],
        "speedLimit": 40,
        "weblinkUrl": null,
        "expectedDelay": -1,
        "ended": false,
        "isNewIncident": false,
        "publicTransport": "",
        "impactingNetwork": false,
        "subCategoryB": null,
        "arrangementAttachments": [],
        "isInitialReport": false,
        "created": 1787828157000,
        "isMajor": false,
        "name": null,
        "subCategoryA": "null",
        "adviceA": "Reduced speed limit",
        "adviceB": "Allow extra travel time",
        "adviceC": "Check signage",
        "end": 1792692000000,
        "hideEndDate": false,
        "incidentKind": "Planned",
        "mainCategory": "SCHEDULED ROADWORK",
        "lastUpdated": 1790756153116,
        "otherAdvice": "<p>Alternating (stop/slow) traffic conditions will be in place to allow motorists to pass in one direction at a time. Traffic lights in the area may be blacked out or flashing yellow.</p>",
        "arrangementElements": [],
        "diversions": "",
        "additionalInfo": [],
        "weblinkName": null,
        "attendingGroups": null,
        "encodedPolylines": [],
        "duration": null,
        "start": 1791891000000,
        "displayName": "SCHEDULED ROADWORK",
        "roads": [
          {
            "conditionTendency": "",
            "crossStreet": "Crescent Street",
            "delay": "",
            "impactedLanes": [],
            "locationQualifier": "between",
            "mainStreet": "South Dowling Street",
            "quadrant": "",
            "queueLength": 0,
            "region": "Sydney",
            "secondLocation": "O'Dea Avenue",
            "suburb": "Waterloo",
            "trafficVolume": ""
          }
        ],
        "isLocalRoad": "State road",
        "CategoryIcon": "Roadworks"
      }
    },
    {
      "type": "Feature",
      "id": 289603,
      "geometry": {
        "type": "Point",
        "coordinates": [
          150.9168467,
          -33.9287516
        ],
        "collections": []
      },
      "properties": {
        "webLinks": [],
        "headline": "",
        "periods": [
          {
            "closureType": "ROAD_CLOSURE",
            "roadextent": "Affected",
            "roadtype": "",
            "direction": "Both directions",
            "finishTime": "5:00am",
            "fromDay": "Thursday",
            "startTime": "10:30pm",
            "toDay": ""
          },
          {
            "closureType": "ROAD_CLOSURE",
            "roadextent": "Affected",
            "roadtype": "",
            "direction": "Both directions",
            "finishTime": "5:00am",
            "fromDay": "Sunday",
            "startTime": "9:30pm",
            "toDay": ""
          },
          {
            "closureType": "ROAD_CLOSURE",
            "roadextent": "Affected",
            "roadtype": "",
            "direction": "Both directions",
            "finishTime": "5:00am",
            "fromDay": "Monday",
            "startTime": "9:30pm",
            "toDay": ""
          },
          {
            "closureType": "ROAD_CLOSURE",
            "roadextent": "Affected",
            "roadtype": "",
            "direction": "Both directions",
            "finishTime": "5:00am",
            "fromDay": "Tuesday",
            "startTime": "9:30pm",
            "toDay": ""
          },
          {
            "closureType": "ROAD_CLOSURE",
            "roadextent": "Affected",
            "roadtype": "",
            "direction": "Both directions",
            "finishTime": "5:00am",
            "fromDay": "Wednesday",
            "startTime": "9:30pm",
            "toDay": ""
          }
        ],
        "speedLimit": 40,
        "weblinkUrl": null,
        "expectedDelay": -1,
        "ended": false,
        "isNewIncident": true,
        "publicTransport": "",
        "impactingNetwork": false,
        "subCategoryB": null,
        "arrangementAttachments": [],
        "isInitialReport": false,
        "created": 1790757319000,
        "isMajor": false,
        "name": null,
        "subCategoryA": "null",
        "adviceA": "Reduced speed limit",
        "adviceB": "Exercise caution",
        "adviceC": " ",
        "end": 1792692000000,
        "hideEndDate": false,
        "incidentKind": "Planned",
        "mainCategory": "SCHEDULED ROADWORK",
        "lastUpdated": 1790757320257,
        "otherAdvice": "<p>Alternating (stop/slow) traffic conditions will be in place to allow motorists to pass in one direction at a time.</p><p>Traffic lights in the area may be blacked out or flashing yellow.</p>",
        "arrangementElements": [],
        "diversions": "",
        "additionalInfo": [],
        "weblinkName": null,
        "attendingGroups": null,
        "encodedPolylines": [],
        "duration": null,
        "start": 1791459000000,
        "displayName": "SCHEDULED ROADWORK",
        "roads": [
          {
            "conditionTendency": "",
            "crossStreet": "Hume Highway",
            "delay": "",
            "impactedLanes": [],
            "locationQualifier": "between",
            "mainStreet": "Hoxton Park Road",
            "quadrant": "",
            "queueLength": 0,
            "region": "Sydney",
            "secondLocation": "Maryvale Avenue",
            "suburb": "Liverpool",
            "trafficVolume": ""
          }
        ],
        "isLocalRoad": "State road",
        "CategoryIcon": "Roadworks"
      }
    },
    {
      "type": "Feature",
      "id": 271347,
      "geometry": {
        "type": "Point",
        "coordinates": [
          150.174736,
          -35.714709
        ],
        "collections": []
      },
      "properties": {
        "webLinks": [],
        "headline": "",
        "periods": [
          {
            "closureType": "ROAD_CLOSURE",
            "roadextent": "Affected",
            "roadtype": "",
            "direction": "Both directions",
            "finishTime": "6:00pm",
            "fromDay": "Weekdays",
            "startTime": "6:30am",
            "toDay": ""
          }
        ],
        "speedLimit": 40,
        "weblinkUrl": null,
        "expectedDelay": -1,
        "ended": false,
        "isNewIncident": false,
        "publicTransport": "",
        "impactingNetwork": false,
        "subCategoryB": null,
        "arrangementAttachments": [],
        "isInitialReport": false,
        "created": 1776404101000,
        "isMajor": false,
        "name": null,
        "subCategoryA": "Resurfacing",
        "adviceA": "Allow extra travel time",
        "adviceB": "Reduced speed limit",
        "adviceC": " ",
        "end": 1792306800000,
        "hideEndDate": false,
        "incidentKind": "Planned",
        "mainCategory": "SCHEDULED ROADWORK",
        "lastUpdated": 1790791208407,
        "otherAdvice": "<p>Single lane closures with stop/slow traffic conditions will be in place. Traffic controllers will be on site to direct motorists.</p><p>Motorists are advised to allow approximately 5 minutes of additional travel time.</p>",
        "arrangementElements": [],
        "diversions": "",
        "additionalInfo": [],
        "weblinkName": null,
        "attendingGroups": null,
        "encodedPolylines": [],
        "duration": null,
        "start": 1779051600000,
        "displayName": "SCHEDULED ROADWORK Resurfacing",
        "roads": [
          {
            "conditionTendency": "",
            "crossStreet": "Guy St",
            "delay": "",
            "impactedLanes": [],
            "locationQualifier": "between",
            "mainStreet": "Princes Highway",
            "quadrant": "",
            "queueLength": 0,
            "region": "South Coast",
            "secondLocation": "Old Princes Highway",
            "suburb": "Batemans Bay",
            "trafficVolume": ""
          }
        ],
        "isLocalRoad": "State road",
        "CategoryIcon": "Roadworks"
      }
    },
    {
      "type": "Feature",
      "id": 289567,
      "geometry": {
        "type": "Point",
        "coordinates": [
          150.9834927,
          -33.9440193
        ],
        "collections": []
      },
      "properties": {
        "webLinks": [],
        "headline": "",
        "periods": [
          {
            "closureType": "ROAD_CLOSURE",
            "roadextent": "Closed",
            "roadtype": "On-ramp",
            "direction": "Eastbound",
            "finishTime": "4:30am",
            "fromDay": "Sunday",
            "startTime": "9:30pm",
            "toDay": ""
          },
          {
            "closureType": "ROAD_CLOSURE",
            "roadextent": "Closed",
            "roadtype": "On-ramp",
            "direction": "Eastbound",
            "finishTime": "4:30am",
            "fromDay": "Monday",
            "startTime": "9:30pm",
            "toDay": ""
          },
          {
            "closureType": "ROAD_CLOSURE",
            "roadextent": "Closed",
            "roadtype": "On-ramp",
            "direction": "Eastbound",
            "finishTime": "4:30am",
            "fromDay": "Tuesday",
            "startTime": "9:30pm",
            "toDay": ""
          },
          {
            "closureType": "ROAD_CLOSURE",
            "roadextent": "Closed",
            "roadtype": "On-ramp",
            "direction": "Eastbound",
            "finishTime": "4:30am",
            "fromDay": "Wednesday",
            "startTime": "9:30pm",
            "toDay": ""
          },
          {
            "closureType": "ROAD_CLOSURE",
            "roadextent": "Closed",
            "roadtype": "On-ramp",
            "direction": "Eastbound",
            "finishTime": "4:30am",
            "fromDay": "Thursday",
            "startTime": "9:30pm",
            "toDay": ""
          }
        ],
        "speedLimit": -1,
        "weblinkUrl": null,
        "expectedDelay": -1,
        "ended": false,
        "isNewIncident": false,
        "publicTransport": "",
        "impactingNetwork": false,
        "subCategoryB": null,
        "arrangementAttachments": [],
        "isInitialReport": false,
        "created": 1790739672000,
        "isMajor": false,
        "name": null,
        "subCategoryA": "Resurfacing",
        "adviceA": "Use an alternative route",
        "adviceB": "Plan your journey",
        "adviceC": "Allow extra travel time",
        "end": 1792690200000,
        "hideEndDate": false,
        "incidentKind": "Planned",
        "mainCategory": "SCHEDULED ROADWORK",
        "lastUpdated": 1790815981221,
        "otherAdvice": "<p>Only this ramp is closing; the motorway will remain open with a reduced speed limit in place.</p><p>On Tue 13, Wed 14 and Thu 15 Oct the closure will commence at 10pm.</p>",
        "arrangementElements": [],
        "diversions": "<ul><li>North on Henry Lawson Dr: Milperra Rd and The River Rd to M5 Mwy.</li><li>South on Henry Lawson Dr: M5 Mwy <strong>westbound</strong>, Heathcote Rd, Newbridge Rd, Milperra Rd, and The River Rd to M5 Mwy.</li></ul>",
        "additionalInfo": [],
        "weblinkName": null,
        "attendingGroups": null,
        "encodedPolylines": [],
        "duration": null,
        "start": 1791889200000,
        "displayName": "SCHEDULED ROADWORK Resurfacing",
        "roads": [
          {
            "conditionTendency": "",
            "crossStreet": "M5 Motorway",
            "delay": "",
            "impactedLanes": [],
            "locationQualifier": "to",
            "mainStreet": "Henry Lawson Drive eastbound on-ramp",
            "quadrant": "",
            "queueLength": 0,
            "region": "Sydney",
            "secondLocation": "",
            "suburb": "Milperra",
            "trafficVolume": ""
          }
        ],
        "isLocalRoad": "State road",
        "CategoryIcon": "Roadworks"
      }
    },
    {
      "type": "Feature",
      "id": 288249,
      "geometry": {
        "type": "Point",
        "coordinates": [
          150.9418366,
          -33.9423242
        ],
        "collections": []
      },
      "properties": {
        "webLinks": [],
        "headline": "",
        "periods": [
          {
            "closureType": "ROAD_CLOSURE",
            "roadextent": "Closed",
            "roadtype": "On-ramp",
            "direction": "Westbound",
            "finishTime": "5:00am",
            "fromDay": "Wednesday",
            "startTime": "10:00pm",
            "toDay": ""
          },
          {
            "closureType": "ROAD_CLOSURE",
            "roadextent": "Closed",
            "roadtype": "On-ramp",
            "direction": "Westbound",
            "finishTime": "5:00am",
            "fromDay": "Thursday",
            "startTime": "10:00pm",
            "toDay": ""
          },
          {
            "closureType": "ROAD_CLOSURE",
            "roadextent": "Closed",
            "roadtype": "On-ramp",
            "direction": "Westbound",
            "finishTime": "5:00am",
            "fromDay": "Tuesday",
            "startTime": "10:00pm",
            "toDay": ""
          }
        ],
        "speedLimit": -1,
        "weblinkUrl": null,
        "expectedDelay": -1,
        "ended": false,
        "isNewIncident": false,
        "publicTransport": "",
        "impactingNetwork": true,
        "subCategoryB": null,
        "arrangementAttachments": [],
        "isInitialReport": false,
        "created": 1789524738000,
        "isMajor": false,
        "name": null,
        "subCategoryA": "null",
        "adviceA": "Use diversions",
        "adviceB": "Plan your journey",
        "adviceC": "Allow extra travel time",
        "end": 1792086300000,
        "hideEndDate": false,
        "incidentKind": "Planned",
        "mainCategory": "SCHEDULED ROADWORK",
        "lastUpdated": 1790816086676,
        "otherAdvice": "<p>Only this ramp is closing; the motorway will remain open with a lane closure reduced speed limit in place.</p>",
        "arrangementElements": [],
        "diversions": "<p>Heathcote Rd and Moorebank Ave to M5 Mwy.</p>",
        "additionalInfo": [],
        "weblinkName": null,
        "attendingGroups": null,
        "encodedPolylines": [],
        "duration": null,
        "start": 1790767800000,
        "displayName": "SCHEDULED ROADWORK",
        "roads": [
          {
            "conditionTendency": "",
            "crossStreet": "M5 Motorway",
            "delay": "",
            "impactedLanes": [],
            "locationQualifier": "to",
            "mainStreet": "Heathcote Road westbound on-ramp",
            "quadrant": "",
            "queueLength": 0,
            "region": "Sydney",
            "secondLocation": "",
            "suburb": "Moorebank",
            "trafficVolume": ""
          }
        ],
        "isLocalRoad": "State road",
        "CategoryIcon": "Roadworks"
      }
    },
    {
      "type": "Feature",
      "id": 288712,
      "geometry": {
        "type": "Point",
        "coordinates": [
          151.266687,
          -33.776427
        ],
        "collections": []
      },
      "properties": {
        "webLinks": [],
        "headline": "",
        "periods": [
          {
            "closureType": "ROAD_CLOSURE",
            "roadextent": "Affected",
            "roadtype": "",
            "direction": "Both directions",
            "finishTime": "5:00am",
            "fromDay": "Sunday",
            "startTime": "9:30pm",
            "toDay": ""
          },
          {
            "closureType": "ROAD_CLOSURE",
            "roadextent": "Affected",
            "roadtype": "",
            "direction": "Both directions",
            "finishTime": "5:00am",
            "fromDay": "Monday",
            "startTime": "9:30pm",
            "toDay": ""
          },
          {
            "closureType": "ROAD_CLOSURE",
            "roadextent": "Affected",
            "roadtype": "",
            "direction": "Both directions",
            "finishTime": "5:00am",
            "fromDay": "Tuesday",
            "startTime": "9:30pm",
            "toDay": ""
          },
          {
            "closureType": "ROAD_CLOSURE",
            "roadextent": "Affected",
            "roadtype": "",
            "direction": "Both directions",
            "finishTime": "5:00am",
            "fromDay": "Wednesday",
            "startTime": "9:30pm",
            "toDay": ""
          },
          {
            "closureType": "ROAD_CLOSURE",
            "roadextent": "Affected",
            "roadtype": "",
            "direction": "Both directions",
            "finishTime": "5:00am",
            "fromDay": "Thursday",
            "startTime": "9:30pm",
            "toDay": ""
          }
        ],
        "speedLimit": 40,
        "weblinkUrl": null,
        "expectedDelay": -1,
        "ended": false,
        "isNewIncident": false,
        "publicTransport": "",
        "impactingNetwork": false,
        "subCategoryB": null,
        "arrangementAttachments": [],
        "isInitialReport": false,
        "created": 1789990729000,
        "isMajor": false,
        "name": null,
        "subCategoryA": "Resurfacing",
        "adviceA": "Exercise caution",
        "adviceB": "Reduced speed limit",
        "adviceC": "Expect delays",
        "end": 1794766500000,
        "hideEndDate": false,
        "incidentKind": "Planned",
        "mainCategory": "SCHEDULED ROADWORK",
        "lastUpdated": 1790822325213,
        "otherAdvice": "<p>Portable traffic lights will allow motorists to pass in one direction at a time.</p><p>Traffic lights along Condamine St will be flashing yellow.</p><p><br></p>",
        "arrangementElements": [],
        "diversions": "",
        "additionalInfo": [],
        "weblinkName": null,
        "attendingGroups": null,
        "encodedPolylines": [],
        "duration": null,
        "start": 1790076600000,
        "displayName": "SCHEDULED ROADWORK Resurfacing",
        "roads": [
          {
            "conditionTendency": "",
            "crossStreet": "Pittwater Road",
            "delay": "",
            "impactedLanes": [],
            "locationQualifier": "between",
            "mainStreet": "Condamine Street",
            "quadrant": "",
            "queueLength": 0,
            "region": "Sydney",
            "secondLocation": "Burnt Bridge Creek Deviation",
            "suburb": "Allambie Heights",
            "trafficVolume": ""
          }
        ],
        "isLocalRoad": "State road",
        "CategoryIcon": "Roadworks"
      }
    },
    {
      "type": "Feature",
      "id": 287760,
      "geometry": {
        "type": "Point",
        "coordinates": [
          151.174468,
          -33.78319
        ],
        "collections": []
      },
      "properties": {
        "webLinks": [],
        "headline": "",
        "periods": [
          {
            "closureType": "ROAD_CLOSURE",
            "roadextent": "Affected",
            "roadtype": "",
            "direction": "Both directions",
            "finishTime": "4:30am",
            "fromDay": "Sunday",
            "startTime": "9:30pm",
            "toDay": ""
          },
          {
            "closureType": "ROAD_CLOSURE",
            "roadextent": "Affected",
            "roadtype": "",
            "direction": "Both directions",
            "finishTime": "4:30am",
            "fromDay": "Monday",
            "startTime": "9:30pm",
            "toDay": ""
          },
          {
            "closureType": "ROAD_CLOSURE",
            "roadextent": "Affected",
            "roadtype": "",
            "direction": "Both directions",
            "finishTime": "4:30am",
            "fromDay": "Tuesday",
            "startTime": "9:30pm",
            "toDay": ""
          },
          {
            "closureType": "ROAD_CLOSURE",
            "roadextent": "Affected",
            "roadtype": "",
            "direction": "Both directions",
            "finishTime": "4:30am",
            "fromDay": "Wednesday",
            "startTime": "9:30pm",
            "toDay": ""
          },
          {
            "closureType": "ROAD_CLOSURE",
            "roadextent": "Affected",
            "roadtype": "",
            "direction": "Both directions",
            "finishTime": "4:30am",
            "fromDay": "Thursday",
            "startTime": "10:30pm",
            "toDay": ""
          }
        ],
        "speedLimit": 40,
        "weblinkUrl": null,
        "expectedDelay": -1,
        "ended": false,
        "isNewIncident": false,
        "publicTransport": "",
        "impactingNetwork": false,
        "subCategoryB": null,
        "arrangementAttachments": [],
        "isInitialReport": false,
        "created": 1789038994000,
        "isMajor": false,
        "name": null,
        "subCategoryA": "Resurfacing",
        "adviceA": "Allow extra travel time",
        "adviceB": "Reduced speed limit",
        "adviceC": "Follow directions on site",
        "end": 1794766500000,
        "hideEndDate": false,
        "incidentKind": "Planned",
        "mainCategory": "SCHEDULED ROADWORK",
        "lastUpdated": 1790822621273,
        "otherAdvice": "<p>Traffic lights in the area may be blacked out or flashing yellow and alternating (stop/slow) traffic conditions will be in place to allow motorists to pass in one direction at a time.</p><p><strong>Work on the night of Tue 10 Nov will not commence until 1am (Wed).</strong></p>",
        "arrangementElements": [],
        "diversions": "",
        "additionalInfo": [],
        "weblinkName": null,
        "attendingGroups": null,
        "encodedPolylines": [],
        "duration": null,
        "start": 1792319400000,
        "displayName": "SCHEDULED ROADWORK Resurfacing",
        "roads": [
          {
            "conditionTendency": "",
            "crossStreet": "Shirley Road",
            "delay": "",
            "impactedLanes": [],
            "locationQualifier": "between",
            "mainStreet": "Pacific Highway",
            "quadrant": "",
            "queueLength": 0,
            "region": "Sydney",
            "secondLocation": "Sutherland Street",
            "suburb": "Chatswood",
            "trafficVolume": ""
          }
        ],
        "isLocalRoad": "State road",
        "CategoryIcon": "Roadworks"
      }
    },
    {
      "type": "Feature",
      "id": 289654,
      "geometry": {
        "type": "Point",
        "coordinates": [
          151.1990595,
          -33.8784846
        ],
        "collections": []
      },
      "properties": {
        "webLinks": [],
        "headline": "",
        "periods": [
          {
            "closureType": "ROAD_CLOSURE",
            "roadextent": "Affected",
            "roadtype": "",
            "direction": "Both directions",
            "finishTime": "5:00am",
            "fromDay": "Saturday",
            "startTime": "9:00pm",
            "toDay": ""
          }
        ],
        "speedLimit": 40,
        "weblinkUrl": null,
        "expectedDelay": -1,
        "ended": false,
        "isNewIncident": true,
        "publicTransport": "",
        "impactingNetwork": false,
        "subCategoryB": null,
        "arrangementAttachments": [],
        "isInitialReport": false,
        "created": 1790823098000,
        "isMajor": false,
        "name": null,
        "subCategoryA": "null",
        "adviceA": "Reduced speed limit",
        "adviceB": "Allow extra travel time",
        "adviceC": " ",
        "end": 1794075300000,
        "hideEndDate": false,
        "incidentKind": "Planned",
        "mainCategory": "SCHEDULED ROADWORK",
        "lastUpdated": 1790823098945,
        "otherAdvice": "<p>Contraflow traffic conditions will be in place to allow motorists to pass in both directions. </p>",
        "arrangementElements": [],
        "diversions": "",
        "additionalInfo": [],
        "weblinkName": null,
        "attendingGroups": null,
        "encodedPolylines": [],
        "duration": null,
        "start": 1792806660000,
        "displayName": "SCHEDULED ROADWORK",
        "roads": [
          {
            "conditionTendency": "",
            "crossStreet": "William Henry Street",
            "delay": "",
            "impactedLanes": [],
            "locationQualifier": "between",
            "mainStreet": "Harris Street",
            "quadrant": "",
            "queueLength": 0,
            "region": "Sydney",
            "secondLocation": "Macarthur Street",
            "suburb": "Ultimo",
            "trafficVolume": ""
          }
        ],
        "isLocalRoad": "State road",
        "CategoryIcon": "Roadworks"
      }
    },
    {
      "type": "Feature",
      "id": 289681,
      "geometry": {
        "type": "Point",
        "coordinates": [
          151.2236268,
          -33.9100685
        ],
        "collections": []
      },
      "properties": {
        "webLinks": [],
        "headline": "",
        "periods": [
          {
            "closureType": "ROAD_CLOSURE",
            "roadextent": "Closed",
            "roadtype": "Road",
            "direction": "Eastbound",
            "finishTime": "10:30pm",
            "fromDay": "Sunday",
            "startTime": "6:00am",
            "toDay": ""
          }
        ],
        "speedLimit": -1,
        "weblinkUrl": null,
        "expectedDelay": -1,
        "ended": false,
        "isNewIncident": true,
        "publicTransport": "",
        "impactingNetwork": false,
        "subCategoryB": null,
        "arrangementAttachments": [],
        "isInitialReport": false,
        "created": 1790831803000,
        "isMajor": false,
        "name": null,
        "subCategoryA": "null",
        "adviceA": "Use diversions",
        "adviceB": "Allow extra travel time",
        "adviceC": " ",
        "end": 1794137400000,
        "hideEndDate": false,
        "incidentKind": "Planned",
        "mainCategory": "SCHEDULED ROADWORK",
        "lastUpdated": 1790831803704,
        "otherAdvice": "",
        "arrangementElements": [],
        "diversions": "<p>Anzac Pde, Darling St and Doncaster Ave.</p>",
        "additionalInfo": [],
        "weblinkName": null,
        "attendingGroups": null,
        "encodedPolylines": [],
        "duration": null,
        "start": 1792868400000,
        "displayName": "SCHEDULED ROADWORK Crane work",
        "roads": [
          {
            "conditionTendency": "",
            "crossStreet": "Anzac Parade",
            "delay": "",
            "impactedLanes": [],
            "locationQualifier": "between",
            "mainStreet": "Todman Avenue",
            "quadrant": "",
            "queueLength": 0,
            "region": "Sydney",
            "secondLocation": "Doncaster Avenue",
            "suburb": "Kensington",
            "trafficVolume": ""
          }
        ],
        "isLocalRoad": "Local road",
        "CategoryIcon": "Roadworks"
      }
    },
    {
      "type": "Feature",
      "id": 287796,
      "geometry": {
        "type": "Point",
        "coordinates": [
          147.0043055,
          -35.9701144
        ],
        "collections": []
      },
      "properties": {
        "webLinks": [],
        "headline": "",
        "periods": [
          {
            "closureType": "ROAD_CLOSURE",
            "roadextent": "Affected",
            "roadtype": "",
            "direction": "Both directions",
            "finishTime": "",
            "fromDay": "Every Day",
            "startTime": "all day",
            "toDay": ""
          }
        ],
        "speedLimit": 40,
        "weblinkUrl": null,
        "expectedDelay": -1,
        "ended": false,
        "isNewIncident": false,
        "publicTransport": "",
        "impactingNetwork": true,
        "subCategoryB": null,
        "arrangementAttachments": [
          {
            "displayName": "Detour_map",
            "fileName": "Detour_map.jpg",
            "fileType": "JPG",
            "linkName": "Detour_map",
            "sizeInBytes": 134180,
            "uniqueFileName": "987842_1773723943609_Detour_map.jpg"
          }
        ],
        "isInitialReport": false,
        "created": 1789347609000,
        "isMajor": false,
        "name": null,
        "subCategoryA": "Upgrade",
        "adviceA": "Allow extra travel time",
        "adviceB": "Reduced speed limit",
        "adviceC": " ",
        "end": 1796727600000,
        "hideEndDate": true,
        "incidentKind": "Planned",
        "mainCategory": "SCHEDULED ROADWORK",
        "lastUpdated": 1790834287149,
        "otherAdvice": "<p>A section of the northbound carriageway south of Tynan Road intersection will be closed, and contraflow traffic conditions will be in place to allow motorists to pass in both directions.</p><p>Tynan Road intersection will be closed, detours will be in place. Southbound motorists can access Burma Rd via left turn in and out. There is no access to Burma Rd for northbound motorists.</p><p>Motorists are advised to allow approximately 2 minutes of additional travel time for those travelling on the Hume Highway and approximately 10 minutes of additional travel time for those wishing to access Tynan Road.</p><p><strong>Oversize vehicles 4.5 metres wide or more </strong>will be guided through the work area. Drivers will need to stop at parking bays and contact traffic control using the mobile phone or UHF numbers shown on electronic signage. </p>",
        "arrangementElements": [],
        "diversions": "<p>Tynan Road motorists will be detoured via Wagga Road, Gregory Road, Burma Road, Table Top Road and Thurgoona Drive.</p>",
        "additionalInfo": [],
        "weblinkName": null,
        "attendingGroups": null,
        "encodedPolylines": [],
        "duration": null,
        "start": 1791230400000,
        "displayName": "SCHEDULED ROADWORK Upgrade",
        "roads": [
          {
            "conditionTendency": "",
            "crossStreet": "Tynan Rd",
            "delay": "",
            "impactedLanes": [],
            "locationQualifier": "at",
            "mainStreet": "Hume Highway",
            "quadrant": "",
            "queueLength": 0,
            "region": "The Murray",
            "secondLocation": "",
            "suburb": "Table Top",
            "trafficVolume": ""
          }
        ],
        "isLocalRoad": "State road",
        "CategoryIcon": "Roadworks"
      }
    },
    {
      "type": "Feature",
      "id": 289685,
      "geometry": {
        "type": "Point",
        "coordinates": [
          151.104266,
          -34.034323
        ],
        "collections": []
      },
      "properties": {
        "webLinks": [],
        "headline": "",
        "periods": [
          {
            "closureType": "ROAD_CLOSURE",
            "roadextent": "Affected",
            "roadtype": "",
            "direction": "All directions",
            "finishTime": "5:00am",
            "fromDay": "Sunday",
            "startTime": "8:00pm",
            "toDay": ""
          },
          {
            "closureType": "ROAD_CLOSURE",
            "roadextent": "Affected",
            "roadtype": "",
            "direction": "All directions",
            "finishTime": "5:00am",
            "fromDay": "Monday",
            "startTime": "8:00pm",
            "toDay": ""
          },
          {
            "closureType": "ROAD_CLOSURE",
            "roadextent": "Affected",
            "roadtype": "",
            "direction": "All directions",
            "finishTime": "5:00am",
            "fromDay": "Tuesday",
            "startTime": "8:00pm",
            "toDay": ""
          },
          {
            "closureType": "ROAD_CLOSURE",
            "roadextent": "Affected",
            "roadtype": "",
            "direction": "All directions",
            "finishTime": "5:00am",
            "fromDay": "Wednesday",
            "startTime": "8:00pm",
            "toDay": ""
          },
          {
            "closureType": "ROAD_CLOSURE",
            "roadextent": "Affected",
            "roadtype": "",
            "direction": "All directions",
            "finishTime": "5:00am",
            "fromDay": "Thursday",
            "startTime": "8:00pm",
            "toDay": ""
          }
        ],
        "speedLimit": 40,
        "weblinkUrl": null,
        "expectedDelay": -1,
        "ended": false,
        "isNewIncident": false,
        "publicTransport": "",
        "impactingNetwork": false,
        "subCategoryB": null,
        "arrangementAttachments": [],
        "isInitialReport": false,
        "created": 1790835038000,
        "isMajor": false,
        "name": null,
        "subCategoryA": "Intersection upgrade",
        "adviceA": "Reduced speed limit",
        "adviceB": "Follow directions on site",
        "adviceC": "Allow extra travel time",
        "end": 1794506400000,
        "hideEndDate": false,
        "incidentKind": "Planned",
        "mainCategory": "SCHEDULED ROADWORK",
        "lastUpdated": 1790835334581,
        "otherAdvice": "<p>Traffic lights at the intersection of Kingsway and Jackson Ave will be blacked out or flashing, and portable traffic lights will allow motorists to pass in one direction at a time.</p><p>No work will take place on the night of Sun 1 Nov.</p><p>On the night of Tue 10 Nov, work will not start until 1am (Wed 11 Nov).</p>",
        "arrangementElements": [],
        "diversions": "",
        "additionalInfo": [],
        "weblinkName": null,
        "attendingGroups": null,
        "encodedPolylines": [],
        "duration": null,
        "start": 1792904940000,
        "displayName": "SCHEDULED ROADWORK Intersection upgrade",
        "roads": [
          {
            "conditionTendency": "",
            "crossStreet": "Wandella Road",
            "delay": "",
            "impactedLanes": [],
            "locationQualifier": "between",
            "mainStreet": "Kingsway",
            "quadrant": "",
            "queueLength": 0,
            "region": "Sydney",
            "secondLocation": "Port Hacking Road",
            "suburb": "Miranda",
            "trafficVolume": ""
          }
        ],
        "isLocalRoad": "State road",
        "CategoryIcon": "Roadworks"
      }
    },
    {
      "type": "Feature",
      "id": 289690,
      "geometry": {
        "type": "Point",
        "coordinates": [
          151.2781486,
          -33.8615606
        ],
        "collections": []
      },
      "properties": {
        "webLinks": [],
        "headline": "",
        "periods": [
          {
            "closureType": "ROAD_CLOSURE",
            "roadextent": "Affected",
            "roadtype": "",
            "direction": "Both directions",
            "finishTime": "5:00am",
            "fromDay": "Every Night",
            "startTime": "8:00pm",
            "toDay": ""
          }
        ],
        "speedLimit": 40,
        "weblinkUrl": null,
        "expectedDelay": -1,
        "ended": false,
        "isNewIncident": true,
        "publicTransport": "",
        "impactingNetwork": false,
        "subCategoryB": null,
        "arrangementAttachments": [],
        "isInitialReport": false,
        "created": 1790836882000,
        "isMajor": false,
        "name": null,
        "subCategoryA": "Utilities",
        "adviceA": "Reduced speed limit",
        "adviceB": "Follow directions on site",
        "adviceC": "Allow extra travel time",
        "end": 1792778400000,
        "hideEndDate": false,
        "incidentKind": "Planned",
        "mainCategory": "SCHEDULED ROADWORK",
        "lastUpdated": 1790836882959,
        "otherAdvice": "<p>Portable traffic lights will allow motorists to pass in one direction at a time.</p>",
        "arrangementElements": [],
        "diversions": "",
        "additionalInfo": [],
        "weblinkName": null,
        "attendingGroups": null,
        "encodedPolylines": [],
        "duration": null,
        "start": 1790836740000,
        "displayName": "SCHEDULED ROADWORK Utilities",
        "roads": [
          {
            "conditionTendency": "",
            "crossStreet": "Captain Pipers Road",
            "delay": "",
            "impactedLanes": [],
            "locationQualifier": "between",
            "mainStreet": "Old South Head Road",
            "quadrant": "",
            "queueLength": 0,
            "region": "Sydney",
            "secondLocation": "Laguna Street",
            "suburb": "Vaucluse",
            "trafficVolume": ""
          }
        ],
        "isLocalRoad": "State road",
        "CategoryIcon": "Roadworks"
      }
    },
    {
      "type": "Feature",
      "id": 214849,
      "geometry": {
        "type": "Point",
        "coordinates": [
          151.2071044,
          -33.8231368
        ],
        "collections": [
          {
            "type": "Point",
            "coordinates": [
              151.212435,
              -33.833171
            ]
          }
        ]
      },
      "properties": {
        "webLinks": [],
        "headline": "",
        "periods": [],
        "speedLimit": -1,
        "weblinkUrl": null,
        "expectedDelay": -1,
        "ended": false,
        "isNewIncident": false,
        "publicTransport": "<p>Visit <a href=\"https://transportnsw.info/news/2024/catch-train-metro-or-ferry-during-warringah-freeway-upgrade-works\" target=\"_blank\">transportnsw.info</a> to plan your trip on public transport.</p>",
        "impactingNetwork": true,
        "subCategoryB": null,
        "arrangementAttachments": [],
        "isInitialReport": false,
        "created": 1732093988000,
        "isMajor": false,
        "name": null,
        "subCategoryA": "null",
        "adviceA": "Plan your journey",
        "adviceB": "Exercise caution",
        "adviceC": "Expect delays",
        "end": 1798705260000,
        "hideEndDate": true,
        "incidentKind": "Planned",
        "mainCategory": "SCHEDULED ROADWORK",
        "lastUpdated": 1790837184583,
        "otherAdvice": "<p>Changes to traffic conditions will be in place at various times <strong>southbound</strong> along the Warringah Fwy and other nearby roads as a result of the Warringah Freeway upgrade and Western Harbour Tunnel projects.</p><p>Changes to traffic conditions are also in place for northbound motorists - <a href=\"https://www.livetraffic.com/incident-details/215780\" target=\"_blank\">Warringah Fwy northbound.</a></p><p><strong>Major changes have been implemented to the Warringah Freeway to make it safer and easier to use. </strong>This may affect which lane you need to be in or the ramp you need to take. These changes include:</p><ul><li>removal of the <a href=\"https://caportal.com.au/rms/wfu/permanant-traffic-changes-on-the-warringah-freeway/traffic-change-slip-lane?preview=35e0ab50-6f35-4e38-8654-3af2c69f767d&amp;cache=refresh\" target=\"_blank\"><strong>slip lane to Sydney Harbour Bridge</strong></a></li><li>removal of access to Sydney Harbour Bridge from <a href=\"https://caportal.com.au/rms/wfu/permanant-traffic-changes-on-the-warringah-freeway/traffic-change-ernest-st-on-ramp?cache=refresh\" target=\"_blank\"><strong>Ernest Street</strong></a></li><li>change to ramp arrangements at <a href=\"https://caportal.com.au/rms/wfu/permanant-traffic-changes-on-the-warringah-freeway/traffic-change-falcon-st-bus-on-ramp?cache=refresh\" target=\"_blank\"><strong>Falcon Street/Military Road</strong></a> and removal of access to Cahill Expressway</li><li>opening of the new dedicated <a href=\"https://caportal.com.au/rms/wfu/permanant-traffic-changes-on-the-warringah-freeway/traffic-change-dedicated-bus-lane?cache=refresh\" target=\"_blank\"><strong>southbound bus lane</strong></a> along the Warringah Freeway</li><li>changes for <a href=\"https://caportal.com.au/rms/wfu/permanant-traffic-changes-on-the-warringah-freeway/traffic-change-overheight-vehicles?cache=refresh\" target=\"_blank\"><strong>overheight vehicles</strong></a>.</li></ul>",
        "arrangementElements": [
          {
            "html": "<p>There are no current works planned that require closures. Information will be provided when closures are required.</p>",
            "title": "Mount Street on-ramp",
            "id": "919290"
          },
          {
            "html": "<p>The Miller St southbound on-ramp will be closed from <strong>8pm Fri 9 Oct until 6pm Sat 10 Oct.</strong></p><p>Friday night detour (from 8pm to 6am) - use Miller St, Pacific Hwy, Arthur St and Mount St on-ramps to the Sydney Harbour bridge.</p><p>Saturday daytime detour (from 6am to 6pm) - use Falcon St.</p>",
            "title": "Miller Street on-ramp",
            "id": "919291"
          },
          {
            "html": "<p>There are no current works planned that require closures. Information will be provided when closures are required.</p>",
            "title": "Ernest Street on-ramp",
            "id": "919292"
          },
          {
            "html": "<p>There are no current works planned that require closures. Information will be provided when closures are required.</p>",
            "title": "Falcon street on-ramp",
            "id": "919293"
          },
          {
            "html": "<p>The Warringah Fwy southbound off-ramp to Alfred St North will be closed between the following times:</p><p><strong>Wed 14 Oct 10pm to 5am</strong></p><p><strong>Fri 16 Oct 10pm to 5am</strong></p><p>Use the Pacific Hwy instead.</p>",
            "title": "Alfred Street North off-ramp",
            "id": "919294"
          },
          {
            "html": "<p>For more details about upcoming impacts to the Sydney Harbour Tunnel - <a href=\"https://www.livetraffic.com/incident-details/244943\" target=\"_blank\">Live Traffic NSW | Incident Details</a></p>",
            "title": "Sydney Harbour Tunnel southbound",
            "id": "919295"
          },
          {
            "html": "<p>There are no current works planned that require closures. Information will be provided when closures are required.</p>",
            "title": "Willoughby Road on-ramp",
            "id": "919296"
          },
          {
            "html": "<p>There are no current works planned that require closures. Information will be provided when closures are required.</p>",
            "title": "Brook St on-ramp",
            "id": "919297"
          }
        ],
        "diversions": "",
        "additionalInfo": [],
        "weblinkName": null,
        "attendingGroups": null,
        "encodedPolylines": [],
        "duration": null,
        "start": 1704027600000,
        "displayName": "SCHEDULED ROADWORK Warringah Freeway Upgrade/Western Harbour Tunnel Project",
        "roads": [
          {
            "conditionTendency": "",
            "crossStreet": "",
            "delay": "",
            "impactedLanes": [],
            "locationQualifier": "to",
            "mainStreet": "Warringah Freeway Southbound",
            "quadrant": "",
            "queueLength": 0,
            "region": "Sydney",
            "secondLocation": "",
            "suburb": "Cammeray to North Sydney",
            "trafficVolume": ""
          }
        ],
        "isLocalRoad": "State road",
        "CategoryIcon": "Roadworks"
      }
    },
    {
      "type": "Feature",
      "id": 288452,
      "geometry": {
        "type": "Point",
        "coordinates": [
          150.2694722,
          -33.4978075
        ],
        "collections": []
      },
      "properties": {
        "webLinks": [],
        "headline": "",
        "periods": [
          {
            "closureType": "ROAD_CLOSURE",
            "roadextent": "Affected",
            "roadtype": "",
            "direction": "Both directions",
            "finishTime": "5:00am",
            "fromDay": "Tuesday",
            "startTime": "7:00pm",
            "toDay": ""
          },
          {
            "closureType": "ROAD_CLOSURE",
            "roadextent": "Affected",
            "roadtype": "",
            "direction": "Both directions",
            "finishTime": "5:00am",
            "fromDay": "Wednesday",
            "startTime": "7:00pm",
            "toDay": ""
          },
          {
            "closureType": "ROAD_CLOSURE",
            "roadextent": "Affected",
            "roadtype": "",
            "direction": "Both directions",
            "finishTime": "5:00am",
            "fromDay": "Thursday",
            "startTime": "7:00pm",
            "toDay": ""
          }
        ],
        "speedLimit": 40,
        "weblinkUrl": null,
        "expectedDelay": -1,
        "ended": false,
        "isNewIncident": false,
        "publicTransport": "",
        "impactingNetwork": false,
        "subCategoryB": null,
        "arrangementAttachments": [],
        "isInitialReport": false,
        "created": 1789708304000,
        "isMajor": false,
        "name": null,
        "subCategoryA": "Resurfacing",
        "adviceA": "Reduced speed limit",
        "adviceB": "Check signage",
        "adviceC": "Allow extra travel time",
        "end": 1793556900000,
        "hideEndDate": false,
        "incidentKind": "Planned",
        "mainCategory": "SCHEDULED ROADWORK",
        "lastUpdated": 1790881247829,
        "otherAdvice": "<p>Portable traffic lights will allow motorists to pass in one direction at a time. </p>",
        "arrangementElements": [],
        "diversions": "",
        "additionalInfo": [],
        "weblinkName": null,
        "attendingGroups": null,
        "encodedPolylines": [],
        "duration": null,
        "start": 1789898400000,
        "displayName": "SCHEDULED ROADWORK Resurfacing",
        "roads": [
          {
            "conditionTendency": "",
            "crossStreet": "Darling Causeway",
            "delay": "",
            "impactedLanes": [],
            "locationQualifier": "between",
            "mainStreet": "Chifley Road",
            "quadrant": "",
            "queueLength": 0,
            "region": "Blue Mountains",
            "secondLocation": "Valley View Road",
            "suburb": "Bell / Dargan",
            "trafficVolume": ""
          }
        ],
        "isLocalRoad": "State road",
        "CategoryIcon": "Roadworks"
      }
    },
    {
      "type": "Feature",
      "id": 288472,
      "geometry": {
        "type": "Point",
        "coordinates": [
          151.174468,
          -33.78319
        ],
        "collections": []
      },
      "properties": {
        "webLinks": [],
        "headline": "",
        "periods": [
          {
            "closureType": "ROAD_CLOSURE",
            "roadextent": "Affected",
            "roadtype": "",
            "direction": "Both directions",
            "finishTime": "5:00am",
            "fromDay": "Tuesday",
            "startTime": "10:00pm",
            "toDay": ""
          },
          {
            "closureType": "ROAD_CLOSURE",
            "roadextent": "Affected",
            "roadtype": "",
            "direction": "Both directions",
            "finishTime": "5:00am",
            "fromDay": "Wednesday",
            "startTime": "10:00pm",
            "toDay": ""
          },
          {
            "closureType": "ROAD_CLOSURE",
            "roadextent": "Affected",
            "roadtype": "",
            "direction": "Both directions",
            "finishTime": "5:00am",
            "fromDay": "Thursday",
            "startTime": "10:30pm",
            "toDay": ""
          }
        ],
        "speedLimit": 40,
        "weblinkUrl": null,
        "expectedDelay": -1,
        "ended": false,
        "isNewIncident": false,
        "publicTransport": "",
        "impactingNetwork": false,
        "subCategoryB": null,
        "arrangementAttachments": [],
        "isInitialReport": false,
        "created": 1789716166000,
        "isMajor": false,
        "name": null,
        "subCategoryA": "null",
        "adviceA": "Reduced speed limit",
        "adviceB": "Check signage",
        "adviceC": "Allow extra travel time",
        "end": 1792044660000,
        "hideEndDate": false,
        "incidentKind": "Planned",
        "mainCategory": "SCHEDULED ROADWORK",
        "lastUpdated": 1790881248143,
        "otherAdvice": "<p>Alternating (stop/slow) traffic conditions will be in place to allow motorists to pass in one direction at a time.</p><p>Traffic lights in the area may be blacked out or flashing yellow.</p>",
        "arrangementElements": [],
        "diversions": "",
        "additionalInfo": [],
        "weblinkName": null,
        "attendingGroups": null,
        "encodedPolylines": [],
        "duration": null,
        "start": 1790147460000,
        "displayName": "SCHEDULED ROADWORK",
        "roads": [
          {
            "conditionTendency": "",
            "crossStreet": "Shirley Road",
            "delay": "",
            "impactedLanes": [],
            "locationQualifier": "between",
            "mainStreet": "Pacific Highway",
            "quadrant": "",
            "queueLength": 0,
            "region": "Sydney",
            "secondLocation": "Sutherland Road",
            "suburb": "Roseville",
            "trafficVolume": ""
          }
        ],
        "isLocalRoad": "State road",
        "CategoryIcon": "Roadworks"
      }
    },
    {
      "type": "Feature",
      "id": 263127,
      "geometry": {
        "type": "Point",
        "coordinates": [
          147.3876295,
          -35.1215407
        ],
        "collections": []
      },
      "properties": {
        "webLinks": [
          {
            "linkText": "Marshalls Creek Bridge replacement",
            "linkURL": "https://www.transport.nsw.gov.au/projects/current-projects/marshalls-creek-bridge-replacement"
          }
        ],
        "headline": "",
        "periods": [
          {
            "closureType": "ROAD_CLOSURE",
            "roadextent": "Affected",
            "roadtype": "",
            "direction": "Both directions",
            "finishTime": "",
            "fromDay": "Every Day",
            "startTime": "all day",
            "toDay": ""
          }
        ],
        "speedLimit": 40,
        "weblinkUrl": null,
        "expectedDelay": -1,
        "ended": false,
        "isNewIncident": false,
        "publicTransport": "",
        "impactingNetwork": true,
        "subCategoryB": null,
        "arrangementAttachments": [
          {
            "displayName": "Marshalls_Creek_Bridge_light_vehicle_detour",
            "fileName": "Marshalls_Creek_Bridge_light_vehicle_detour.png",
            "fileType": "PNG",
            "linkName": "Marshalls_Creek_Bridge_light_vehicle_detour",
            "sizeInBytes": 788245,
            "uniqueFileName": "255146_1778048165369_Marshalls_Creek_Bridge_light_vehicle_detour.png"
          }
        ],
        "isInitialReport": false,
        "created": 1769647134000,
        "isMajor": false,
        "name": null,
        "subCategoryA": "Bridge work",
        "adviceA": "Exercise caution",
        "adviceB": "Allow extra travel time",
        "adviceC": "Reduced speed limit",
        "end": 1814342400000,
        "hideEndDate": true,
        "incidentKind": "Planned",
        "mainCategory": "SCHEDULED ROADWORK",
        "lastUpdated": 1790884846642,
        "otherAdvice": "<p>Changed traffic conditions as part of Marshalls Creek Bridge replacement.</p><p>Pedestrian access will be managed by portable traffic lights.</p><p>Operators of heavy vehicles over 3.5 metres wide should pull over on approach to the work zone and contact traffic control on 0455 163 418 for access through the site.</p>",
        "arrangementElements": [],
        "diversions": "",
        "additionalInfo": [],
        "weblinkName": null,
        "attendingGroups": null,
        "encodedPolylines": [],
        "duration": null,
        "start": 1767556800000,
        "displayName": "SCHEDULED ROADWORK Bridge work",
        "roads": [
          {
            "conditionTendency": "",
            "crossStreet": "Marshalls Creek Bridge",
            "delay": "",
            "impactedLanes": [],
            "locationQualifier": "at",
            "mainStreet": "Sturt Highway",
            "quadrant": "",
            "queueLength": 0,
            "region": "Riverina",
            "secondLocation": "",
            "suburb": "East Wagga Wagga",
            "trafficVolume": ""
          }
        ],
        "isLocalRoad": "State road",
        "CategoryIcon": "Roadworks"
      }
    },
    {
      "type": "Feature",
      "id": 288747,
      "geometry": {
        "type": "Point",
        "coordinates": [
          152.7277941,
          -30.3800086
        ],
        "collections": []
      },
      "properties": {
        "webLinks": [],
        "headline": "",
        "periods": [
          {
            "closureType": "ROAD_CLOSURE",
            "roadextent": "Affected",
            "roadtype": "",
            "direction": "Both directions",
            "finishTime": "",
            "fromDay": "Every Day",
            "startTime": "all day",
            "toDay": ""
          }
        ],
        "speedLimit": -1,
        "weblinkUrl": null,
        "expectedDelay": -1,
        "ended": false,
        "isNewIncident": false,
        "publicTransport": "",
        "impactingNetwork": true,
        "subCategoryB": null,
        "arrangementAttachments": [],
        "isInitialReport": false,
        "created": 1790035496000,
        "isMajor": false,
        "name": null,
        "subCategoryA": "Maintenance",
        "adviceA": "Reduce your speed",
        "adviceB": "Exercise caution",
        "adviceC": "Check signage",
        "end": 1811772000000,
        "hideEndDate": false,
        "incidentKind": "Planned",
        "mainCategory": "SCHEDULED ROADWORK",
        "lastUpdated": 1790896265960,
        "otherAdvice": "<p>Singe lane alternating (stop/slow) traffic conditions will be in place to allow motorists to pass in one direction at a time. Motorists are advised to allow approximately 10 minutes of additional travel time. Restrictions for vehicles wider than 3 metres will be in place.</p>",
        "arrangementElements": [],
        "diversions": "<p><strong>Vehicles wider than 3m:</strong> use an alternative route such as the Oxley (check travel conditions), Gwydir or New England highways. </p><p>Unless specified otherwise, operators of Class 1,2 &amp; 3 vehicles travelling under a Notice <strong>must</strong> consult their relevant enforceable network map to confirm a suitable <strong>approved</strong> alternative route.</p><p>Operators of Class 1, 2 &amp; 3 vehicles travelling under a Permit <strong>must not</strong> travel off the approved route listed in the permit unless an updated permit is obtained from the NHVR.</p><p><br></p>",
        "additionalInfo": [],
        "weblinkName": null,
        "attendingGroups": null,
        "encodedPolylines": [],
        "duration": null,
        "start": 1791723600000,
        "displayName": "SCHEDULED ROADWORK Maintenance",
        "roads": [
          {
            "conditionTendency": "",
            "crossStreet": "Woodchip Corner and Crystal Falls",
            "delay": "",
            "impactedLanes": [],
            "locationQualifier": "between",
            "mainStreet": "Waterfall Way",
            "quadrant": "",
            "queueLength": 0,
            "region": "North Coast NSW",
            "secondLocation": "Maynards Plains Road",
            "suburb": "Dorrigo Mountain",
            "trafficVolume": ""
          }
        ],
        "isLocalRoad": "State road",
        "CategoryIcon": "Roadworks"
      }
    },
    {
      "type": "Feature",
      "id": 289737,
      "geometry": {
        "type": "Point",
        "coordinates": [
          144.9558799,
          -34.4703827
        ],
        "collections": []
      },
      "properties": {
        "webLinks": [],
        "headline": "",
        "periods": [
          {
            "closureType": "ROAD_CLOSURE",
            "roadextent": "Affected",
            "roadtype": "",
            "direction": "Both directions",
            "finishTime": "5:00pm",
            "fromDay": "Weekdays",
            "startTime": "7:00am",
            "toDay": ""
          }
        ],
        "speedLimit": 40,
        "weblinkUrl": null,
        "expectedDelay": -1,
        "ended": false,
        "isNewIncident": false,
        "publicTransport": "",
        "impactingNetwork": false,
        "subCategoryB": null,
        "arrangementAttachments": [],
        "isInitialReport": false,
        "created": 1790896229000,
        "isMajor": false,
        "name": null,
        "subCategoryA": "null",
        "adviceA": "Reduced speed limit",
        "adviceB": "Exercise caution",
        "adviceC": " ",
        "end": 1791784800000,
        "hideEndDate": false,
        "incidentKind": "Planned",
        "mainCategory": "SCHEDULED ROADWORK",
        "lastUpdated": 1790896762365,
        "otherAdvice": "<p>Motorists are advised to allow approximately 5 minutes of additional travel time. </p>",
        "arrangementElements": [],
        "diversions": "",
        "additionalInfo": [],
        "weblinkName": null,
        "attendingGroups": null,
        "encodedPolylines": [],
        "duration": null,
        "start": 1791144000000,
        "displayName": "SCHEDULED ROADWORK",
        "roads": [
          {
            "conditionTendency": "",
            "crossStreet": "Larrys Mountain Road",
            "delay": "",
            "impactedLanes": [],
            "locationQualifier": "near",
            "mainStreet": "Sidonia Road",
            "quadrant": "",
            "queueLength": 0,
            "region": "Riverina",
            "secondLocation": "",
            "suburb": "Hay",
            "trafficVolume": ""
          }
        ],
        "isLocalRoad": "State road",
        "CategoryIcon": "Roadworks"
      }
    },
    {
      "type": "Feature",
      "id": 270831,
      "geometry": {
        "type": "Point",
        "coordinates": [
          144.2581207,
          -34.6408666
        ],
        "collections": []
      },
      "properties": {
        "webLinks": [],
        "headline": "",
        "periods": [
          {
            "closureType": "ROAD_CLOSURE",
            "roadextent": "Affected",
            "roadtype": "",
            "direction": "Both directions",
            "finishTime": "6:00pm",
            "fromDay": "Weekdays",
            "startTime": "6:00am",
            "toDay": ""
          }
        ],
        "speedLimit": 40,
        "weblinkUrl": null,
        "expectedDelay": -1,
        "ended": false,
        "isNewIncident": false,
        "publicTransport": "",
        "impactingNetwork": false,
        "subCategoryB": null,
        "arrangementAttachments": [],
        "isInitialReport": false,
        "created": 1776056353000,
        "isMajor": false,
        "name": null,
        "subCategoryA": "Resurfacing",
        "adviceA": "Reduced speed limit",
        "adviceB": "Check signage",
        "adviceC": "Exercise caution",
        "end": 1796882400000,
        "hideEndDate": false,
        "incidentKind": "Planned",
        "mainCategory": "SCHEDULED ROADWORK",
        "lastUpdated": 1790896779433,
        "otherAdvice": "<p>Alternating (stop/slow) traffic conditions will be in place to allow motorists to pass in one direction at a time. </p><p>Traffic controllers will be on site to direct motorists. Motorists are advised to allow approximately 5 minutes of additional travel time. </p>",
        "arrangementElements": [],
        "diversions": "",
        "additionalInfo": [],
        "weblinkName": null,
        "attendingGroups": null,
        "encodedPolylines": [],
        "duration": null,
        "start": 1778014800000,
        "displayName": "SCHEDULED ROADWORK Resurfacing",
        "roads": [
          {
            "conditionTendency": "",
            "crossStreet": "Maude Rd",
            "delay": "",
            "impactedLanes": [],
            "locationQualifier": "at",
            "mainStreet": "Sturt Highway",
            "quadrant": "",
            "queueLength": 0,
            "region": "Riverina",
            "secondLocation": "",
            "suburb": "Ravensworth",
            "trafficVolume": ""
          }
        ],
        "isLocalRoad": "State road",
        "CategoryIcon": "Roadworks"
      }
    },
    {
      "type": "Feature",
      "id": 285486,
      "geometry": {
        "type": "Point",
        "coordinates": [
          153.2430154,
          -29.4051406
        ],
        "collections": []
      },
      "properties": {
        "webLinks": [],
        "headline": "",
        "periods": [
          {
            "closureType": "ROAD_CLOSURE",
            "roadextent": "Affected",
            "roadtype": "Motorway",
            "direction": "Both directions",
            "finishTime": "5:00pm",
            "fromDay": "Weekdays",
            "startTime": "6:30am",
            "toDay": ""
          }
        ],
        "speedLimit": -1,
        "weblinkUrl": null,
        "expectedDelay": -1,
        "ended": false,
        "isNewIncident": false,
        "publicTransport": "",
        "impactingNetwork": false,
        "subCategoryB": null,
        "arrangementAttachments": [],
        "isInitialReport": false,
        "created": 1787276122000,
        "isMajor": false,
        "name": null,
        "subCategoryA": "Bridge work",
        "adviceA": "Allow extra travel time",
        "adviceB": "Check signage",
        "adviceC": "Reduce your speed",
        "end": 1796968800000,
        "hideEndDate": false,
        "incidentKind": "Planned",
        "mainCategory": "SCHEDULED ROADWORK",
        "lastUpdated": 1790896946386,
        "otherAdvice": "",
        "arrangementElements": [],
        "diversions": "",
        "additionalInfo": [],
        "weblinkName": null,
        "attendingGroups": null,
        "encodedPolylines": [],
        "duration": null,
        "start": 1779049800000,
        "displayName": "SCHEDULED ROADWORK Bridge work",
        "roads": [
          {
            "conditionTendency": "",
            "crossStreet": "Serpentine Channel",
            "delay": "",
            "impactedLanes": [],
            "locationQualifier": "near",
            "mainStreet": "Pacific Motorway",
            "quadrant": "",
            "queueLength": 0,
            "region": "North Coast NSW",
            "secondLocation": "",
            "suburb": "Harwood",
            "trafficVolume": ""
          }
        ],
        "isLocalRoad": "State road",
        "CategoryIcon": "Roadworks"
      }
    },
    {
      "type": "Feature",
      "id": 272827,
      "geometry": {
        "type": "Point",
        "coordinates": [
          149.738123,
          -35.3424957
        ],
        "collections": []
      },
      "properties": {
        "webLinks": [],
        "headline": "",
        "periods": [
          {
            "closureType": "ROAD_CLOSURE",
            "roadextent": "Affected",
            "roadtype": "",
            "direction": "Both directions",
            "finishTime": "4:00pm",
            "fromDay": "Weekdays",
            "startTime": "7:00am",
            "toDay": ""
          }
        ],
        "speedLimit": 40,
        "weblinkUrl": null,
        "expectedDelay": -1,
        "ended": false,
        "isNewIncident": false,
        "publicTransport": "",
        "impactingNetwork": false,
        "subCategoryB": null,
        "arrangementAttachments": [],
        "isInitialReport": false,
        "created": 1777603539000,
        "isMajor": false,
        "name": null,
        "subCategoryA": "Bridge work",
        "adviceA": "Allow extra travel time",
        "adviceB": "Reduced speed limit",
        "adviceC": " ",
        "end": 1792040400000,
        "hideEndDate": false,
        "incidentKind": "Planned",
        "mainCategory": "SCHEDULED ROADWORK",
        "lastUpdated": 1790896972973,
        "otherAdvice": "<p>Single lane closures with stop slow traffic control in place. Portable traffic lights will allow motorists to pass in one direction at a time. </p><p>Motorists are advised to allow approximately 5 minutes of additional travel time.</p>",
        "arrangementElements": [],
        "diversions": "",
        "additionalInfo": [],
        "weblinkName": null,
        "attendingGroups": null,
        "encodedPolylines": [],
        "duration": null,
        "start": 1777842000000,
        "displayName": "SCHEDULED ROADWORK Bridge work",
        "roads": [
          {
            "conditionTendency": "",
            "crossStreet": "Warri Bridge",
            "delay": "",
            "impactedLanes": [],
            "locationQualifier": "at",
            "mainStreet": "Kings Highway",
            "quadrant": "",
            "queueLength": 0,
            "region": "Southern Highlands",
            "secondLocation": "",
            "suburb": "Larbert",
            "trafficVolume": ""
          }
        ],
        "isLocalRoad": "State road",
        "CategoryIcon": "Roadworks"
      }
    },
    {
      "type": "Feature",
      "id": 287792,
      "geometry": {
        "type": "Point",
        "coordinates": [
          146.8617941,
          -29.9576676
        ],
        "collections": []
      },
      "properties": {
        "webLinks": [],
        "headline": "",
        "periods": [
          {
            "closureType": "ROAD_CLOSURE",
            "roadextent": "Affected",
            "roadtype": "",
            "direction": "Both directions",
            "finishTime": "6:00pm",
            "fromDay": "Weekdays",
            "startTime": "7:00am",
            "toDay": ""
          }
        ],
        "speedLimit": 40,
        "weblinkUrl": null,
        "expectedDelay": -1,
        "ended": false,
        "isNewIncident": false,
        "publicTransport": "",
        "impactingNetwork": false,
        "subCategoryB": null,
        "arrangementAttachments": [
          {
            "displayName": "20260910 - NL Kamilaroi Hwy, Brewarrina",
            "fileName": "20260910 - NL Kamilaroi Hwy, Brewarrina.pdf",
            "fileType": "PDF",
            "linkName": "20260910 - NL Kamilaroi Hwy, Brewarrina",
            "sizeInBytes": 626428,
            "uniqueFileName": "473101_1789418190128_20260910 - NL Kamilaroi Hwy, Brewarrina.pdf"
          }
        ],
        "isInitialReport": false,
        "created": 1789329645000,
        "isMajor": false,
        "name": null,
        "subCategoryA": "null",
        "adviceA": "Reduced speed limit",
        "adviceB": "Check signage",
        "adviceC": " ",
        "end": 1791874800000,
        "hideEndDate": false,
        "incidentKind": "Planned",
        "mainCategory": "SCHEDULED ROADWORK",
        "lastUpdated": 1790897816208,
        "otherAdvice": "<p>Speed limit will return to 50km/h outside of work hours. Motorists are advised to allow approximately 5 minutes of additional travel time. </p>",
        "arrangementElements": [],
        "diversions": "",
        "additionalInfo": [],
        "weblinkName": null,
        "attendingGroups": null,
        "encodedPolylines": [],
        "duration": null,
        "start": 1789938000000,
        "displayName": "SCHEDULED ROADWORK",
        "roads": [
          {
            "conditionTendency": "",
            "crossStreet": "Hardie St",
            "delay": "",
            "impactedLanes": [],
            "locationQualifier": "between",
            "mainStreet": "Kamilaroi Highway",
            "quadrant": "",
            "queueLength": 0,
            "region": "Far West NSW",
            "secondLocation": "Bogan Street",
            "suburb": "Brewarrina",
            "trafficVolume": ""
          }
        ],
        "isLocalRoad": "State road",
        "CategoryIcon": "Roadworks"
      }
    },
    {
      "type": "Feature",
      "id": 289748,
      "geometry": {
        "type": "Point",
        "coordinates": [
          152.8800016,
          -28.4442451
        ],
        "collections": []
      },
      "properties": {
        "webLinks": [],
        "headline": "",
        "periods": [
          {
            "closureType": "ROAD_CLOSURE",
            "roadextent": "Affected",
            "roadtype": "",
            "direction": "Both directions",
            "finishTime": "6:00pm",
            "fromDay": "Weekdays",
            "startTime": "7:00am",
            "toDay": ""
          }
        ],
        "speedLimit": 40,
        "weblinkUrl": null,
        "expectedDelay": -1,
        "ended": false,
        "isNewIncident": true,
        "publicTransport": "",
        "impactingNetwork": false,
        "subCategoryB": null,
        "arrangementAttachments": [],
        "isInitialReport": false,
        "created": 1790898283000,
        "isMajor": false,
        "name": null,
        "subCategoryA": "Slope stabilisation",
        "adviceA": "Reduced speed limit",
        "adviceB": "Check signage",
        "adviceC": "Exercise caution",
        "end": 1793343600000,
        "hideEndDate": false,
        "incidentKind": "Planned",
        "mainCategory": "SCHEDULED ROADWORK",
        "lastUpdated": 1790898283608,
        "otherAdvice": "<p>Alternating (stop/slow) traffic conditions will be in place to allow motorists to pass in one direction at a time. A reduced speed limit of 60km/h outside of work hours. Motorists are advised to allow approximately 10 minutes of additional travel time.</p>",
        "arrangementElements": [],
        "diversions": "",
        "additionalInfo": [],
        "weblinkName": null,
        "attendingGroups": null,
        "encodedPolylines": [],
        "duration": null,
        "start": 1790542800000,
        "displayName": "SCHEDULED ROADWORK Slope stabilisation",
        "roads": [
          {
            "conditionTendency": "",
            "crossStreet": "",
            "delay": "",
            "impactedLanes": [],
            "locationQualifier": "at",
            "mainStreet": "Summerland Way",
            "quadrant": "",
            "queueLength": 0,
            "region": "North Coast NSW",
            "secondLocation": "",
            "suburb": "Old Grevillia",
            "trafficVolume": ""
          }
        ],
        "isLocalRoad": "State road",
        "CategoryIcon": "Roadworks"
      }
    },
    {
      "type": "Feature",
      "id": 289751,
      "geometry": {
        "type": "Point",
        "coordinates": [
          151.049069,
          -33.759818
        ],
        "collections": []
      },
      "properties": {
        "webLinks": [],
        "headline": "",
        "periods": [
          {
            "closureType": "ROAD_CLOSURE",
            "roadextent": "Closed",
            "roadtype": "Off-ramp",
            "direction": "Westbound",
            "finishTime": "5:00am",
            "fromDay": "Sunday",
            "startTime": "10:00pm",
            "toDay": ""
          },
          {
            "closureType": "ROAD_CLOSURE",
            "roadextent": "Closed",
            "roadtype": "Off-ramp",
            "direction": "Westbound",
            "finishTime": "5:00am",
            "fromDay": "Monday",
            "startTime": "10:00pm",
            "toDay": ""
          },
          {
            "closureType": "ROAD_CLOSURE",
            "roadextent": "Closed",
            "roadtype": "Off-ramp",
            "direction": "Westbound",
            "finishTime": "5:00am",
            "fromDay": "Tuesday",
            "startTime": "10:00pm",
            "toDay": ""
          },
          {
            "closureType": "ROAD_CLOSURE",
            "roadextent": "Closed",
            "roadtype": "Off-ramp",
            "direction": "Westbound",
            "finishTime": "5:00am",
            "fromDay": "Wednesday",
            "startTime": "10:00pm",
            "toDay": ""
          },
          {
            "closureType": "ROAD_CLOSURE",
            "roadextent": "Closed",
            "roadtype": "Off-ramp",
            "direction": "Westbound",
            "finishTime": "5:00am",
            "fromDay": "Thursday",
            "startTime": "10:00pm",
            "toDay": ""
          }
        ],
        "speedLimit": -1,
        "weblinkUrl": null,
        "expectedDelay": -1,
        "ended": false,
        "isNewIncident": true,
        "publicTransport": "",
        "impactingNetwork": true,
        "subCategoryB": null,
        "arrangementAttachments": [],
        "isInitialReport": false,
        "created": 1790900054000,
        "isMajor": false,
        "name": null,
        "subCategoryA": "Resurfacing",
        "adviceA": "Plan your journey",
        "adviceB": "Allow extra travel time",
        "adviceC": "Use an alternative route",
        "end": 1792692900000,
        "hideEndDate": false,
        "incidentKind": "Planned",
        "mainCategory": "SCHEDULED ROADWORK",
        "lastUpdated": 1790900055247,
        "otherAdvice": "",
        "arrangementElements": [],
        "diversions": "<p>Windsor Rd, James Ruse Dr, Pennant Hills Rd.</p>",
        "additionalInfo": [],
        "weblinkName": null,
        "attendingGroups": null,
        "encodedPolylines": [],
        "duration": null,
        "start": 1792321200000,
        "displayName": "SCHEDULED ROADWORK Resurfacing",
        "roads": [
          {
            "conditionTendency": "",
            "crossStreet": "Pennant Hills Road",
            "delay": "",
            "impactedLanes": [],
            "locationQualifier": "to",
            "mainStreet": "M2 Motorway westbound off-ramp",
            "quadrant": "",
            "queueLength": 0,
            "region": "Sydney",
            "secondLocation": "",
            "suburb": "Carlingford",
            "trafficVolume": ""
          }
        ],
        "isLocalRoad": "State road",
        "CategoryIcon": "Roadworks"
      }
    },
    {
      "type": "Feature",
      "id": 289753,
      "geometry": {
        "type": "Point",
        "coordinates": [
          151.5870119,
          -32.7529102
        ],
        "collections": []
      },
      "properties": {
        "webLinks": [],
        "headline": "",
        "periods": [
          {
            "closureType": "ROAD_CLOSURE",
            "roadextent": "Affected",
            "roadtype": "Highway",
            "direction": "All directions",
            "finishTime": "5:00am",
            "fromDay": "Sunday",
            "startTime": "7:00pm",
            "toDay": ""
          },
          {
            "closureType": "ROAD_CLOSURE",
            "roadextent": "Affected",
            "roadtype": "Highway",
            "direction": "All directions",
            "finishTime": "5:00am",
            "fromDay": "Monday",
            "startTime": "7:00pm",
            "toDay": ""
          },
          {
            "closureType": "ROAD_CLOSURE",
            "roadextent": "Affected",
            "roadtype": "Highway",
            "direction": "All directions",
            "finishTime": "5:00am",
            "fromDay": "Tuesday",
            "startTime": "7:00pm",
            "toDay": ""
          },
          {
            "closureType": "ROAD_CLOSURE",
            "roadextent": "Affected",
            "roadtype": "Highway",
            "direction": "All directions",
            "finishTime": "5:00am",
            "fromDay": "Wednesday",
            "startTime": "7:00pm",
            "toDay": ""
          },
          {
            "closureType": "ROAD_CLOSURE",
            "roadextent": "Affected",
            "roadtype": "Highway",
            "direction": "All directions",
            "finishTime": "5:00am",
            "fromDay": "Thursday",
            "startTime": "7:00pm",
            "toDay": ""
          }
        ],
        "speedLimit": -1,
        "weblinkUrl": null,
        "expectedDelay": -1,
        "ended": false,
        "isNewIncident": true,
        "publicTransport": "",
        "impactingNetwork": true,
        "subCategoryB": null,
        "arrangementAttachments": [],
        "isInitialReport": false,
        "created": 1790900272000,
        "isMajor": false,
        "name": null,
        "subCategoryA": "Intersection upgrade",
        "adviceA": "Check signage",
        "adviceB": "Exercise caution",
        "adviceC": "Reduce your speed",
        "end": 1794506400000,
        "hideEndDate": false,
        "incidentKind": "Planned",
        "mainCategory": "SCHEDULED ROADWORK",
        "lastUpdated": 1790900272725,
        "otherAdvice": "<p>Traffic controllers will be on site to direct motorists. Will also include day work from 6-9 October between 7am and 5pm.</p>",
        "arrangementElements": [],
        "diversions": "",
        "additionalInfo": [],
        "weblinkName": null,
        "attendingGroups": null,
        "encodedPolylines": [],
        "duration": null,
        "start": 1791230400000,
        "displayName": "SCHEDULED ROADWORK Intersection upgrade",
        "roads": [
          {
            "conditionTendency": "",
            "crossStreet": "High Street",
            "delay": "",
            "impactedLanes": [],
            "locationQualifier": "at",
            "mainStreet": "New England Highway",
            "quadrant": "",
            "queueLength": 0,
            "region": "Hunter",
            "secondLocation": "",
            "suburb": "East Maitland",
            "trafficVolume": ""
          }
        ],
        "isLocalRoad": "State road",
        "CategoryIcon": "Roadworks"
      }
    },
    {
      "type": "Feature",
      "id": 289756,
      "geometry": {
        "type": "Point",
        "coordinates": [
          151.2572526,
          -33.8929927
        ],
        "collections": []
      },
      "properties": {
        "webLinks": [],
        "headline": "",
        "periods": [
          {
            "closureType": "ROAD_CLOSURE",
            "roadextent": "Affected",
            "roadtype": "",
            "direction": "Both directions",
            "finishTime": "5:00am",
            "fromDay": "Sunday",
            "startTime": "9:00pm",
            "toDay": ""
          },
          {
            "closureType": "ROAD_CLOSURE",
            "roadextent": "Affected",
            "roadtype": "",
            "direction": "Both directions",
            "finishTime": "5:00am",
            "fromDay": "Monday",
            "startTime": "9:00pm",
            "toDay": ""
          },
          {
            "closureType": "ROAD_CLOSURE",
            "roadextent": "Affected",
            "roadtype": "",
            "direction": "Both directions",
            "finishTime": "5:00am",
            "fromDay": "Tuesday",
            "startTime": "9:00pm",
            "toDay": ""
          },
          {
            "closureType": "ROAD_CLOSURE",
            "roadextent": "Affected",
            "roadtype": "",
            "direction": "Both directions",
            "finishTime": "5:00am",
            "fromDay": "Wednesday",
            "startTime": "9:00pm",
            "toDay": ""
          },
          {
            "closureType": "ROAD_CLOSURE",
            "roadextent": "Affected",
            "roadtype": "",
            "direction": "Both directions",
            "finishTime": "5:00am",
            "fromDay": "Thursday",
            "startTime": "9:00pm",
            "toDay": ""
          }
        ],
        "speedLimit": 40,
        "weblinkUrl": null,
        "expectedDelay": -1,
        "ended": false,
        "isNewIncident": true,
        "publicTransport": "",
        "impactingNetwork": false,
        "subCategoryB": null,
        "arrangementAttachments": [],
        "isInitialReport": false,
        "created": 1790900696000,
        "isMajor": false,
        "name": null,
        "subCategoryA": "Maintenance",
        "adviceA": "Reduced speed limit",
        "adviceB": "Allow extra travel time",
        "adviceC": "Exercise caution",
        "end": 1794506400000,
        "hideEndDate": false,
        "incidentKind": "Planned",
        "mainCategory": "SCHEDULED ROADWORK",
        "lastUpdated": 1790900697162,
        "otherAdvice": "<p>Alternating (stop/slow) traffic conditions will be in place to allow motorists to pass in one direction at a time. </p>",
        "arrangementElements": [],
        "diversions": "",
        "additionalInfo": [],
        "weblinkName": null,
        "attendingGroups": null,
        "encodedPolylines": [],
        "duration": null,
        "start": 1792922400000,
        "displayName": "SCHEDULED ROADWORK Maintenance",
        "roads": [
          {
            "conditionTendency": "",
            "crossStreet": "Council Street",
            "delay": "",
            "impactedLanes": [],
            "locationQualifier": "between",
            "mainStreet": "Bondi Road",
            "quadrant": "",
            "queueLength": 0,
            "region": "Sydney",
            "secondLocation": "Park Parade",
            "suburb": "Bondi Junction",
            "trafficVolume": ""
          }
        ],
        "isLocalRoad": "State road",
        "CategoryIcon": "Roadworks"
      }
    },
    {
      "type": "Feature",
      "id": 283114,
      "geometry": {
        "type": "Point",
        "coordinates": [
          148.294063,
          -34.31455
        ],
        "collections": []
      },
      "properties": {
        "webLinks": [],
        "headline": "",
        "periods": [
          {
            "closureType": "ROAD_CLOSURE",
            "roadextent": "Affected",
            "roadtype": "",
            "direction": "Both directions",
            "finishTime": "",
            "fromDay": "Every Day",
            "startTime": "all day",
            "toDay": ""
          }
        ],
        "speedLimit": 40,
        "weblinkUrl": null,
        "expectedDelay": -1,
        "ended": false,
        "isNewIncident": false,
        "publicTransport": "",
        "impactingNetwork": true,
        "subCategoryB": null,
        "arrangementAttachments": [],
        "isInitialReport": false,
        "created": 1786930037000,
        "isMajor": false,
        "name": null,
        "subCategoryA": "null",
        "adviceA": "Reduced speed limit",
        "adviceB": "Check signage",
        "adviceC": "Allow extra travel time",
        "end": 1792735200000,
        "hideEndDate": false,
        "incidentKind": "Planned",
        "mainCategory": "SCHEDULED ROADWORK",
        "lastUpdated": 1790901604510,
        "otherAdvice": "<p>Traffic controllers will be on site to direct motorists. Lane closures will be in place.</p>",
        "arrangementElements": [],
        "diversions": "",
        "additionalInfo": [],
        "weblinkName": null,
        "attendingGroups": null,
        "encodedPolylines": [],
        "duration": null,
        "start": 1788206400000,
        "displayName": "SCHEDULED ROADWORK",
        "roads": [
          {
            "conditionTendency": "",
            "crossStreet": "Dundas St",
            "delay": "",
            "impactedLanes": [],
            "locationQualifier": "at",
            "mainStreet": "Olympic Highway",
            "quadrant": "",
            "queueLength": 0,
            "region": "Southern Highlands",
            "secondLocation": "",
            "suburb": "Young",
            "trafficVolume": ""
          }
        ],
        "isLocalRoad": "State road",
        "CategoryIcon": "Roadworks"
      }
    },
    {
      "type": "Feature",
      "id": 289768,
      "geometry": {
        "type": "Point",
        "coordinates": [
          151.42309,
          -30.7347742
        ],
        "collections": []
      },
      "properties": {
        "webLinks": [],
        "headline": "",
        "periods": [
          {
            "closureType": "ROAD_CLOSURE",
            "roadextent": "Affected",
            "roadtype": "Highway",
            "direction": "Both directions",
            "finishTime": "5:00pm",
            "fromDay": "Weekdays",
            "startTime": "6:30am",
            "toDay": ""
          }
        ],
        "speedLimit": 40,
        "weblinkUrl": null,
        "expectedDelay": -1,
        "ended": false,
        "isNewIncident": false,
        "publicTransport": "",
        "impactingNetwork": false,
        "subCategoryB": null,
        "arrangementAttachments": [],
        "isInitialReport": false,
        "created": 1790905631000,
        "isMajor": false,
        "name": null,
        "subCategoryA": "Bridge work",
        "adviceA": "Reduced speed limit",
        "adviceB": "Check signage",
        "adviceC": "Exercise caution",
        "end": 1792130400000,
        "hideEndDate": false,
        "incidentKind": "Planned",
        "mainCategory": "SCHEDULED ROADWORK",
        "lastUpdated": 1790905703144,
        "otherAdvice": "<p>Alternating (stop/slow) traffic conditions will be in place to allow motorists to pass in one direction at a time. Motorists are advised to allow approximately 5 minutes of additional travel time. </p>",
        "arrangementElements": [],
        "diversions": "",
        "additionalInfo": [],
        "weblinkName": null,
        "attendingGroups": null,
        "encodedPolylines": [],
        "duration": null,
        "start": 1791142200000,
        "displayName": "SCHEDULED ROADWORK Bridge work",
        "roads": [
          {
            "conditionTendency": "",
            "crossStreet": "Old Wollun Road",
            "delay": "",
            "impactedLanes": [],
            "locationQualifier": "near",
            "mainStreet": "New England Highway",
            "quadrant": "",
            "queueLength": 0,
            "region": "New England North West",
            "secondLocation": "",
            "suburb": "Kentucky",
            "trafficVolume": ""
          }
        ],
        "isLocalRoad": "State road",
        "CategoryIcon": "Roadworks"
      }
    },
    {
      "type": "Feature",
      "id": 289774,
      "geometry": {
        "type": "Point",
        "coordinates": [
          151.112693,
          -32.6183177
        ],
        "collections": []
      },
      "properties": {
        "webLinks": [],
        "headline": "",
        "periods": [
          {
            "closureType": "ROAD_CLOSURE",
            "roadextent": "Affected",
            "roadtype": "",
            "direction": "Both directions",
            "finishTime": "5:00am",
            "fromDay": "Sunday",
            "startTime": "7:00pm",
            "toDay": ""
          },
          {
            "closureType": "ROAD_CLOSURE",
            "roadextent": "Affected",
            "roadtype": "",
            "direction": "Both directions",
            "finishTime": "5:00am",
            "fromDay": "Monday",
            "startTime": "7:00pm",
            "toDay": ""
          },
          {
            "closureType": "ROAD_CLOSURE",
            "roadextent": "Affected",
            "roadtype": "",
            "direction": "Both directions",
            "finishTime": "5:00am",
            "fromDay": "Tuesday",
            "startTime": "7:00pm",
            "toDay": ""
          }
        ],
        "speedLimit": 40,
        "weblinkUrl": null,
        "expectedDelay": -1,
        "ended": false,
        "isNewIncident": true,
        "publicTransport": "",
        "impactingNetwork": false,
        "subCategoryB": null,
        "arrangementAttachments": [],
        "isInitialReport": false,
        "created": 1790907887000,
        "isMajor": false,
        "name": null,
        "subCategoryA": "Resurfacing",
        "adviceA": "Reduced speed limit",
        "adviceB": "Check signage",
        "adviceC": "Exercise caution",
        "end": 1791828000000,
        "hideEndDate": false,
        "incidentKind": "Planned",
        "mainCategory": "SCHEDULED ROADWORK",
        "lastUpdated": 1790907888087,
        "otherAdvice": "<p>Portable traffic lights will allow motorists to pass in one direction at a time. OSOM contact via UHF 21. Motorists are advised to allow approximately 5 minutes of additional travel time. </p>",
        "arrangementElements": [],
        "diversions": "",
        "additionalInfo": [],
        "weblinkName": null,
        "attendingGroups": null,
        "encodedPolylines": [],
        "duration": null,
        "start": 1791705600000,
        "displayName": "SCHEDULED ROADWORK Resurfacing",
        "roads": [
          {
            "conditionTendency": "",
            "crossStreet": "",
            "delay": "",
            "impactedLanes": [],
            "locationQualifier": "at",
            "mainStreet": "Golden Highway",
            "quadrant": "",
            "queueLength": 0,
            "region": "Hunter",
            "secondLocation": "",
            "suburb": "Mount Thorley",
            "trafficVolume": ""
          }
        ],
        "isLocalRoad": "State road",
        "CategoryIcon": "Roadworks"
      }
    },
    {
      "type": "Feature",
      "id": 289783,
      "geometry": {
        "type": "Point",
        "coordinates": [
          152.3792595,
          -29.4458863
        ],
        "collections": []
      },
      "properties": {
        "webLinks": [],
        "headline": "",
        "periods": [
          {
            "closureType": "ROAD_CLOSURE",
            "roadextent": "Affected",
            "roadtype": "Highway",
            "direction": "Both directions",
            "finishTime": "",
            "fromDay": "Every Day",
            "startTime": "all day",
            "toDay": ""
          }
        ],
        "speedLimit": 40,
        "weblinkUrl": null,
        "expectedDelay": -1,
        "ended": false,
        "isNewIncident": true,
        "publicTransport": "",
        "impactingNetwork": false,
        "subCategoryB": null,
        "arrangementAttachments": [],
        "isInitialReport": false,
        "created": 1790911966000,
        "isMajor": false,
        "name": null,
        "subCategoryA": "Maintenance",
        "adviceA": "Reduced speed limit",
        "adviceB": "Exercise caution",
        "adviceC": "Allow extra travel time",
        "end": 1806933600000,
        "hideEndDate": false,
        "incidentKind": "Planned",
        "mainCategory": "SCHEDULED ROADWORK",
        "lastUpdated": 1790911967139,
        "otherAdvice": "<p>Single lane closures will be in place, and portable traffic lights will allow motorists to pass in one direction at a time. </p>",
        "arrangementElements": [],
        "diversions": "",
        "additionalInfo": [],
        "weblinkName": null,
        "attendingGroups": null,
        "encodedPolylines": [],
        "duration": null,
        "start": 1791205200000,
        "displayName": "SCHEDULED ROADWORK Maintenance",
        "roads": [
          {
            "conditionTendency": "",
            "crossStreet": "various locations",
            "delay": "",
            "impactedLanes": [],
            "locationQualifier": "at",
            "mainStreet": "Gwydir Highway",
            "quadrant": "",
            "queueLength": 0,
            "region": "New England North West",
            "secondLocation": "",
            "suburb": "Gibraltar Range",
            "trafficVolume": ""
          }
        ],
        "isLocalRoad": "State road",
        "CategoryIcon": "Roadworks"
      }
    },
    {
      "type": "Feature",
      "id": 289800,
      "geometry": {
        "type": "Point",
        "coordinates": [
          151.2182866,
          -33.8846947
        ],
        "collections": []
      },
      "properties": {
        "webLinks": [],
        "headline": "",
        "periods": [
          {
            "closureType": "ROAD_CLOSURE",
            "roadextent": "Affected",
            "roadtype": "",
            "direction": "Both directions",
            "finishTime": "5:00am",
            "fromDay": "Sunday",
            "startTime": "10:00pm",
            "toDay": ""
          },
          {
            "closureType": "ROAD_CLOSURE",
            "roadextent": "Affected",
            "roadtype": "",
            "direction": "Both directions",
            "finishTime": "5:00am",
            "fromDay": "Monday",
            "startTime": "10:00pm",
            "toDay": ""
          },
          {
            "closureType": "ROAD_CLOSURE",
            "roadextent": "Affected",
            "roadtype": "",
            "direction": "Both directions",
            "finishTime": "5:00am",
            "fromDay": "Tuesday",
            "startTime": "10:00pm",
            "toDay": ""
          },
          {
            "closureType": "ROAD_CLOSURE",
            "roadextent": "Affected",
            "roadtype": "",
            "direction": "Both directions",
            "finishTime": "5:00am",
            "fromDay": "Wednesday",
            "startTime": "10:00pm",
            "toDay": ""
          },
          {
            "closureType": "ROAD_CLOSURE",
            "roadextent": "Affected",
            "roadtype": "",
            "direction": "Both directions",
            "finishTime": "5:00am",
            "fromDay": "Thursday",
            "startTime": "10:00pm",
            "toDay": ""
          }
        ],
        "speedLimit": 40,
        "weblinkUrl": null,
        "expectedDelay": -1,
        "ended": false,
        "isNewIncident": true,
        "publicTransport": "",
        "impactingNetwork": false,
        "subCategoryB": null,
        "arrangementAttachments": [],
        "isInitialReport": false,
        "created": 1790917619000,
        "isMajor": false,
        "name": null,
        "subCategoryA": "Maintenance",
        "adviceA": "Exercise caution",
        "adviceB": "Expect delays",
        "adviceC": "Reduced speed limit",
        "end": 1793297700000,
        "hideEndDate": false,
        "incidentKind": "Planned",
        "mainCategory": "SCHEDULED ROADWORK",
        "lastUpdated": 1790917620019,
        "otherAdvice": "<p>Portable traffic lights will allow motorists to pass in one direction at a time, and traffic lights in the area may be blacked out or flashing yellow.</p>",
        "arrangementElements": [],
        "diversions": "",
        "additionalInfo": [],
        "weblinkName": null,
        "attendingGroups": null,
        "encodedPolylines": [],
        "duration": null,
        "start": 1792321200000,
        "displayName": "SCHEDULED ROADWORK Maintenance",
        "roads": [
          {
            "conditionTendency": "",
            "crossStreet": "Oxford Street",
            "delay": "",
            "impactedLanes": [],
            "locationQualifier": "between",
            "mainStreet": "South Dowling Street",
            "quadrant": "",
            "queueLength": 0,
            "region": "Sydney",
            "secondLocation": "Nobbs Street",
            "suburb": "Darlinghurst / Surry Hills",
            "trafficVolume": ""
          }
        ],
        "isLocalRoad": "State road",
        "CategoryIcon": "Roadworks"
      }
    },
    {
      "type": "Feature",
      "id": 289801,
      "geometry": {
        "type": "Point",
        "coordinates": [
          150.8245434,
          -33.6169361
        ],
        "collections": []
      },
      "properties": {
        "webLinks": [],
        "headline": "",
        "periods": [
          {
            "closureType": "ROAD_CLOSURE",
            "roadextent": "Closed",
            "roadtype": "Road",
            "direction": "Both directions",
            "finishTime": "5:00am",
            "fromDay": "Wednesday",
            "startTime": "9:00pm",
            "toDay": ""
          },
          {
            "closureType": "ROAD_CLOSURE",
            "roadextent": "Closed",
            "roadtype": "Road",
            "direction": "Both directions",
            "finishTime": "5:00am",
            "fromDay": "Thursday",
            "startTime": "10:00pm",
            "toDay": ""
          },
          {
            "closureType": "ROAD_CLOSURE",
            "roadextent": "Closed",
            "roadtype": "Road",
            "direction": "Both directions",
            "finishTime": "5:00am",
            "fromDay": "Sunday",
            "startTime": "9:00pm",
            "toDay": ""
          }
        ],
        "speedLimit": -1,
        "weblinkUrl": null,
        "expectedDelay": -1,
        "ended": false,
        "isNewIncident": false,
        "publicTransport": "",
        "impactingNetwork": false,
        "subCategoryB": null,
        "arrangementAttachments": [],
        "isInitialReport": false,
        "created": 1790918237000,
        "isMajor": false,
        "name": null,
        "subCategoryA": "Resurfacing",
        "adviceA": "Use diversions",
        "adviceB": "Allow extra travel time",
        "adviceC": " ",
        "end": 1791742500000,
        "hideEndDate": false,
        "incidentKind": "Planned",
        "mainCategory": "SCHEDULED ROADWORK",
        "lastUpdated": 1790921297547,
        "otherAdvice": "",
        "arrangementElements": [],
        "diversions": "<p>Northbound: Macquarie St, Bridge St and Windsor Rd.</p><p>Southbound: Macquarie St, George St and Richmond Rd.</p>",
        "additionalInfo": [],
        "weblinkName": null,
        "attendingGroups": null,
        "encodedPolylines": [],
        "duration": null,
        "start": 1791367200000,
        "displayName": "SCHEDULED ROADWORK Resurfacing",
        "roads": [
          {
            "conditionTendency": "",
            "crossStreet": "Macquarie Street",
            "delay": "",
            "impactedLanes": [],
            "locationQualifier": "between",
            "mainStreet": "Hawkesbury Valley Way",
            "quadrant": "",
            "queueLength": 0,
            "region": "Sydney",
            "secondLocation": "Moses Street",
            "suburb": "Windsor",
            "trafficVolume": ""
          }
        ],
        "isLocalRoad": "State road",
        "CategoryIcon": "Roadworks"
      }
    },
    {
      "type": "Feature",
      "id": 289831,
      "geometry": {
        "type": "Point",
        "coordinates": [
          150.9253021,
          -33.8979006
        ],
        "collections": []
      },
      "properties": {
        "webLinks": [],
        "headline": "",
        "periods": [
          {
            "closureType": "ROAD_CLOSURE",
            "roadextent": "Affected",
            "roadtype": "",
            "direction": "Both directions",
            "finishTime": "5:00am",
            "fromDay": "Sunday",
            "startTime": "9:30pm",
            "toDay": ""
          },
          {
            "closureType": "ROAD_CLOSURE",
            "roadextent": "Affected",
            "roadtype": "",
            "direction": "Both directions",
            "finishTime": "5:00am",
            "fromDay": "Monday",
            "startTime": "9:30pm",
            "toDay": ""
          },
          {
            "closureType": "ROAD_CLOSURE",
            "roadextent": "Affected",
            "roadtype": "",
            "direction": "Both directions",
            "finishTime": "5:00am",
            "fromDay": "Tuesday",
            "startTime": "9:30pm",
            "toDay": ""
          },
          {
            "closureType": "ROAD_CLOSURE",
            "roadextent": "Affected",
            "roadtype": "",
            "direction": "Both directions",
            "finishTime": "5:00am",
            "fromDay": "Wednesday",
            "startTime": "9:30pm",
            "toDay": ""
          },
          {
            "closureType": "ROAD_CLOSURE",
            "roadextent": "Affected",
            "roadtype": "",
            "direction": "Both directions",
            "finishTime": "5:00am",
            "fromDay": "Thursday",
            "startTime": "9:30pm",
            "toDay": ""
          }
        ],
        "speedLimit": -1,
        "weblinkUrl": null,
        "expectedDelay": -1,
        "ended": false,
        "isNewIncident": false,
        "publicTransport": "",
        "impactingNetwork": false,
        "subCategoryB": null,
        "arrangementAttachments": [],
        "isInitialReport": false,
        "created": 1790937386000,
        "isMajor": false,
        "name": null,
        "subCategoryA": "null",
        "adviceA": "Reduce your speed",
        "adviceB": "Allow extra travel time",
        "adviceC": "Follow directions on site",
        "end": 1795025700000,
        "hideEndDate": false,
        "incidentKind": "Planned",
        "mainCategory": "SCHEDULED ROADWORK",
        "lastUpdated": 1790937764518,
        "otherAdvice": "<p>Alternating (stop/slow) traffic conditions will be in place to allow motorists to pass in one direction at a time.</p><p>Traffic lights in the area may be blacked out or flashing yellow.</p>",
        "arrangementElements": [],
        "diversions": "",
        "additionalInfo": [],
        "weblinkName": null,
        "attendingGroups": null,
        "encodedPolylines": [],
        "duration": null,
        "start": 1793529000000,
        "displayName": "SCHEDULED ROADWORK",
        "roads": [
          {
            "conditionTendency": "",
            "crossStreet": "Bowden Street",
            "delay": "",
            "impactedLanes": [],
            "locationQualifier": "between",
            "mainStreet": "Cabramatta Road West",
            "quadrant": "",
            "queueLength": 0,
            "region": "Sydney",
            "secondLocation": "Coventry Road",
            "suburb": "Cabramatta",
            "trafficVolume": ""
          }
        ],
        "isLocalRoad": "State road",
        "CategoryIcon": "Roadworks"
      }
    },
    {
      "type": "Feature",
      "id": 289818,
      "geometry": {
        "type": "Point",
        "coordinates": [
          150.8754439,
          -33.9587185
        ],
        "collections": []
      },
      "properties": {
        "webLinks": [],
        "headline": "",
        "periods": [
          {
            "closureType": "ROAD_CLOSURE",
            "roadextent": "Closed",
            "roadtype": "Off-ramp",
            "direction": "Westbound",
            "finishTime": "5:00am",
            "fromDay": "Thursday",
            "startTime": "10:00pm",
            "toDay": ""
          },
          {
            "closureType": "ROAD_CLOSURE",
            "roadextent": "Closed",
            "roadtype": "Off-ramp",
            "direction": "Westbound",
            "finishTime": "5:00am",
            "fromDay": "Sunday",
            "startTime": "10:00pm",
            "toDay": ""
          },
          {
            "closureType": "ROAD_CLOSURE",
            "roadextent": "Closed",
            "roadtype": "Off-ramp",
            "direction": "Westbound",
            "finishTime": "5:00am",
            "fromDay": "Monday",
            "startTime": "10:00pm",
            "toDay": ""
          },
          {
            "closureType": "ROAD_CLOSURE",
            "roadextent": "Closed",
            "roadtype": "Off-ramp",
            "direction": "Westbound",
            "finishTime": "5:00am",
            "fromDay": "Tuesday",
            "startTime": "10:00pm",
            "toDay": ""
          },
          {
            "closureType": "ROAD_CLOSURE",
            "roadextent": "Closed",
            "roadtype": "Off-ramp",
            "direction": "Westbound",
            "finishTime": "5:00am",
            "fromDay": "Wednesday",
            "startTime": "10:00pm",
            "toDay": ""
          }
        ],
        "speedLimit": -1,
        "weblinkUrl": null,
        "expectedDelay": -1,
        "ended": false,
        "isNewIncident": false,
        "publicTransport": "",
        "impactingNetwork": false,
        "subCategoryB": null,
        "arrangementAttachments": [],
        "isInitialReport": false,
        "created": 1790927168000,
        "isMajor": false,
        "name": null,
        "subCategoryA": "Maintenance",
        "adviceA": "Plan your journey",
        "adviceB": "Allow extra travel time",
        "adviceC": "Use an alternative route",
        "end": 1792692900000,
        "hideEndDate": false,
        "incidentKind": "Planned",
        "mainCategory": "SCHEDULED ROADWORK",
        "lastUpdated": 1790940691274,
        "otherAdvice": "<p>Only this ramp will be closed; the motorway will remain open with a lane closure and reduced speed limit in place.</p>",
        "arrangementElements": [],
        "diversions": "<p>M5 Mtwy, Moorebank Av, Newbridge Rd, Terminus St, Macquarie St, Hume Hwy, Camden Valley Way</p>",
        "additionalInfo": [],
        "weblinkName": null,
        "attendingGroups": null,
        "encodedPolylines": [],
        "duration": null,
        "start": 1792062000000,
        "displayName": "SCHEDULED ROADWORK Maintenance",
        "roads": [
          {
            "conditionTendency": "",
            "crossStreet": "Camden Valley Way",
            "delay": "",
            "impactedLanes": [],
            "locationQualifier": "to",
            "mainStreet": "M5 Motorway eastbound off-ramp",
            "quadrant": "",
            "queueLength": 0,
            "region": "Sydney",
            "secondLocation": "",
            "suburb": "Revesby",
            "trafficVolume": ""
          }
        ],
        "isLocalRoad": "State road",
        "CategoryIcon": "Roadworks"
      }
    },
    {
      "type": "Feature",
      "id": 286403,
      "geometry": {
        "type": "Point",
        "coordinates": [
          150.858643,
          -33.646371
        ],
        "collections": []
      },
      "properties": {
        "webLinks": [],
        "headline": "",
        "periods": [
          {
            "closureType": "ROAD_CLOSURE",
            "roadextent": "Affected",
            "roadtype": "",
            "direction": "Both directions",
            "finishTime": "5:00am",
            "fromDay": "Tuesday",
            "startTime": "9:00pm",
            "toDay": ""
          },
          {
            "closureType": "ROAD_CLOSURE",
            "roadextent": "Affected",
            "roadtype": "",
            "direction": "Both directions",
            "finishTime": "5:00am",
            "fromDay": "Wednesday",
            "startTime": "9:00pm",
            "toDay": ""
          },
          {
            "closureType": "ROAD_CLOSURE",
            "roadextent": "Affected",
            "roadtype": "",
            "direction": "Both directions",
            "finishTime": "5:00am",
            "fromDay": "Thursday",
            "startTime": "10:00pm",
            "toDay": ""
          },
          {
            "closureType": "ROAD_CLOSURE",
            "roadextent": "Affected",
            "roadtype": "",
            "direction": "Both directions",
            "finishTime": "5:00am",
            "fromDay": "Friday",
            "startTime": "10:00pm",
            "toDay": ""
          },
          {
            "closureType": "ROAD_CLOSURE",
            "roadextent": "Affected",
            "roadtype": "",
            "direction": "Both directions",
            "finishTime": "5:00am",
            "fromDay": "Sunday",
            "startTime": "9:00pm",
            "toDay": ""
          },
          {
            "closureType": "ROAD_CLOSURE",
            "roadextent": "Affected",
            "roadtype": "",
            "direction": "Both directions",
            "finishTime": "5:00am",
            "fromDay": "Monday",
            "startTime": "9:00pm",
            "toDay": ""
          }
        ],
        "speedLimit": 40,
        "weblinkUrl": null,
        "expectedDelay": -1,
        "ended": false,
        "isNewIncident": false,
        "publicTransport": "",
        "impactingNetwork": false,
        "subCategoryB": null,
        "arrangementAttachments": [],
        "isInitialReport": false,
        "created": 1787828726000,
        "isMajor": false,
        "name": null,
        "subCategoryA": "Surveying",
        "adviceA": "Expect delays",
        "adviceB": "Exercise caution",
        "adviceC": "Reduced speed limit",
        "end": 1793642400000,
        "hideEndDate": false,
        "incidentKind": "Planned",
        "mainCategory": "SCHEDULED ROADWORK",
        "lastUpdated": 1790968510971,
        "otherAdvice": "<p>Alternating (stop/slow) traffic conditions will be in place to allow motorists to pass in one direction at a time, and traffic lights at the intersection of Windsor Rd and Chapman Rd will be flashing yellow.</p>",
        "arrangementElements": [],
        "diversions": "",
        "additionalInfo": [],
        "weblinkName": null,
        "attendingGroups": null,
        "encodedPolylines": [],
        "duration": null,
        "start": 1788260400000,
        "displayName": "SCHEDULED ROADWORK Surveying",
        "roads": [
          {
            "conditionTendency": "",
            "crossStreet": "Henry Road",
            "delay": "",
            "impactedLanes": [],
            "locationQualifier": "between",
            "mainStreet": "Windsor Road",
            "quadrant": "",
            "queueLength": 0,
            "region": "Sydney",
            "secondLocation": "Junction Road",
            "suburb": "Vineyard",
            "trafficVolume": ""
          }
        ],
        "isLocalRoad": "State road",
        "CategoryIcon": "Roadworks"
      }
    },
    {
      "type": "Feature",
      "id": 289835,
      "geometry": {
        "type": "Point",
        "coordinates": [
          150.9246902,
          -33.9402612
        ],
        "collections": []
      },
      "properties": {
        "webLinks": [],
        "headline": "",
        "periods": [
          {
            "closureType": "ROAD_CLOSURE",
            "roadextent": "Closed",
            "roadtype": "On-ramp",
            "direction": "Westbound",
            "finishTime": "5:00am",
            "fromDay": "Thursday",
            "startTime": "10:00pm",
            "toDay": ""
          }
        ],
        "speedLimit": -1,
        "weblinkUrl": null,
        "expectedDelay": -1,
        "ended": false,
        "isNewIncident": true,
        "publicTransport": "",
        "impactingNetwork": false,
        "subCategoryB": null,
        "arrangementAttachments": [],
        "isInitialReport": false,
        "created": 1791029283000,
        "isMajor": false,
        "name": null,
        "subCategoryA": "Maintenance",
        "adviceA": "Use diversions",
        "adviceB": "Plan your journey",
        "adviceC": "Allow extra travel time",
        "end": 1792088100000,
        "hideEndDate": false,
        "incidentKind": "Planned",
        "mainCategory": "SCHEDULED ROADWORK",
        "lastUpdated": 1791029283742,
        "otherAdvice": "",
        "arrangementElements": [],
        "diversions": "<p><strong>Northbound:</strong> Moorebank Ave, Newbridge Rd, Hume Hwy, Camden Valley Way, the rejoin M5 Mwy.</p><p><strong>Southbound</strong>: Bushmaster Ave, U-turn to Moorebank Ave northbound, Newbridge Rd, Hume Hwy, Camden Valley Way the rejoin M5 Mwy.</p>",
        "additionalInfo": [],
        "weblinkName": null,
        "attendingGroups": null,
        "encodedPolylines": [],
        "duration": null,
        "start": 1792062000000,
        "displayName": "SCHEDULED ROADWORK Maintenance",
        "roads": [
          {
            "conditionTendency": "",
            "crossStreet": "Moorebank Avenue",
            "delay": "",
            "impactedLanes": [],
            "locationQualifier": "from",
            "mainStreet": "M5 Motorway westbound on-ramp",
            "quadrant": "",
            "queueLength": 0,
            "region": "Sydney",
            "secondLocation": "",
            "suburb": "Moorebank",
            "trafficVolume": ""
          }
        ],
        "isLocalRoad": "State road",
        "CategoryIcon": "Roadworks"
      }
    },
    {
      "type": "Feature",
      "id": 289759,
      "geometry": {
        "type": "Point",
        "coordinates": [
          146.0027065,
          -34.5670547
        ],
        "collections": []
      },
      "properties": {
        "webLinks": [],
        "headline": "",
        "periods": [
          {
            "closureType": "ROAD_CLOSURE",
            "roadextent": "Affected",
            "roadtype": "",
            "direction": "Both directions",
            "finishTime": "5:00pm",
            "fromDay": "Weekdays",
            "startTime": "7:00am",
            "toDay": ""
          }
        ],
        "speedLimit": -1,
        "weblinkUrl": null,
        "expectedDelay": -1,
        "ended": false,
        "isNewIncident": true,
        "publicTransport": "",
        "impactingNetwork": false,
        "subCategoryB": null,
        "arrangementAttachments": [],
        "isInitialReport": false,
        "created": 1791144006000,
        "isMajor": false,
        "name": null,
        "subCategoryA": "Bridge work",
        "adviceA": "Reduce your speed",
        "adviceB": "Allow extra travel time",
        "adviceC": "Follow directions on site",
        "end": 1792044000000,
        "hideEndDate": false,
        "incidentKind": "Planned",
        "mainCategory": "SCHEDULED ROADWORK",
        "lastUpdated": 1791144007683,
        "otherAdvice": "<p>Portable traffic lights will allow motorists to pass in one direction at a time. </p>",
        "arrangementElements": [],
        "diversions": "",
        "additionalInfo": [],
        "weblinkName": null,
        "attendingGroups": null,
        "encodedPolylines": [],
        "duration": null,
        "start": 1791748800000,
        "displayName": "SCHEDULED ROADWORK Bridge work",
        "roads": [
          {
            "conditionTendency": "",
            "crossStreet": "Darlington Point Bridge",
            "delay": "",
            "impactedLanes": [],
            "locationQualifier": "on",
            "mainStreet": "Bridge St",
            "quadrant": "",
            "queueLength": 0,
            "region": "Riverina",
            "secondLocation": "",
            "suburb": "Darlington Point",
            "trafficVolume": ""
          }
        ],
        "isLocalRoad": "State road",
        "CategoryIcon": "Roadworks"
      }
    },
    {
      "type": "Feature",
      "id": 289050,
      "geometry": {
        "type": "Point",
        "coordinates": [
          150.8799709,
          -31.8797098
        ],
        "collections": []
      },
      "properties": {
        "webLinks": [],
        "headline": "",
        "periods": [
          {
            "closureType": "ROAD_CLOSURE",
            "roadextent": "Affected",
            "roadtype": "",
            "direction": "Both directions",
            "finishTime": "5:00pm",
            "fromDay": "Monday",
            "startTime": "7:00am",
            "toDay": ""
          },
          {
            "closureType": "ROAD_CLOSURE",
            "roadextent": "Affected",
            "roadtype": "",
            "direction": "Both directions",
            "finishTime": "5:00pm",
            "fromDay": "Tuesday",
            "startTime": "7:00am",
            "toDay": ""
          },
          {
            "closureType": "ROAD_CLOSURE",
            "roadextent": "Affected",
            "roadtype": "",
            "direction": "Both directions",
            "finishTime": "5:00pm",
            "fromDay": "Wednesday",
            "startTime": "7:00am",
            "toDay": ""
          },
          {
            "closureType": "ROAD_CLOSURE",
            "roadextent": "Affected",
            "roadtype": "",
            "direction": "Both directions",
            "finishTime": "5:00pm",
            "fromDay": "Thursday",
            "startTime": "7:00am",
            "toDay": ""
          }
        ],
        "speedLimit": 40,
        "weblinkUrl": null,
        "expectedDelay": -1,
        "ended": false,
        "isNewIncident": true,
        "publicTransport": "",
        "impactingNetwork": false,
        "subCategoryB": null,
        "arrangementAttachments": [],
        "isInitialReport": false,
        "created": 1791144013000,
        "isMajor": false,
        "name": null,
        "subCategoryA": "Surveying",
        "adviceA": "Allow extra travel time",
        "adviceB": "Reduced speed limit",
        "adviceC": "Check signage",
        "end": 1792044000000,
        "hideEndDate": false,
        "incidentKind": "Planned",
        "mainCategory": "SCHEDULED ROADWORK",
        "lastUpdated": 1791144013681,
        "otherAdvice": "<p>Alternating (stop/slow) traffic conditions will be in place to allow motorists to pass in one direction at a time. Traffic controllers will be on site to direct motorists. </p>",
        "arrangementElements": [],
        "diversions": "",
        "additionalInfo": [],
        "weblinkName": null,
        "attendingGroups": null,
        "encodedPolylines": [],
        "duration": null,
        "start": 1791748800000,
        "displayName": "SCHEDULED ROADWORK Surveying",
        "roads": [
          {
            "conditionTendency": "",
            "crossStreet": "",
            "delay": "",
            "impactedLanes": [],
            "locationQualifier": "at",
            "mainStreet": "New England Highway",
            "quadrant": "",
            "queueLength": 0,
            "region": "Hunter",
            "secondLocation": "",
            "suburb": "Wingen",
            "trafficVolume": ""
          }
        ],
        "isLocalRoad": "State road",
        "CategoryIcon": "Roadworks"
      }
    },
    {
      "type": "Feature",
      "id": 286770,
      "geometry": {
        "type": "Point",
        "coordinates": [
          151.2069694,
          -33.8687088
        ],
        "collections": []
      },
      "properties": {
        "webLinks": [
          {
            "linkText": "King Street Cycleway",
            "linkURL": "https://www.transport.nsw.gov.au/projects/current-projects/king-street-cycleway"
          }
        ],
        "headline": "",
        "periods": [
          {
            "closureType": "ROAD_CLOSURE",
            "roadextent": "Affected",
            "roadtype": "",
            "direction": "Eastbound",
            "finishTime": "11:59pm",
            "fromDay": "Friday",
            "startTime": "10:00pm",
            "toDay": ""
          },
          {
            "closureType": "ROAD_CLOSURE",
            "roadextent": "Affected",
            "roadtype": "",
            "direction": "Eastbound",
            "finishTime": "",
            "fromDay": "Saturday",
            "startTime": "all day",
            "toDay": ""
          },
          {
            "closureType": "ROAD_CLOSURE",
            "roadextent": "Affected",
            "roadtype": "",
            "direction": "Eastbound",
            "finishTime": "",
            "fromDay": "Sunday",
            "startTime": "all day",
            "toDay": ""
          },
          {
            "closureType": "ROAD_CLOSURE",
            "roadextent": "Affected",
            "roadtype": "",
            "direction": "Eastbound",
            "finishTime": "11:59pm",
            "fromDay": "Monday",
            "startTime": "5:00am",
            "toDay": ""
          }
        ],
        "speedLimit": -1,
        "weblinkUrl": null,
        "expectedDelay": -1,
        "ended": false,
        "isNewIncident": false,
        "publicTransport": "",
        "impactingNetwork": false,
        "subCategoryB": null,
        "arrangementAttachments": [],
        "isInitialReport": false,
        "created": 1788214168000,
        "isMajor": false,
        "name": null,
        "subCategoryA": "null",
        "adviceA": "Check signage",
        "adviceB": "Exercise caution",
        "adviceC": "Expect delays",
        "end": 1791742500000,
        "hideEndDate": false,
        "incidentKind": "Planned",
        "mainCategory": "SCHEDULED ROADWORK",
        "lastUpdated": 1791190287802,
        "otherAdvice": "<p>1 (of 3) eastbound lanes will remain closed continuously until 5am Mon 12 Oct.</p><p>Each weekend, a second eastbound lane will be closed from 11pm Sat through to 5am Mon.</p>",
        "arrangementElements": [],
        "diversions": "",
        "additionalInfo": [],
        "weblinkName": null,
        "attendingGroups": null,
        "encodedPolylines": [],
        "duration": null,
        "start": 1790337600000,
        "displayName": "SCHEDULED ROADWORK King Street Cycleway",
        "roads": [
          {
            "conditionTendency": "",
            "crossStreet": "York Street",
            "delay": "",
            "impactedLanes": [],
            "locationQualifier": "between",
            "mainStreet": "King Street",
            "quadrant": "",
            "queueLength": 0,
            "region": "Sydney",
            "secondLocation": "Pitt Street",
            "suburb": "Sydney",
            "trafficVolume": ""
          }
        ],
        "isLocalRoad": "State road",
        "CategoryIcon": "Roadworks"
      }
    },
    {
      "type": "Feature",
      "id": 247166,
      "geometry": {
        "type": "Point",
        "coordinates": [
          150.6404134,
          -34.5599603
        ],
        "collections": []
      },
      "properties": {
        "webLinks": [],
        "headline": "",
        "periods": [
          {
            "closureType": "ROAD_CLOSURE",
            "roadextent": "Affected",
            "roadtype": "Road",
            "direction": "Both directions",
            "finishTime": "",
            "fromDay": "Friday",
            "startTime": "all day",
            "toDay": ""
          },
          {
            "closureType": "ROAD_CLOSURE",
            "roadextent": "Affected",
            "roadtype": "Road",
            "direction": "Both directions",
            "finishTime": "",
            "fromDay": "Saturday",
            "startTime": "all day",
            "toDay": ""
          },
          {
            "closureType": "ROAD_CLOSURE",
            "roadextent": "Closed",
            "roadtype": "Road",
            "direction": "Both directions",
            "finishTime": "4:00am",
            "fromDay": "Sunday",
            "startTime": "8:00pm",
            "toDay": ""
          },
          {
            "closureType": "ROAD_CLOSURE",
            "roadextent": "Closed",
            "roadtype": "Road",
            "direction": "Both directions",
            "finishTime": "4:00am",
            "fromDay": "Monday",
            "startTime": "8:00pm",
            "toDay": ""
          },
          {
            "closureType": "ROAD_CLOSURE",
            "roadextent": "Closed",
            "roadtype": "Road",
            "direction": "Both directions",
            "finishTime": "4:00am",
            "fromDay": "Tuesday",
            "startTime": "8:00pm",
            "toDay": ""
          },
          {
            "closureType": "ROAD_CLOSURE",
            "roadextent": "Closed",
            "roadtype": "Road",
            "direction": "Both directions",
            "finishTime": "4:00am",
            "fromDay": "Wednesday",
            "startTime": "8:00pm",
            "toDay": ""
          },
          {
            "closureType": "ROAD_CLOSURE",
            "roadextent": "Closed",
            "roadtype": "Road",
            "direction": "Both directions",
            "finishTime": "4:00am",
            "fromDay": "Thursday",
            "startTime": "8:00pm",
            "toDay": ""
          }
        ],
        "speedLimit": -1,
        "weblinkUrl": null,
        "expectedDelay": -1,
        "ended": false,
        "isNewIncident": false,
        "publicTransport": "",
        "impactingNetwork": true,
        "subCategoryB": null,
        "arrangementAttachments": [],
        "isInitialReport": false,
        "created": 1756097275000,
        "isMajor": false,
        "name": null,
        "subCategoryA": "Slope stabilisation",
        "adviceA": "Allow extra travel time",
        "adviceB": "Use diversions",
        "adviceC": " ",
        "end": 1798650000000,
        "hideEndDate": true,
        "incidentKind": "Planned",
        "mainCategory": "SCHEDULED ROADWORK",
        "lastUpdated": 1791223205399,
        "otherAdvice": "<p>Outside of work hours, Macquarie Pass will remain open under stop/slow traffic conditions in place at the slope movement site for the safety of road users.</p><p>Motorists are advised to allow approximately 10 minutes of additional travel time.</p><p><br></p>",
        "arrangementElements": [],
        "diversions": "<p>When Macquarie Pass is closed, Light vehicles up to 12 tonnes and 10 metres long can detour via Jamberoo Mountain Road, adding up to 10 minutes to travel times.</p><p>Jamberoo Mountain Road is prohibited to heavy vehicles over 12 tonnes and over 10 metres, including cars towing caravans and trailers. These vehicles can detour via the Hume Motorway, Picton Road and the M1 Princes Motorway, adding up to 20 minutes to travel times.</p>",
        "additionalInfo": [],
        "weblinkName": null,
        "attendingGroups": null,
        "encodedPolylines": [],
        "duration": null,
        "start": 1756116000000,
        "displayName": "SCHEDULED ROADWORK Slope stabilisation",
        "roads": [
          {
            "conditionTendency": "",
            "crossStreet": "Tongarra Mine Road",
            "delay": "",
            "impactedLanes": [],
            "locationQualifier": "between",
            "mainStreet": "Illawarra Highway",
            "quadrant": "",
            "queueLength": 0,
            "region": "South Coast",
            "secondLocation": "Mount Murray Road",
            "suburb": "Macquarie Pass",
            "trafficVolume": ""
          }
        ],
        "isLocalRoad": "State road",
        "CategoryIcon": "Roadworks"
      }
    },
    {
      "type": "Feature",
      "id": 289128,
      "geometry": {
        "type": "Point",
        "coordinates": [
          150.129293,
          -35.817423
        ],
        "collections": []
      },
      "properties": {
        "webLinks": [],
        "headline": "",
        "periods": [
          {
            "closureType": "ROAD_CLOSURE",
            "roadextent": "Affected",
            "roadtype": "",
            "direction": "Both directions",
            "finishTime": "6:00pm",
            "fromDay": "Weekdays",
            "startTime": "6:00am",
            "toDay": ""
          }
        ],
        "speedLimit": 40,
        "weblinkUrl": null,
        "expectedDelay": -1,
        "ended": false,
        "isNewIncident": true,
        "publicTransport": "",
        "impactingNetwork": false,
        "subCategoryB": null,
        "arrangementAttachments": [
          {
            "displayName": "Work_Area",
            "fileName": "Work_Area.png",
            "fileType": "PNG",
            "linkName": "Work_Area",
            "sizeInBytes": 52539,
            "uniqueFileName": "382215_1790303307016_Work_Area.png"
          }
        ],
        "isInitialReport": false,
        "created": 1791239445000,
        "isMajor": false,
        "name": null,
        "subCategoryA": "null",
        "adviceA": "Reduced speed limit",
        "adviceB": "Check signage",
        "adviceC": "Exercise caution",
        "end": 1793948400000,
        "hideEndDate": false,
        "incidentKind": "Planned",
        "mainCategory": "SCHEDULED ROADWORK",
        "lastUpdated": 1791239446898,
        "otherAdvice": "<p>Single lane closures are in place. </p><p>Motorists are advised to allow approximately 5 minutes of additional travel time. </p>",
        "arrangementElements": [],
        "diversions": "",
        "additionalInfo": [],
        "weblinkName": null,
        "attendingGroups": null,
        "encodedPolylines": [],
        "duration": null,
        "start": 1791831600000,
        "displayName": "SCHEDULED ROADWORK",
        "roads": [
          {
            "conditionTendency": "",
            "crossStreet": "Old Mossy Point Rd",
            "delay": "",
            "impactedLanes": [],
            "locationQualifier": "at",
            "mainStreet": "Princes Highway",
            "quadrant": "",
            "queueLength": 0,
            "region": "South Coast",
            "secondLocation": "",
            "suburb": "Bimbimbie",
            "trafficVolume": ""
          }
        ],
        "isLocalRoad": "State road",
        "CategoryIcon": "Roadworks"
      }
    },
    {
      "type": "Feature",
      "id": 290062,
      "geometry": {
        "type": "Point",
        "coordinates": [
          150.611677,
          -33.751141
        ],
        "collections": []
      },
      "properties": {
        "webLinks": [],
        "headline": "",
        "periods": [
          {
            "closureType": "ROAD_CLOSURE",
            "roadextent": "Affected",
            "roadtype": "",
            "direction": "Both directions",
            "finishTime": "5:00am",
            "fromDay": "Sunday",
            "startTime": "8:00pm",
            "toDay": ""
          },
          {
            "closureType": "ROAD_CLOSURE",
            "roadextent": "Affected",
            "roadtype": "",
            "direction": "Both directions",
            "finishTime": "5:00am",
            "fromDay": "Monday",
            "startTime": "8:00pm",
            "toDay": ""
          },
          {
            "closureType": "ROAD_CLOSURE",
            "roadextent": "Affected",
            "roadtype": "",
            "direction": "Both directions",
            "finishTime": "5:00am",
            "fromDay": "Tuesday",
            "startTime": "8:00pm",
            "toDay": ""
          },
          {
            "closureType": "ROAD_CLOSURE",
            "roadextent": "Affected",
            "roadtype": "",
            "direction": "Both directions",
            "finishTime": "5:00am",
            "fromDay": "Wednesday",
            "startTime": "8:00pm",
            "toDay": ""
          },
          {
            "closureType": "ROAD_CLOSURE",
            "roadextent": "Affected",
            "roadtype": "",
            "direction": "Both directions",
            "finishTime": "5:00am",
            "fromDay": "Thursday",
            "startTime": "8:00pm",
            "toDay": ""
          }
        ],
        "speedLimit": 40,
        "weblinkUrl": null,
        "expectedDelay": -1,
        "ended": false,
        "isNewIncident": true,
        "publicTransport": "",
        "impactingNetwork": false,
        "subCategoryB": null,
        "arrangementAttachments": [],
        "isInitialReport": false,
        "created": 1791240037000,
        "isMajor": false,
        "name": null,
        "subCategoryA": "null",
        "adviceA": "Reduced speed limit",
        "adviceB": "Check signage",
        "adviceC": "Allow extra travel time",
        "end": 1794765600000,
        "hideEndDate": false,
        "incidentKind": "Planned",
        "mainCategory": "SCHEDULED ROADWORK",
        "lastUpdated": 1791240037675,
        "otherAdvice": "<p>Alternating (stop/slow) traffic conditions will be in place to allow motorists to pass in one direction at a time. </p>",
        "arrangementElements": [],
        "diversions": "",
        "additionalInfo": [],
        "weblinkName": null,
        "attendingGroups": null,
        "encodedPolylines": [],
        "duration": null,
        "start": 1793523600000,
        "displayName": "SCHEDULED ROADWORK",
        "roads": [
          {
            "conditionTendency": "",
            "crossStreet": "St Johns Road",
            "delay": "",
            "impactedLanes": [],
            "locationQualifier": "between",
            "mainStreet": "Great Western Highway",
            "quadrant": "",
            "queueLength": 0,
            "region": "Blue Mountains",
            "secondLocation": "Mount Street",
            "suburb": "Blaxland",
            "trafficVolume": ""
          }
        ],
        "isLocalRoad": "State road",
        "CategoryIcon": "Roadworks"
      }
    },
    {
      "type": "Feature",
      "id": 284958,
      "geometry": {
        "type": "Point",
        "coordinates": [
          152.8436528,
          -30.4207152
        ],
        "collections": []
      },
      "properties": {
        "webLinks": [],
        "headline": "",
        "periods": [
          {
            "closureType": "ROAD_CLOSURE",
            "roadextent": "Affected",
            "roadtype": "",
            "direction": "Both directions",
            "finishTime": "",
            "fromDay": "Every Day",
            "startTime": "all day",
            "toDay": ""
          }
        ],
        "speedLimit": 40,
        "weblinkUrl": null,
        "expectedDelay": -1,
        "ended": false,
        "isNewIncident": false,
        "publicTransport": "",
        "impactingNetwork": true,
        "subCategoryB": null,
        "arrangementAttachments": [],
        "isInitialReport": false,
        "created": 1786943481000,
        "isMajor": false,
        "name": null,
        "subCategoryA": "Slope stabilisation",
        "adviceA": "Reduced speed limit",
        "adviceB": "Exercise caution",
        "adviceC": "Allow extra travel time",
        "end": 1809007200000,
        "hideEndDate": true,
        "incidentKind": "Planned",
        "mainCategory": "SCHEDULED ROADWORK",
        "lastUpdated": 1791240984202,
        "otherAdvice": "<p>Portable traffic lights will allow motorists to pass in one direction at a time.</p><p>Motorists are advised to allow approximately 10 minutes of additional travel time.</p><p>There is no access for vehicles wider than 3 metres.</p>",
        "arrangementElements": [],
        "diversions": "<p><strong>Vehicles wider than 3m:</strong> use an alternative route such as the Oxley Hwy (check travel conditions), Gwydir Hwy or New England Hwy. </p><p>Unless specified otherwise, operators of Class 1,2 &amp; 3 vehicles travelling under a Notice <strong>must</strong> consult their relevant enforceable network map to confirm a suitable <strong>approved</strong> alternative route.</p><p>Operators of Class 1, 2 &amp; 3 vehicles travelling under a Permit <strong>must not</strong> travel off the approved route listed in the permit unless an updated permit is obtained from the NHVR.</p>",
        "additionalInfo": [],
        "weblinkName": null,
        "attendingGroups": null,
        "encodedPolylines": [],
        "duration": null,
        "start": 1785679200000,
        "displayName": "SCHEDULED ROADWORK Slope stabilisation Gordonville Cutting",
        "roads": [
          {
            "conditionTendency": "",
            "crossStreet": "Horseshoe Road",
            "delay": "",
            "impactedLanes": [],
            "locationQualifier": "between",
            "mainStreet": "Waterfall Way",
            "quadrant": "",
            "queueLength": 0,
            "region": "North Coast NSW",
            "secondLocation": "Boggy Creek Road",
            "suburb": "West of Bellingen",
            "trafficVolume": ""
          }
        ],
        "isLocalRoad": "State road",
        "CategoryIcon": "Roadworks"
      }
    },
    {
      "type": "Feature",
      "id": 290066,
      "geometry": {
        "type": "Point",
        "coordinates": [
          151.1901251,
          -33.9247703
        ],
        "collections": []
      },
      "properties": {
        "webLinks": [],
        "headline": "",
        "periods": [
          {
            "closureType": "ROAD_CLOSURE",
            "roadextent": "Affected",
            "roadtype": "",
            "direction": "All directions",
            "finishTime": "5:00pm",
            "fromDay": "Sunday",
            "startTime": "9:00pm",
            "toDay": ""
          },
          {
            "closureType": "ROAD_CLOSURE",
            "roadextent": "Affected",
            "roadtype": "",
            "direction": "All directions",
            "finishTime": "5:00pm",
            "fromDay": "Monday",
            "startTime": "9:00pm",
            "toDay": ""
          },
          {
            "closureType": "ROAD_CLOSURE",
            "roadextent": "Affected",
            "roadtype": "",
            "direction": "All directions",
            "finishTime": "5:00pm",
            "fromDay": "Tuesday",
            "startTime": "9:00pm",
            "toDay": ""
          },
          {
            "closureType": "ROAD_CLOSURE",
            "roadextent": "Affected",
            "roadtype": "",
            "direction": "All directions",
            "finishTime": "5:00pm",
            "fromDay": "Wednesday",
            "startTime": "9:00pm",
            "toDay": ""
          },
          {
            "closureType": "ROAD_CLOSURE",
            "roadextent": "Affected",
            "roadtype": "",
            "direction": "All directions",
            "finishTime": "5:00pm",
            "fromDay": "Thursday",
            "startTime": "9:00pm",
            "toDay": ""
          }
        ],
        "speedLimit": 40,
        "weblinkUrl": null,
        "expectedDelay": -1,
        "ended": false,
        "isNewIncident": true,
        "publicTransport": "",
        "impactingNetwork": false,
        "subCategoryB": null,
        "arrangementAttachments": [],
        "isInitialReport": false,
        "created": 1791242105000,
        "isMajor": false,
        "name": null,
        "subCategoryA": "Maintenance",
        "adviceA": "Reduced speed limit",
        "adviceB": "Allow extra travel time",
        "adviceC": "Check signage",
        "end": 1793556900000,
        "hideEndDate": false,
        "incidentKind": "Planned",
        "mainCategory": "SCHEDULED ROADWORK",
        "lastUpdated": 1791242106490,
        "otherAdvice": "<p>Alternating (stop/slow) traffic conditions will be in place to allow motorists to pass in one direction at a time.</p><p>Traffic lights in the area may be blacked out or flashing yellow.</p>",
        "arrangementElements": [],
        "diversions": "",
        "additionalInfo": [],
        "weblinkName": null,
        "attendingGroups": null,
        "encodedPolylines": [],
        "duration": null,
        "start": 1792058400000,
        "displayName": "SCHEDULED ROADWORK Maintenance",
        "roads": [
          {
            "conditionTendency": "",
            "crossStreet": "Bourke Road",
            "delay": "",
            "impactedLanes": [],
            "locationQualifier": "between",
            "mainStreet": "Coward Street",
            "quadrant": "",
            "queueLength": 0,
            "region": "Sydney",
            "secondLocation": "Oliver Street",
            "suburb": "Mascot",
            "trafficVolume": ""
          }
        ],
        "isLocalRoad": "State road",
        "CategoryIcon": "Roadworks"
      }
    },
    {
      "type": "Feature",
      "id": 209680,
      "geometry": {
        "type": "Point",
        "coordinates": [
          150.979815,
          -33.387231
        ],
        "collections": []
      },
      "properties": {
        "webLinks": [],
        "headline": "",
        "periods": [
          {
            "closureType": "ROAD_CLOSURE",
            "roadextent": "Closed",
            "roadtype": "Ferry",
            "direction": "Both directions",
            "finishTime": "12:00pm",
            "fromDay": "Tuesday",
            "startTime": "9:30am",
            "toDay": ""
          }
        ],
        "speedLimit": -1,
        "weblinkUrl": null,
        "expectedDelay": -1,
        "ended": false,
        "isNewIncident": false,
        "publicTransport": "",
        "impactingNetwork": false,
        "subCategoryB": null,
        "arrangementAttachments": [
          {
            "displayName": "Webbs Creek Ferry detour map",
            "fileName": "Webbs Creek Ferry detour map.png",
            "fileType": "PNG",
            "linkName": "Webbs Creek Ferry detour map",
            "sizeInBytes": 206588,
            "uniqueFileName": "892777_1762407062629_Webbs Creek Ferry detour map.png"
          }
        ],
        "isInitialReport": false,
        "created": 1727725095000,
        "isMajor": false,
        "name": null,
        "subCategoryA": "Routine maintenance",
        "adviceA": "Use diversions",
        "adviceB": "Plan your journey",
        "adviceC": "Allow extra travel time",
        "end": 1793690100000,
        "hideEndDate": false,
        "incidentKind": "Planned",
        "mainCategory": "FERRY OUT OF SERVICE",
        "lastUpdated": 1791248465649,
        "otherAdvice": "<p>Routine maintenance for Webbs Creek Ferry is scheduled on the first Tuesday of every month between 9:30am and midday.</p>",
        "arrangementElements": [],
        "diversions": "<p><strong>Eastbound:</strong> St Albans Rd, Settlers Rd, Wisemans Ferry Rd, catch the Wisemans Ferry, Old Northern Rd, to River Rd.</p><p><strong>Westbound:</strong> River Rd, Old Northern Rd, catch the Wisemans Ferry, Wisemans Ferry Rd, Settlers Rd to St Albans Rd.</p>",
        "additionalInfo": [],
        "weblinkName": null,
        "attendingGroups": null,
        "encodedPolylines": [],
        "duration": null,
        "start": 1793624400000,
        "displayName": "SCHEDULED FERRY MAINTENANCE",
        "roads": [
          {
            "conditionTendency": "",
            "crossStreet": "River Road",
            "delay": "",
            "impactedLanes": [],
            "locationQualifier": "between",
            "mainStreet": "Webbs Creek Ferry",
            "quadrant": "",
            "queueLength": 0,
            "region": "Sydney",
            "secondLocation": "St Albans Road",
            "suburb": "Wisemans Ferry",
            "trafficVolume": ""
          }
        ],
        "isLocalRoad": "State road",
        "CategoryIcon": "Hazard"
      }
    },
    {
      "type": "Feature",
      "id": 290117,
      "geometry": {
        "type": "Point",
        "coordinates": [
          151.0734124,
          -33.9434385
        ],
        "collections": []
      },
      "properties": {
        "webLinks": [],
        "headline": "",
        "periods": [
          {
            "closureType": "ROAD_CLOSURE",
            "roadextent": "Closed",
            "roadtype": "Off-ramp",
            "direction": "Eastbound",
            "finishTime": "4:30am",
            "fromDay": "Sunday",
            "startTime": "9:30pm",
            "toDay": ""
          },
          {
            "closureType": "ROAD_CLOSURE",
            "roadextent": "Closed",
            "roadtype": "Off-ramp",
            "direction": "Eastbound",
            "finishTime": "4:30am",
            "fromDay": "Monday",
            "startTime": "9:30pm",
            "toDay": ""
          },
          {
            "closureType": "ROAD_CLOSURE",
            "roadextent": "Closed",
            "roadtype": "Off-ramp",
            "direction": "Eastbound",
            "finishTime": "4:30am",
            "fromDay": "Tuesday",
            "startTime": "9:30pm",
            "toDay": ""
          },
          {
            "closureType": "ROAD_CLOSURE",
            "roadextent": "Closed",
            "roadtype": "Off-ramp",
            "direction": "Eastbound",
            "finishTime": "4:30am",
            "fromDay": "Wednesday",
            "startTime": "9:30pm",
            "toDay": ""
          },
          {
            "closureType": "ROAD_CLOSURE",
            "roadextent": "Closed",
            "roadtype": "Off-ramp",
            "direction": "Eastbound",
            "finishTime": "4:30am",
            "fromDay": "Thursday",
            "startTime": "9:30pm",
            "toDay": ""
          }
        ],
        "speedLimit": -1,
        "weblinkUrl": null,
        "expectedDelay": -1,
        "ended": false,
        "isNewIncident": true,
        "publicTransport": "",
        "impactingNetwork": false,
        "subCategoryB": null,
        "arrangementAttachments": [],
        "isInitialReport": false,
        "created": 1791265955000,
        "isMajor": false,
        "name": null,
        "subCategoryA": "Resurfacing",
        "adviceA": "Use an alternative route",
        "adviceB": "Plan your journey",
        "adviceC": "Allow extra travel time",
        "end": 1792690200000,
        "hideEndDate": false,
        "incidentKind": "Planned",
        "mainCategory": "SCHEDULED ROADWORK",
        "lastUpdated": 1791265956416,
        "otherAdvice": "<p>Only this ramp is closing; the motorway will remain open with a reduced speed limit in place.</p>",
        "arrangementElements": [],
        "diversions": "<p>Bexley Rd and Canterbury Rd to King Georges Rd.</p>",
        "additionalInfo": [],
        "weblinkName": null,
        "attendingGroups": null,
        "encodedPolylines": [],
        "duration": null,
        "start": 1792327500000,
        "displayName": "SCHEDULED ROADWORK Resurfacing",
        "roads": [
          {
            "conditionTendency": "",
            "crossStreet": "King Georges Road",
            "delay": "",
            "impactedLanes": [],
            "locationQualifier": "to",
            "mainStreet": "M5 Motorway eastbound off-ramp",
            "quadrant": "",
            "queueLength": 0,
            "region": "Sydney",
            "secondLocation": "",
            "suburb": "Beverly Hills",
            "trafficVolume": ""
          }
        ],
        "isLocalRoad": "State road",
        "CategoryIcon": "Roadworks"
      }
    },
    {
      "type": "Feature",
      "id": 288695,
      "geometry": {
        "type": "Point",
        "coordinates": [
          150.311876,
          -33.711047
        ],
        "collections": []
      },
      "properties": {
        "webLinks": [],
        "headline": "",
        "periods": [
          {
            "closureType": "ROAD_CLOSURE",
            "roadextent": "Affected",
            "roadtype": "",
            "direction": "Both directions",
            "finishTime": "5:00am",
            "fromDay": "Weekday Nights",
            "startTime": "8:00pm",
            "toDay": ""
          },
          {
            "closureType": "ROAD_CLOSURE",
            "roadextent": "Affected",
            "roadtype": "",
            "direction": "Both directions",
            "finishTime": "5:00am",
            "fromDay": "Sunday",
            "startTime": "8:00pm",
            "toDay": ""
          }
        ],
        "speedLimit": 40,
        "weblinkUrl": null,
        "expectedDelay": -1,
        "ended": false,
        "isNewIncident": false,
        "publicTransport": "",
        "impactingNetwork": false,
        "subCategoryB": null,
        "arrangementAttachments": [
          {
            "displayName": "KatoombaAsphaltHPSep",
            "fileName": "KatoombaAsphaltHPSep.png",
            "fileType": "PNG",
            "linkName": "KatoombaAsphaltHPSep",
            "sizeInBytes": 451557,
            "uniqueFileName": "266443_1789971813532_KatoombaAsphaltHPSep.png"
          }
        ],
        "isInitialReport": false,
        "created": 1789971968000,
        "isMajor": false,
        "name": null,
        "subCategoryA": "Resurfacing",
        "adviceA": "Reduced speed limit",
        "adviceB": "Check signage",
        "adviceC": "Exercise caution",
        "end": 1795716000000,
        "hideEndDate": false,
        "incidentKind": "Planned",
        "mainCategory": "SCHEDULED ROADWORK",
        "lastUpdated": 1791279847177,
        "otherAdvice": "<p>Traffic controllers will be on site to direct motorists. Contraflow traffic conditions will be in place to allow motorists to pass in both directions. Local residents will be allowed access. Motorists are advised to allow approximately 5 minutes of additional travel time. </p>",
        "arrangementElements": [],
        "diversions": "",
        "additionalInfo": [],
        "weblinkName": null,
        "attendingGroups": null,
        "encodedPolylines": [],
        "duration": null,
        "start": 1790503200000,
        "displayName": "SCHEDULED ROADWORK Resurfacing",
        "roads": [
          {
            "conditionTendency": "",
            "crossStreet": "Civic Place",
            "delay": "",
            "impactedLanes": [],
            "locationQualifier": "between",
            "mainStreet": "Great Western Highway",
            "quadrant": "",
            "queueLength": 0,
            "region": "Blue Mountains",
            "secondLocation": "Tableland Road",
            "suburb": "Katoomba to Wentworth Falls",
            "trafficVolume": ""
          }
        ],
        "isLocalRoad": "State road",
        "CategoryIcon": "Roadworks"
      }
    },
    {
      "type": "Feature",
      "id": 286711,
      "geometry": {
        "type": "Point",
        "coordinates": [
          150.9285103,
          -33.9141529
        ],
        "collections": []
      },
      "properties": {
        "webLinks": [],
        "headline": "",
        "periods": [
          {
            "closureType": "ROAD_CLOSURE",
            "roadextent": "Affected",
            "roadtype": "",
            "direction": "Both directions",
            "finishTime": "5:00am",
            "fromDay": "Tuesday",
            "startTime": "10:30pm",
            "toDay": ""
          },
          {
            "closureType": "ROAD_CLOSURE",
            "roadextent": "Affected",
            "roadtype": "",
            "direction": "Both directions",
            "finishTime": "5:00am",
            "fromDay": "Wednesday",
            "startTime": "10:30pm",
            "toDay": ""
          },
          {
            "closureType": "ROAD_CLOSURE",
            "roadextent": "Affected",
            "roadtype": "",
            "direction": "Both directions",
            "finishTime": "5:00am",
            "fromDay": "Thursday",
            "startTime": "10:30pm",
            "toDay": ""
          }
        ],
        "speedLimit": 40,
        "weblinkUrl": null,
        "expectedDelay": -1,
        "ended": false,
        "isNewIncident": false,
        "publicTransport": "",
        "impactingNetwork": false,
        "subCategoryB": null,
        "arrangementAttachments": [],
        "isInitialReport": false,
        "created": 1788156411000,
        "isMajor": false,
        "name": null,
        "subCategoryA": "Resurfacing",
        "adviceA": "Reduced speed limit",
        "adviceB": "Follow directions on site",
        "adviceC": "Allow extra travel time",
        "end": 1792088100000,
        "hideEndDate": false,
        "incidentKind": "Planned",
        "mainCategory": "SCHEDULED ROADWORK",
        "lastUpdated": 1790881248219,
        "otherAdvice": "<p>Portable traffic control devices will allow motorists to pass in one direction at a time. </p>",
        "arrangementElements": [],
        "diversions": "",
        "additionalInfo": [],
        "weblinkName": null,
        "attendingGroups": null,
        "encodedPolylines": [],
        "duration": null,
        "start": 1791286200000,
        "displayName": "SCHEDULED ROADWORK Resurfacing",
        "roads": [
          {
            "conditionTendency": "",
            "crossStreet": "Campbell Street",
            "delay": "",
            "impactedLanes": [],
            "locationQualifier": "between",
            "mainStreet": "Hume Highway",
            "quadrant": "",
            "queueLength": 0,
            "region": "Sydney",
            "secondLocation": "Governor Macquarie Drive",
            "suburb": "Warwick Farm",
            "trafficVolume": ""
          }
        ],
        "isLocalRoad": "State road",
        "CategoryIcon": "Roadworks"
      }
    },
    {
      "type": "Feature",
      "id": 290139,
      "geometry": {
        "type": "Point",
        "coordinates": [
          151.097462,
          -33.697063
        ],
        "collections": []
      },
      "properties": {
        "webLinks": [],
        "headline": "",
        "periods": [
          {
            "closureType": "ROAD_CLOSURE",
            "roadextent": "Affected",
            "roadtype": "",
            "direction": "Both directions",
            "finishTime": "5:00am",
            "fromDay": "Monday",
            "startTime": "9:00pm",
            "toDay": ""
          }
        ],
        "speedLimit": 40,
        "weblinkUrl": null,
        "expectedDelay": -1,
        "ended": false,
        "isNewIncident": true,
        "publicTransport": "",
        "impactingNetwork": false,
        "subCategoryB": null,
        "arrangementAttachments": [],
        "isInitialReport": false,
        "created": 1791289017000,
        "isMajor": false,
        "name": null,
        "subCategoryA": "Utilities",
        "adviceA": "Allow extra travel time",
        "adviceB": "Check signage",
        "adviceC": "Reduced speed limit",
        "end": 1793729700000,
        "hideEndDate": false,
        "incidentKind": "Planned",
        "mainCategory": "SCHEDULED ROADWORK",
        "lastUpdated": 1791289018404,
        "otherAdvice": "<p>Traffic lights in the area may be blacked out or flashing yellow and portable traffic lights will allow motorists to pass in one direction at a time. </p>",
        "arrangementElements": [],
        "diversions": "",
        "additionalInfo": [],
        "weblinkName": null,
        "attendingGroups": null,
        "encodedPolylines": [],
        "duration": null,
        "start": 1793613600000,
        "displayName": "SCHEDULED ROADWORK Utilities",
        "roads": [
          {
            "conditionTendency": "",
            "crossStreet": "Roper Lane",
            "delay": "",
            "impactedLanes": [],
            "locationQualifier": "between",
            "mainStreet": "Bridge Road",
            "quadrant": "",
            "queueLength": 0,
            "region": "Sydney",
            "secondLocation": "Sherbrook Road",
            "suburb": "Hornsby",
            "trafficVolume": ""
          }
        ],
        "isLocalRoad": "State road",
        "CategoryIcon": "Roadworks"
      }
    },
    {
      "type": "Feature",
      "id": 282642,
      "geometry": {
        "type": "Point",
        "coordinates": [
          151.1459093,
          -33.8022332
        ],
        "collections": []
      },
      "properties": {
        "webLinks": [],
        "headline": "",
        "periods": [
          {
            "closureType": "ROAD_CLOSURE",
            "roadextent": "Closed",
            "roadtype": "Tunnel",
            "direction": "Both directions",
            "finishTime": "5:00am",
            "fromDay": "Monday",
            "startTime": "10:00pm",
            "toDay": ""
          },
          {
            "closureType": "ROAD_CLOSURE",
            "roadextent": "Closed",
            "roadtype": "Tunnel",
            "direction": "Both directions",
            "finishTime": "5:00am",
            "fromDay": "Tuesday",
            "startTime": "10:00pm",
            "toDay": ""
          },
          {
            "closureType": "ROAD_CLOSURE",
            "roadextent": "Closed",
            "roadtype": "Tunnel",
            "direction": "Westbound",
            "finishTime": "5:00am",
            "fromDay": "Wednesday",
            "startTime": "10:00pm",
            "toDay": ""
          },
          {
            "closureType": "ROAD_CLOSURE",
            "roadextent": "Closed",
            "roadtype": "Tunnel",
            "direction": "Westbound",
            "finishTime": "5:00am",
            "fromDay": "Thursday",
            "startTime": "10:00pm",
            "toDay": ""
          }
        ],
        "speedLimit": -1,
        "weblinkUrl": null,
        "expectedDelay": -1,
        "ended": false,
        "isNewIncident": false,
        "publicTransport": "",
        "impactingNetwork": true,
        "subCategoryB": null,
        "arrangementAttachments": [],
        "isInitialReport": false,
        "created": 1785113167000,
        "isMajor": false,
        "name": null,
        "subCategoryA": "Maintenance",
        "adviceA": "Use diversions",
        "adviceB": "Plan your journey",
        "adviceC": "Allow extra travel time",
        "end": 1795716000000,
        "hideEndDate": false,
        "incidentKind": "Planned",
        "mainCategory": "SCHEDULED ROADWORK",
        "lastUpdated": 1791290721157,
        "otherAdvice": "",
        "arrangementElements": [],
        "diversions": "<p><strong>Eastbound:</strong> M2 Mwy off-ramp to Delhi Rd, then Epping Rd. </p><p><strong>Westbound:</strong> Epping Rd. </p><p>These diversions are suitable for all vehicles.</p>",
        "additionalInfo": [],
        "weblinkName": null,
        "attendingGroups": null,
        "encodedPolylines": [],
        "duration": null,
        "start": 1795431600000,
        "displayName": "SCHEDULED ROADWORK Maintenance",
        "roads": [
          {
            "conditionTendency": "",
            "crossStreet": "Delhi Road and Mowbray Road",
            "delay": "",
            "impactedLanes": [],
            "locationQualifier": "between",
            "mainStreet": "Lane Cove Tunnel",
            "quadrant": "",
            "queueLength": 0,
            "region": "Sydney",
            "secondLocation": "Reserve Road",
            "suburb": "Macquarie Park to Artarmon",
            "trafficVolume": ""
          }
        ],
        "isLocalRoad": "State road",
        "CategoryIcon": "Roadworks"
      }
    },
    {
      "type": "Feature",
      "id": 282100,
      "geometry": {
        "type": "Point",
        "coordinates": [
          151.179574,
          -32.568287
        ],
        "collections": []
      },
      "properties": {
        "webLinks": [],
        "headline": "",
        "periods": [
          {
            "closureType": "ROAD_CLOSURE",
            "roadextent": "Affected",
            "roadtype": "",
            "direction": "All directions",
            "finishTime": "5:00am",
            "fromDay": "Sunday",
            "startTime": "8:00pm",
            "toDay": ""
          },
          {
            "closureType": "ROAD_CLOSURE",
            "roadextent": "Affected",
            "roadtype": "",
            "direction": "All directions",
            "finishTime": "5:00am",
            "fromDay": "Monday",
            "startTime": "8:00pm",
            "toDay": ""
          },
          {
            "closureType": "ROAD_CLOSURE",
            "roadextent": "Affected",
            "roadtype": "",
            "direction": "All directions",
            "finishTime": "5:00am",
            "fromDay": "Tuesday",
            "startTime": "8:00pm",
            "toDay": ""
          },
          {
            "closureType": "ROAD_CLOSURE",
            "roadextent": "Affected",
            "roadtype": "",
            "direction": "All directions",
            "finishTime": "5:00am",
            "fromDay": "Wednesday",
            "startTime": "8:00pm",
            "toDay": ""
          },
          {
            "closureType": "ROAD_CLOSURE",
            "roadextent": "Affected",
            "roadtype": "",
            "direction": "All directions",
            "finishTime": "5:00am",
            "fromDay": "Thursday",
            "startTime": "8:30pm",
            "toDay": ""
          }
        ],
        "speedLimit": 40,
        "weblinkUrl": null,
        "expectedDelay": -1,
        "ended": false,
        "isNewIncident": false,
        "publicTransport": "",
        "impactingNetwork": false,
        "subCategoryB": null,
        "arrangementAttachments": [],
        "isInitialReport": false,
        "created": 1784599560000,
        "isMajor": false,
        "name": null,
        "subCategoryA": "Intersection upgrade",
        "adviceA": "Reduced speed limit",
        "adviceB": "Follow directions on site",
        "adviceC": "Allow extra travel time",
        "end": 1794507300000,
        "hideEndDate": false,
        "incidentKind": "Planned",
        "mainCategory": "SCHEDULED ROADWORK",
        "lastUpdated": 1791297548347,
        "otherAdvice": "<p>Traffic lights at the intersection of New England Hwy and York St/Boundary St will be blacked out or flashing, and portable traffic lights will allow motorists to pass in one direction at a time.</p>",
        "arrangementElements": [],
        "diversions": "",
        "additionalInfo": [],
        "weblinkName": null,
        "attendingGroups": null,
        "encodedPolylines": [],
        "duration": null,
        "start": 1792458240000,
        "displayName": "SCHEDULED ROADWORK Intersection upgrade",
        "roads": [
          {
            "conditionTendency": "",
            "crossStreet": "Kennedy Street",
            "delay": "",
            "impactedLanes": [],
            "locationQualifier": "between",
            "mainStreet": "New England Highway",
            "quadrant": "",
            "queueLength": 0,
            "region": "Hunter",
            "secondLocation": "Percy Street",
            "suburb": "Singleton",
            "trafficVolume": ""
          }
        ],
        "isLocalRoad": "State road",
        "CategoryIcon": "Roadworks"
      }
    },
    {
      "type": "Feature",
      "id": 290141,
      "geometry": {
        "type": "Point",
        "coordinates": [
          151.105636,
          -34.029841
        ],
        "collections": []
      },
      "properties": {
        "webLinks": [],
        "headline": "",
        "periods": [
          {
            "closureType": "ROAD_CLOSURE",
            "roadextent": "Affected",
            "roadtype": "",
            "direction": "Both directions",
            "finishTime": "5:00am",
            "fromDay": "Sunday",
            "startTime": "10:00pm",
            "toDay": ""
          },
          {
            "closureType": "ROAD_CLOSURE",
            "roadextent": "Affected",
            "roadtype": "",
            "direction": "Both directions",
            "finishTime": "5:00am",
            "fromDay": "Monday",
            "startTime": "10:00pm",
            "toDay": ""
          },
          {
            "closureType": "ROAD_CLOSURE",
            "roadextent": "Affected",
            "roadtype": "",
            "direction": "Both directions",
            "finishTime": "5:00am",
            "fromDay": "Tuesday",
            "startTime": "10:00pm",
            "toDay": ""
          },
          {
            "closureType": "ROAD_CLOSURE",
            "roadextent": "Affected",
            "roadtype": "",
            "direction": "Both directions",
            "finishTime": "5:00am",
            "fromDay": "Wednesday",
            "startTime": "10:00pm",
            "toDay": ""
          },
          {
            "closureType": "ROAD_CLOSURE",
            "roadextent": "Affected",
            "roadtype": "",
            "direction": "Both directions",
            "finishTime": "5:00am",
            "fromDay": "Thursday",
            "startTime": "10:00pm",
            "toDay": ""
          }
        ],
        "speedLimit": 40,
        "weblinkUrl": null,
        "expectedDelay": -1,
        "ended": false,
        "isNewIncident": true,
        "publicTransport": "",
        "impactingNetwork": false,
        "subCategoryB": null,
        "arrangementAttachments": [],
        "isInitialReport": false,
        "created": 1791298571000,
        "isMajor": false,
        "name": null,
        "subCategoryA": "Resurfacing",
        "adviceA": "Allow extra travel time",
        "adviceB": "Check signage",
        "adviceC": "Reduced speed limit",
        "end": 1797790500000,
        "hideEndDate": false,
        "incidentKind": "Planned",
        "mainCategory": "SCHEDULED ROADWORK",
        "lastUpdated": 1791298571483,
        "otherAdvice": "<p>Traffic lights in the area may be blacked out or flashing yellow and alternating (stop/slow) traffic conditions will be in place to allow motorists to pass in one direction at a time. </p><p><strong>There will be no work on Sun 13 Dec between 10pm and 12am. Work will commence at 1am on Mon 14 Dec.</strong></p>",
        "arrangementElements": [],
        "diversions": "",
        "additionalInfo": [],
        "weblinkName": null,
        "attendingGroups": null,
        "encodedPolylines": [],
        "duration": null,
        "start": 1795950000000,
        "displayName": "SCHEDULED ROADWORK Resurfacing",
        "roads": [
          {
            "conditionTendency": "",
            "crossStreet": "The Boulevarde",
            "delay": "",
            "impactedLanes": [],
            "locationQualifier": "between",
            "mainStreet": "Port Hacking Road",
            "quadrant": "",
            "queueLength": 0,
            "region": "Sydney",
            "secondLocation": "Taren Point Road",
            "suburb": "Miranda",
            "trafficVolume": ""
          }
        ],
        "isLocalRoad": "State road",
        "CategoryIcon": "Roadworks"
      }
    },
    {
      "type": "Feature",
      "id": 281206,
      "geometry": {
        "type": "Point",
        "coordinates": [
          151.1637493,
          -33.8106772
        ],
        "collections": []
      },
      "properties": {
        "webLinks": [],
        "headline": "",
        "periods": [
          {
            "closureType": "ROAD_CLOSURE",
            "roadextent": "Affected",
            "roadtype": "",
            "direction": "Both directions",
            "finishTime": "5:00am",
            "fromDay": "Sunday",
            "startTime": "10:00pm",
            "toDay": ""
          },
          {
            "closureType": "ROAD_CLOSURE",
            "roadextent": "Affected",
            "roadtype": "",
            "direction": "Both directions",
            "finishTime": "5:00am",
            "fromDay": "Monday",
            "startTime": "10:00pm",
            "toDay": ""
          },
          {
            "closureType": "ROAD_CLOSURE",
            "roadextent": "Affected",
            "roadtype": "",
            "direction": "Both directions",
            "finishTime": "5:00am",
            "fromDay": "Tuesday",
            "startTime": "10:00pm",
            "toDay": ""
          },
          {
            "closureType": "ROAD_CLOSURE",
            "roadextent": "Affected",
            "roadtype": "",
            "direction": "Both directions",
            "finishTime": "5:00am",
            "fromDay": "Wednesday",
            "startTime": "10:00pm",
            "toDay": ""
          },
          {
            "closureType": "ROAD_CLOSURE",
            "roadextent": "Affected",
            "roadtype": "",
            "direction": "Both directions",
            "finishTime": "5:00am",
            "fromDay": "Thursday",
            "startTime": "10:30pm",
            "toDay": ""
          }
        ],
        "speedLimit": 40,
        "weblinkUrl": null,
        "expectedDelay": -1,
        "ended": false,
        "isNewIncident": false,
        "publicTransport": "",
        "impactingNetwork": false,
        "subCategoryB": null,
        "arrangementAttachments": [],
        "isInitialReport": false,
        "created": 1783688012000,
        "isMajor": false,
        "name": null,
        "subCategoryA": "Maintenance",
        "adviceA": "Expect delays",
        "adviceB": "Reduced speed limit",
        "adviceC": " ",
        "end": 1794161700000,
        "hideEndDate": false,
        "incidentKind": "Planned",
        "mainCategory": "SCHEDULED ROADWORK",
        "lastUpdated": 1791310504254,
        "otherAdvice": "<p>Portable traffic lights will allow motorists to pass in one direction at a time, and traffic lights at the intersection of Epping Rd and Centennial Ave will be flashing yellow.</p><p><strong>There will be no work on Sun 11 Oct, Mon 12 Oct, Tue 13 Oct and Wed 14 Oct.</strong></p>",
        "arrangementElements": [],
        "diversions": "",
        "additionalInfo": [],
        "weblinkName": null,
        "attendingGroups": null,
        "encodedPolylines": [],
        "duration": null,
        "start": 1791457200000,
        "displayName": "SCHEDULED ROADWORK Maintenance",
        "roads": [
          {
            "conditionTendency": "",
            "crossStreet": "Mowbray Road West",
            "delay": "",
            "impactedLanes": [],
            "locationQualifier": "between",
            "mainStreet": "Epping Road",
            "quadrant": "",
            "queueLength": 0,
            "region": "Sydney",
            "secondLocation": "Longueville Road",
            "suburb": "Lane Cove North",
            "trafficVolume": ""
          }
        ],
        "isLocalRoad": "State road",
        "CategoryIcon": "Roadworks"
      }
    },
    {
      "type": "Feature",
      "id": 286934,
      "geometry": {
        "type": "Point",
        "coordinates": [
          147.3492833,
          -35.1010064
        ],
        "collections": []
      },
      "properties": {
        "webLinks": [],
        "headline": "",
        "periods": [
          {
            "closureType": "ROAD_CLOSURE",
            "roadextent": "Closed",
            "roadtype": "Highway",
            "direction": "Northbound",
            "finishTime": "5:00am",
            "fromDay": "Weekend",
            "startTime": "7:00am",
            "toDay": ""
          }
        ],
        "speedLimit": 40,
        "weblinkUrl": null,
        "expectedDelay": -1,
        "ended": false,
        "isNewIncident": true,
        "publicTransport": "",
        "impactingNetwork": false,
        "subCategoryB": null,
        "arrangementAttachments": [],
        "isInitialReport": false,
        "created": 1791313204000,
        "isMajor": false,
        "name": null,
        "subCategoryA": "Resurfacing",
        "adviceA": "Reduced speed limit",
        "adviceB": "Allow extra travel time",
        "adviceC": "Use diversions",
        "end": 1792346400000,
        "hideEndDate": false,
        "incidentKind": "Planned",
        "mainCategory": "SCHEDULED ROADWORK",
        "lastUpdated": 1791313204914,
        "otherAdvice": "<p>Northbound lane closure with detour available. Traffic control will assist oversized vehicles through the work area.</p>",
        "arrangementElements": [],
        "diversions": "<p>Northbound: Kincaid St roundabout to Moorong St to Travers St roundabout. </p>",
        "additionalInfo": [],
        "weblinkName": null,
        "attendingGroups": null,
        "encodedPolylines": [],
        "duration": null,
        "start": 1792224000000,
        "displayName": "SCHEDULED ROADWORK Resurfacing",
        "roads": [
          {
            "conditionTendency": "",
            "crossStreet": "Travers Street",
            "delay": "",
            "impactedLanes": [],
            "locationQualifier": "between",
            "mainStreet": "Olympic Highway",
            "quadrant": "",
            "queueLength": 0,
            "region": "Riverina",
            "secondLocation": "Kincaid Street",
            "suburb": "Wagga Wagga",
            "trafficVolume": ""
          }
        ],
        "isLocalRoad": "State road",
        "CategoryIcon": "Roadworks"
      }
    },
    {
      "type": "Feature",
      "id": 287621,
      "geometry": {
        "type": "Point",
        "coordinates": [
          148.0952907,
          -35.0683614
        ],
        "collections": []
      },
      "properties": {
        "webLinks": [
          {
            "linkText": "Hume Highway Traffic Impacts",
            "linkURL": "https://www.transport.nsw.gov.au/projects/current-projects/hume-highway-%E2%80%93-traffic-impacts"
          }
        ],
        "headline": "",
        "periods": [
          {
            "closureType": "ROAD_CLOSURE",
            "roadextent": "Affected",
            "roadtype": "",
            "direction": "Both directions",
            "finishTime": "",
            "fromDay": "Every Day",
            "startTime": "all day",
            "toDay": ""
          }
        ],
        "speedLimit": -1,
        "weblinkUrl": null,
        "expectedDelay": -1,
        "ended": false,
        "isNewIncident": true,
        "publicTransport": "",
        "impactingNetwork": true,
        "subCategoryB": null,
        "arrangementAttachments": [
          {
            "displayName": "Work_Area",
            "fileName": "Work_Area.jpg",
            "fileType": "JPG",
            "linkName": "Work_Area",
            "sizeInBytes": 143567,
            "uniqueFileName": "507275_1788918796208_Work_Area.jpg"
          }
        ],
        "isInitialReport": false,
        "created": 1791316866000,
        "isMajor": false,
        "name": null,
        "subCategoryA": "Bridge work",
        "adviceA": "Reduce your speed",
        "adviceB": "Check signage",
        "adviceC": "Allow extra travel time",
        "end": 1795258800000,
        "hideEndDate": false,
        "incidentKind": "Planned",
        "mainCategory": "SCHEDULED ROADWORK",
        "lastUpdated": 1791316867693,
        "otherAdvice": "<p>Contraflow traffic conditions will be in place to allow motorists to pass in both directions. </p><p>Traffic controllers will be on site to direct motorists. </p><p>The southbound off-ramp at Mount Street will be closed with access to South Gundagai from the southbound lanes via the South Street exit.</p>",
        "arrangementElements": [
          {
            "html": "<p><strong>PBS vehicles operating under either a Notice or NHVR Access permit may continue to operate under existing approved access conditions. Operators must maintain a minimum 60-metre following distance and comply with all other applicable network access conditions.</strong></p><p>OSOM vehicles with approved access across the northbound Sheahan Bridge that are <strong>up to 3.8 metres wide</strong> may travel through the contraflow under existing access conditions.</p><p>OSOM vehicles <strong>wider than 3.8 metres, as well as mobile crane and dolly combinations</strong> must follow project personnel directions and stop in the designated holding bays when approaching the work site. When safe, they will be escorted through the work area under traffic control.</p><p>OSOM vehicles with a condition listed on their permit advising that the northbound Sheahan Bridge must be bypassed (ie a contraflow is required) are not permitted to travel during these works, and must use an alternative route or delay travel. Please note when operating under an NHVR access permit, travel is only permitted on roads listed on your permit. Any amendments to the approved route will require an updated NHVR permit, and will be subject to normal route and structural assessments.  </p><p>Operators should allow extra travel time, as delays may occur while escorts are coordinated and traffic is managed through the site.</p><p><strong>Please note:</strong></p><p>Unless specified otherwise, operators of Class 1,2 &amp; 3 vehicles travelling under a Notice <strong>must</strong> consult their relevant enforceable network map to confirm a suitable <strong>approved</strong> alternate route. </p><p>Operators of Class 1, 2 &amp; 3 vehicles travelling under a Permit <strong>must not</strong> travel off the approved route listed in the permit unless an updated permit is obtained from the NHVR.</p>",
            "title": "Advice for OSOM Operators",
            "id": "921618"
          }
        ],
        "diversions": "",
        "additionalInfo": [],
        "weblinkName": null,
        "attendingGroups": null,
        "encodedPolylines": [],
        "duration": null,
        "start": 1793995200000,
        "displayName": "SCHEDULED ROADWORK Bridge work",
        "roads": [
          {
            "conditionTendency": "",
            "crossStreet": "Sheahan Bridge",
            "delay": "",
            "impactedLanes": [],
            "locationQualifier": "on",
            "mainStreet": "Hume Highway",
            "quadrant": "",
            "queueLength": 0,
            "region": "Riverina",
            "secondLocation": "",
            "suburb": "Gundagai",
            "trafficVolume": ""
          }
        ],
        "isLocalRoad": "State road",
        "CategoryIcon": "Roadworks"
      }
    },
    {
      "type": "Feature",
      "id": 289370,
      "geometry": {
        "type": "Point",
        "coordinates": [
          143.3354483,
          -35.0305271
        ],
        "collections": []
      },
      "properties": {
        "webLinks": [],
        "headline": "",
        "periods": [
          {
            "closureType": "ROAD_CLOSURE",
            "roadextent": "Affected",
            "roadtype": "",
            "direction": "Both directions",
            "finishTime": "6:00pm",
            "fromDay": "Weekdays",
            "startTime": "6:00am",
            "toDay": ""
          },
          {
            "closureType": "ROAD_CLOSURE",
            "roadextent": "Affected",
            "roadtype": "",
            "direction": "Both directions",
            "finishTime": "4:00am",
            "fromDay": "Sunday",
            "startTime": "8:00pm",
            "toDay": ""
          },
          {
            "closureType": "ROAD_CLOSURE",
            "roadextent": "Affected",
            "roadtype": "",
            "direction": "Both directions",
            "finishTime": "4:00am",
            "fromDay": "Weekday Nights",
            "startTime": "8:00pm",
            "toDay": ""
          }
        ],
        "speedLimit": 40,
        "weblinkUrl": null,
        "expectedDelay": -1,
        "ended": false,
        "isNewIncident": true,
        "publicTransport": "",
        "impactingNetwork": false,
        "subCategoryB": null,
        "arrangementAttachments": [
          {
            "displayName": "Work_Area",
            "fileName": "Work_Area.png",
            "fileType": "PNG",
            "linkName": "Work_Area",
            "sizeInBytes": 148025,
            "uniqueFileName": "767356_1790571384363_Work_Area.png"
          }
        ],
        "isInitialReport": false,
        "created": 1791322245000,
        "isMajor": false,
        "name": null,
        "subCategoryA": "null",
        "adviceA": "Reduced speed limit",
        "adviceB": "Check signage",
        "adviceC": " ",
        "end": 1797836400000,
        "hideEndDate": false,
        "incidentKind": "Planned",
        "mainCategory": "SCHEDULED ROADWORK",
        "lastUpdated": 1791322246444,
        "otherAdvice": "<p>Single-lane closures will be in place. </p><p>There will be intermittent bridge closures up to 15 minutes at various other times during night shifts until the project is finished on Friday 18 December. </p><p><strong>Full bridge closures will be in place from Sunday 8 November to Friday 27 November between 8pm and 4am with detours in place. </strong></p><p><br></p><p><br></p>",
        "arrangementElements": [
          {
            "html": "<p>When the bridge closures are in place between 8 November and the 27 November detours will be in place via Nyah adding 30 minutes.</p><p><strong>Vehicles over 4.1 metres in height </strong>will detour to Swan Hill Bridge, accessed via Stony Crossing Road and Swan Hill Road, adding one hour to journeys. </p><p>Vehicles travelling under a permit must not travel off the approved route listed in their permit unless an updated permit is obtained from the National Heavy Vehicle Regulator (NHVR).</p><p>Please review the <a href=\"https://cst-freightbranchstakeholderengagement.createsend1.com/t/j-i-wujldtd-l-j/\" rel=\"noopener noreferrer\" target=\"_blank\">Restricted Access Vehicles map</a> to help you plan an alternative route if required.  </p><p>Unless specified otherwise, operators of Class 1,2 &amp; 3 vehicles travelling under a Notice <strong>must</strong> consult their relevant enforceable network map to confirm a suitable <strong>approved</strong> alternate route. </p><p>Operators of Class 1, 2 &amp; 3 vehicles travelling under a Permit <strong>must not</strong> travel off the approved route listed in the permit unless an updated permit is obtained from the NHVR.</p>",
            "title": "Advice for OSOM Operators",
            "id": "921668"
          }
        ],
        "diversions": "",
        "additionalInfo": [],
        "weblinkName": null,
        "attendingGroups": null,
        "encodedPolylines": [],
        "duration": null,
        "start": 1793127600000,
        "displayName": "SCHEDULED ROADWORK",
        "roads": [
          {
            "conditionTendency": "",
            "crossStreet": "Tooleybuc Bridge",
            "delay": "",
            "impactedLanes": [],
            "locationQualifier": "on",
            "mainStreet": "Tooleybuc Road",
            "quadrant": "",
            "queueLength": 0,
            "region": "The Murray",
            "secondLocation": "",
            "suburb": "Tooleybuc",
            "trafficVolume": ""
          }
        ],
        "isLocalRoad": "State road",
        "CategoryIcon": "Roadworks"
      }
    },
    {
      "type": "Feature",
      "id": 290214,
      "geometry": {
        "type": "Point",
        "coordinates": [
          150.753386,
          -33.601864
        ],
        "collections": []
      },
      "properties": {
        "webLinks": [],
        "headline": "",
        "periods": [
          {
            "closureType": "ROAD_CLOSURE",
            "roadextent": "Affected",
            "roadtype": "",
            "direction": "All directions",
            "finishTime": "5:00am",
            "fromDay": "Sunday",
            "startTime": "8:00pm",
            "toDay": ""
          },
          {
            "closureType": "ROAD_CLOSURE",
            "roadextent": "Affected",
            "roadtype": "",
            "direction": "All directions",
            "finishTime": "5:00am",
            "fromDay": "Monday",
            "startTime": "8:00pm",
            "toDay": ""
          },
          {
            "closureType": "ROAD_CLOSURE",
            "roadextent": "Affected",
            "roadtype": "",
            "direction": "All directions",
            "finishTime": "5:00am",
            "fromDay": "Tuesday",
            "startTime": "8:00pm",
            "toDay": ""
          },
          {
            "closureType": "ROAD_CLOSURE",
            "roadextent": "Affected",
            "roadtype": "",
            "direction": "All directions",
            "finishTime": "5:00am",
            "fromDay": "Wednesday",
            "startTime": "8:00pm",
            "toDay": ""
          },
          {
            "closureType": "ROAD_CLOSURE",
            "roadextent": "Affected",
            "roadtype": "",
            "direction": "All directions",
            "finishTime": "5:00am",
            "fromDay": "Thursday",
            "startTime": "8:00pm",
            "toDay": ""
          }
        ],
        "speedLimit": 40,
        "weblinkUrl": null,
        "expectedDelay": -1,
        "ended": false,
        "isNewIncident": true,
        "publicTransport": "",
        "impactingNetwork": false,
        "subCategoryB": null,
        "arrangementAttachments": [],
        "isInitialReport": false,
        "created": 1791341512000,
        "isMajor": false,
        "name": null,
        "subCategoryA": "Intersection upgrade",
        "adviceA": "Reduced speed limit",
        "adviceB": "Follow directions on site",
        "adviceC": "Allow extra travel time",
        "end": 1792723860000,
        "hideEndDate": false,
        "incidentKind": "Planned",
        "mainCategory": "SCHEDULED ROADWORK",
        "lastUpdated": 1791341513488,
        "otherAdvice": "<p>Traffic lights at the intersection of Lennox St and Paget St will be blacked out or flashing, and portable traffic lights will allow motorists to pass in one direction at a time. </p>",
        "arrangementElements": [],
        "diversions": "",
        "additionalInfo": [],
        "weblinkName": null,
        "attendingGroups": null,
        "encodedPolylines": [],
        "duration": null,
        "start": 1792291800000,
        "displayName": "SCHEDULED ROADWORK Intersection upgrade",
        "roads": [
          {
            "conditionTendency": "",
            "crossStreet": "West Market Street",
            "delay": "",
            "impactedLanes": [],
            "locationQualifier": "between",
            "mainStreet": "Lennox Street",
            "quadrant": "",
            "queueLength": 0,
            "region": "Sydney",
            "secondLocation": "Bourke Street",
            "suburb": "Richmond",
            "trafficVolume": ""
          }
        ],
        "isLocalRoad": "State road",
        "CategoryIcon": "Roadworks"
      }
    },
    {
      "type": "Feature",
      "id": 269920,
      "geometry": {
        "type": "Point",
        "coordinates": [
          150.184703,
          -33.4768523
        ],
        "collections": []
      },
      "properties": {
        "webLinks": [
          {
            "linkText": "Victoria Pass road closure on Great Western Highway",
            "linkURL": "https://www.transport.nsw.gov.au/projects/current-projects/victoria-pass-road-closure-on-great-western-highway"
          }
        ],
        "headline": "",
        "periods": [
          {
            "closureType": "ROAD_CLOSURE",
            "roadextent": "Affected",
            "roadtype": "",
            "direction": "Both directions",
            "finishTime": "5:00am",
            "fromDay": "Weekday Nights",
            "startTime": "7:00pm",
            "toDay": ""
          },
          {
            "closureType": "ROAD_CLOSURE",
            "roadextent": "Affected",
            "roadtype": "",
            "direction": "Both directions",
            "finishTime": "5:00am",
            "fromDay": "Sunday",
            "startTime": "7:00pm",
            "toDay": ""
          }
        ],
        "speedLimit": 40,
        "weblinkUrl": null,
        "expectedDelay": -1,
        "ended": false,
        "isNewIncident": false,
        "publicTransport": "",
        "impactingNetwork": true,
        "subCategoryB": null,
        "arrangementAttachments": [
          {
            "displayName": "ChifleyRdWorkLocationJuly",
            "fileName": "ChifleyRdWorkLocationJuly.png",
            "fileType": "PNG",
            "linkName": "ChifleyRdWorkLocationJuly",
            "sizeInBytes": 210019,
            "uniqueFileName": "130557_1783992236316_ChifleyRdWorkLocationJuly.png"
          }
        ],
        "isInitialReport": false,
        "created": 1775087103000,
        "isMajor": false,
        "name": null,
        "subCategoryA": "null",
        "adviceA": "Allow extra travel time",
        "adviceB": "Reduced speed limit",
        "adviceC": "Exercise caution",
        "end": 1795716000000,
        "hideEndDate": false,
        "incidentKind": "Planned",
        "mainCategory": "SCHEDULED ROADWORK",
        "lastUpdated": 1789971481355,
        "otherAdvice": "<p>Transport is working proactively to increase the durability and resilience of Chifley Road and ensure it continues to provide a safe, resilient detour route while Victoria Pass is closed for road repair work.</p><p>Night work will include installing safety barriers, heavy patching, laying asphalt and refreshing the line marking. This work will require a reduced speed limit and alternating (stop/slow) traffic conditions to allow motorists to pass in one direction at a time.</p><p>Asphalting work at Scenic Hill may lead to delays of up to 20 minutes.</p><p>To minimise the impact to motorists, work will be carried out at night from <strong>7pm to 5am</strong>, Sunday night to Friday morning. No work on Friday and Saturday nights, or known peak travel days like public holidays, school holidays or the Bathurst 1000 weekend.</p><p>Please exercise extra caution and follow the directions of signage and traffic controllers.</p>",
        "arrangementElements": [],
        "diversions": "",
        "additionalInfo": [],
        "weblinkName": null,
        "attendingGroups": null,
        "encodedPolylines": [],
        "duration": null,
        "start": 1784451600000,
        "displayName": "SCHEDULED ROADWORK",
        "roads": [
          {
            "conditionTendency": "",
            "crossStreet": "Lithgow",
            "delay": "",
            "impactedLanes": [],
            "locationQualifier": "between",
            "mainStreet": "Chifley Road",
            "quadrant": "",
            "queueLength": 0,
            "region": "Blue Mountains",
            "secondLocation": "Bell",
            "suburb": "Lithgow",
            "trafficVolume": ""
          }
        ],
        "isLocalRoad": "State road",
        "CategoryIcon": "Roadworks"
      }
    },
    {
      "type": "Feature",
      "id": 290225,
      "geometry": {
        "type": "Point",
        "coordinates": [
          150.9816937,
          -33.9450028
        ],
        "collections": []
      },
      "properties": {
        "webLinks": [],
        "headline": "",
        "periods": [
          {
            "closureType": "ROAD_CLOSURE",
            "roadextent": "Closed",
            "roadtype": "On-ramp",
            "direction": "Westbound",
            "finishTime": "5:00am",
            "fromDay": "Sunday",
            "startTime": "10:00pm",
            "toDay": ""
          },
          {
            "closureType": "ROAD_CLOSURE",
            "roadextent": "Closed",
            "roadtype": "On-ramp",
            "direction": "Westbound",
            "finishTime": "5:00am",
            "fromDay": "Monday",
            "startTime": "10:00pm",
            "toDay": ""
          },
          {
            "closureType": "ROAD_CLOSURE",
            "roadextent": "Closed",
            "roadtype": "On-ramp",
            "direction": "Westbound",
            "finishTime": "5:00am",
            "fromDay": "Tuesday",
            "startTime": "10:00pm",
            "toDay": ""
          },
          {
            "closureType": "ROAD_CLOSURE",
            "roadextent": "Closed",
            "roadtype": "On-ramp",
            "direction": "Westbound",
            "finishTime": "5:00am",
            "fromDay": "Wednesday",
            "startTime": "10:00pm",
            "toDay": ""
          },
          {
            "closureType": "ROAD_CLOSURE",
            "roadextent": "Closed",
            "roadtype": "On-ramp",
            "direction": "Westbound",
            "finishTime": "5:00am",
            "fromDay": "Thursday",
            "startTime": "10:00pm",
            "toDay": ""
          }
        ],
        "speedLimit": -1,
        "weblinkUrl": null,
        "expectedDelay": -1,
        "ended": false,
        "isNewIncident": false,
        "publicTransport": "",
        "impactingNetwork": false,
        "subCategoryB": null,
        "arrangementAttachments": [],
        "isInitialReport": false,
        "created": 1791344287000,
        "isMajor": false,
        "name": null,
        "subCategoryA": "Resurfacing",
        "adviceA": "Use an alternative route",
        "adviceB": "Plan your journey",
        "adviceC": "Allow extra travel time",
        "end": 1793296800000,
        "hideEndDate": false,
        "incidentKind": "Planned",
        "mainCategory": "SCHEDULED ROADWORK",
        "lastUpdated": 1791344314527,
        "otherAdvice": "<p>Only this ramp is closing; the motorway will remain open with a reduced speed limit in place.</p>",
        "arrangementElements": [],
        "diversions": "<p>Newbridge Rd and Heathcote Rd to the M5 Mwy.</p>",
        "additionalInfo": [],
        "weblinkName": null,
        "attendingGroups": null,
        "encodedPolylines": [],
        "duration": null,
        "start": 1792494000000,
        "displayName": "SCHEDULED ROADWORK Resurfacing",
        "roads": [
          {
            "conditionTendency": "",
            "crossStreet": "M5 Motorway",
            "delay": "",
            "impactedLanes": [],
            "locationQualifier": "to",
            "mainStreet": "Henry Lawson Drive westbound on-ramp",
            "quadrant": "",
            "queueLength": 0,
            "region": "Sydney",
            "secondLocation": "",
            "suburb": "Milperra",
            "trafficVolume": ""
          }
        ],
        "isLocalRoad": "State road",
        "CategoryIcon": "Roadworks"
      }
    },
    {
      "type": "Feature",
      "id": 290231,
      "geometry": {
        "type": "Point",
        "coordinates": [
          150.9141539,
          -33.938033
        ],
        "collections": []
      },
      "properties": {
        "webLinks": [],
        "headline": "",
        "periods": [
          {
            "closureType": "ROAD_CLOSURE",
            "roadextent": "Closed",
            "roadtype": "On-ramp",
            "direction": "Eastbound",
            "finishTime": "5:00am",
            "fromDay": "Monday",
            "startTime": "9:30pm",
            "toDay": ""
          },
          {
            "closureType": "ROAD_CLOSURE",
            "roadextent": "Closed",
            "roadtype": "On-ramp",
            "direction": "Eastbound",
            "finishTime": "5:00am",
            "fromDay": "Tuesday",
            "startTime": "9:30pm",
            "toDay": ""
          },
          {
            "closureType": "ROAD_CLOSURE",
            "roadextent": "Closed",
            "roadtype": "On-ramp",
            "direction": "Eastbound",
            "finishTime": "5:00am",
            "fromDay": "Wednesday",
            "startTime": "9:30pm",
            "toDay": ""
          },
          {
            "closureType": "ROAD_CLOSURE",
            "roadextent": "Closed",
            "roadtype": "On-ramp",
            "direction": "Eastbound",
            "finishTime": "5:00am",
            "fromDay": "Thursday",
            "startTime": "9:30pm",
            "toDay": ""
          }
        ],
        "speedLimit": -1,
        "weblinkUrl": null,
        "expectedDelay": -1,
        "ended": false,
        "isNewIncident": true,
        "publicTransport": "",
        "impactingNetwork": false,
        "subCategoryB": null,
        "arrangementAttachments": [],
        "isInitialReport": false,
        "created": 1791346770000,
        "isMajor": false,
        "name": null,
        "subCategoryA": "Resurfacing",
        "adviceA": "Use an alternative route",
        "adviceB": "Plan your journey",
        "adviceC": "Allow extra travel time",
        "end": 1792711800000,
        "hideEndDate": false,
        "incidentKind": "Planned",
        "mainCategory": "SCHEDULED ROADWORK",
        "lastUpdated": 1791346771173,
        "otherAdvice": "<p>Only this ramp is closing; the motorway will remain open with a lane closure and reduced speed limit in place.</p>",
        "arrangementElements": [],
        "diversions": "<p>North on Hume Hwy: Macquarie St, Terminus St, Newbridge Rd, Heathcote Rd, to the M5 eastbound.</p><p>South on Hume Hwy: Camden Valley Way to the M5 eastbound.</p>",
        "additionalInfo": [],
        "weblinkName": null,
        "attendingGroups": null,
        "encodedPolylines": [],
        "duration": null,
        "start": 1792405800000,
        "displayName": "SCHEDULED ROADWORK Resurfacing",
        "roads": [
          {
            "conditionTendency": "",
            "crossStreet": "M5 Motorway",
            "delay": "",
            "impactedLanes": [],
            "locationQualifier": "to",
            "mainStreet": "Hume Highway eastbound on-ramp",
            "quadrant": "",
            "queueLength": 0,
            "region": "Sydney",
            "secondLocation": "",
            "suburb": "Liverpool",
            "trafficVolume": ""
          }
        ],
        "isLocalRoad": "State road",
        "CategoryIcon": "Roadworks"
      }
    },
    {
      "type": "Feature",
      "id": 193450,
      "geometry": {
        "type": "Point",
        "coordinates": [
          150.8748943,
          -33.5015438
        ],
        "collections": []
      },
      "properties": {
        "webLinks": [
          {
            "linkText": "Vehicle ferries",
            "linkURL": "https://www.nsw.gov.au/driving-boating-and-transport/plan-your-trip/planning-tools-and-information/vehicle-ferries"
          }
        ],
        "headline": "",
        "periods": [
          {
            "closureType": "ROAD_CLOSURE",
            "roadextent": "Closed",
            "roadtype": "Ferry",
            "direction": "Both directions",
            "finishTime": "3:00pm",
            "fromDay": "Wednesday",
            "startTime": "12:30pm",
            "toDay": ""
          }
        ],
        "speedLimit": -1,
        "weblinkUrl": null,
        "expectedDelay": -1,
        "ended": false,
        "isNewIncident": false,
        "publicTransport": "",
        "impactingNetwork": false,
        "subCategoryB": null,
        "arrangementAttachments": [],
        "isInitialReport": false,
        "created": 1714533070000,
        "isMajor": false,
        "name": null,
        "subCategoryA": "Routine maintenance",
        "adviceA": "Use diversions",
        "adviceB": "Plan your journey",
        "adviceC": " ",
        "end": 1793793600000,
        "hideEndDate": false,
        "incidentKind": "Planned",
        "mainCategory": "FERRY OUT OF SERVICE",
        "lastUpdated": 1791347446804,
        "otherAdvice": "<p>Routine maintenance for Sackville Ferry is scheduled on the first Wednesday of every month between 12:45 and 3pm.</p>",
        "arrangementElements": [],
        "diversions": "<p><strong>Northbound</strong>: Sackville Rd, West Portland Rd, Lower Portland Ferry, River Rd, to Sackville Ferry Rd.</p><p><strong>Southbound</strong>: Sackville Ferry Rd, River Rd, Lower Portland Ferry, West Portland Rd, to Sackville Rd.</p><p>Motorists are advised to allow approximately 45 minutes of additional travel time.</p>",
        "additionalInfo": [],
        "weblinkName": null,
        "attendingGroups": null,
        "encodedPolylines": [],
        "duration": null,
        "start": 1793747700000,
        "displayName": "SCHEDULED FERRY MAINTENANCE",
        "roads": [
          {
            "conditionTendency": "",
            "crossStreet": "Sackville Road",
            "delay": "",
            "impactedLanes": [],
            "locationQualifier": "between",
            "mainStreet": "Sackville Ferry",
            "quadrant": "",
            "queueLength": 0,
            "region": "Sydney",
            "secondLocation": "Sackville Ferry Road",
            "suburb": "Sackville",
            "trafficVolume": ""
          }
        ],
        "isLocalRoad": "State road",
        "CategoryIcon": "Hazard"
      }
    },
    {
      "type": "Feature",
      "id": 265506,
      "geometry": {
        "type": "Point",
        "coordinates": [
          148.6110169,
          -32.2340187
        ],
        "collections": [
          {
            "type": "Point",
            "coordinates": [
              148.598107,
              -32.243216
            ]
          }
        ]
      },
      "properties": {
        "webLinks": [],
        "headline": "",
        "periods": [
          {
            "closureType": "ROAD_CLOSURE",
            "roadextent": "Affected",
            "roadtype": "",
            "direction": "Both directions",
            "finishTime": "",
            "fromDay": "Every Day",
            "startTime": "all day",
            "toDay": ""
          }
        ],
        "speedLimit": 40,
        "weblinkUrl": null,
        "expectedDelay": -1,
        "ended": false,
        "isNewIncident": false,
        "publicTransport": "",
        "impactingNetwork": true,
        "subCategoryB": null,
        "arrangementAttachments": [
          {
            "displayName": "DubboBridgeWorkLocationAug",
            "fileName": "DubboBridgeWorkLocationAug.png",
            "fileType": "PNG",
            "linkName": "DubboBridgeWorkLocationAug",
            "sizeInBytes": 224314,
            "uniqueFileName": "986192_1786340250006_DubboBridgeWorkLocationAug.png"
          }
        ],
        "isInitialReport": false,
        "created": 1771786805000,
        "isMajor": false,
        "name": null,
        "subCategoryA": "Intersection upgrade",
        "adviceA": "Use diversions",
        "adviceB": "Check signage",
        "adviceC": "Reduced speed limit",
        "end": 1791982740000,
        "hideEndDate": true,
        "incidentKind": "Planned",
        "mainCategory": "SCHEDULED ROADWORK",
        "lastUpdated": 1791348370456,
        "otherAdvice": "<p><strong>Asphalting will take place on Bourke St Wednesday and Thursday - one lane only under traffic control</strong></p><p>Motorists are advised to allow approximately 5 minutes of additional travel time.</p><p>The speed limit outside work hours is 40km/h.</p>",
        "arrangementElements": [],
        "diversions": "<p>Bourke St/River Street intersection - access River St via Siren and Roper Streets. Heavy Vehicles can use Purvis Ln/Fitzroy Street.</p><p>Thompson St/Whylandra St intersection - OSOM vehicles over 3.5m wide use Victoria St (Mitchell Hwy) /Thompson St.</p>",
        "additionalInfo": [],
        "weblinkName": null,
        "attendingGroups": null,
        "encodedPolylines": [],
        "duration": null,
        "start": 1772024400000,
        "displayName": "SCHEDULED ROADWORK NEW DUBBO BRIDGE",
        "roads": [
          {
            "conditionTendency": "",
            "crossStreet": "River Street East / Bourke Street",
            "delay": "",
            "impactedLanes": [],
            "locationQualifier": "between",
            "mainStreet": "Newell Highway",
            "quadrant": "",
            "queueLength": 0,
            "region": "Central NSW",
            "secondLocation": "Thompson Street / Whylandra Street",
            "suburb": "Dubbo",
            "trafficVolume": ""
          }
        ],
        "isLocalRoad": "State road",
        "CategoryIcon": "Roadworks"
      }
    },
    {
      "type": "Feature",
      "id": 290238,
      "geometry": {
        "type": "Point",
        "coordinates": [
          147.8535616,
          -31.6757316
        ],
        "collections": []
      },
      "properties": {
        "webLinks": [],
        "headline": "",
        "periods": [
          {
            "closureType": "ROAD_CLOSURE",
            "roadextent": "Affected",
            "roadtype": "",
            "direction": "Both directions",
            "finishTime": "",
            "fromDay": "Weekdays",
            "startTime": "all day",
            "toDay": ""
          }
        ],
        "speedLimit": 40,
        "weblinkUrl": null,
        "expectedDelay": -1,
        "ended": false,
        "isNewIncident": true,
        "publicTransport": "",
        "impactingNetwork": false,
        "subCategoryB": null,
        "arrangementAttachments": [],
        "isInitialReport": false,
        "created": 1791349229000,
        "isMajor": false,
        "name": null,
        "subCategoryA": "Bridge work",
        "adviceA": "Reduced speed limit",
        "adviceB": "Check signage",
        "adviceC": " ",
        "end": 1792134000000,
        "hideEndDate": false,
        "incidentKind": "Planned",
        "mainCategory": "SCHEDULED ROADWORK",
        "lastUpdated": 1791349230039,
        "otherAdvice": "<p>The speed limit will return to 80 km/h outside of work hours. When works are completed, the speed limit will return to the posted speed.</p>",
        "arrangementElements": [],
        "diversions": "",
        "additionalInfo": [],
        "weblinkName": null,
        "attendingGroups": null,
        "encodedPolylines": [],
        "duration": null,
        "start": 1791748800000,
        "displayName": "SCHEDULED ROADWORK Bridge work",
        "roads": [
          {
            "conditionTendency": "",
            "crossStreet": "Ewenbar Creek Bridge",
            "delay": "",
            "impactedLanes": [],
            "locationQualifier": "at",
            "mainStreet": "Oxley Highway",
            "quadrant": "",
            "queueLength": 0,
            "region": "Far West NSW",
            "secondLocation": "",
            "suburb": "Warren",
            "trafficVolume": ""
          }
        ],
        "isLocalRoad": "State road",
        "CategoryIcon": "Roadworks"
      }
    },
    {
      "type": "Feature",
      "id": 290114,
      "geometry": {
        "type": "Point",
        "coordinates": [
          150.9402833,
          -33.9415493
        ],
        "collections": []
      },
      "properties": {
        "webLinks": [],
        "headline": "",
        "periods": [
          {
            "closureType": "ROAD_CLOSURE",
            "roadextent": "Closed",
            "roadtype": "Off-ramp",
            "direction": "Eastbound",
            "finishTime": "5:00am",
            "fromDay": "Sunday",
            "startTime": "9:30pm",
            "toDay": ""
          },
          {
            "closureType": "ROAD_CLOSURE",
            "roadextent": "Closed",
            "roadtype": "Off-ramp",
            "direction": "Eastbound",
            "finishTime": "5:00am",
            "fromDay": "Monday",
            "startTime": "9:30pm",
            "toDay": ""
          },
          {
            "closureType": "ROAD_CLOSURE",
            "roadextent": "Closed",
            "roadtype": "Off-ramp",
            "direction": "Eastbound",
            "finishTime": "5:00am",
            "fromDay": "Tuesday",
            "startTime": "9:30pm",
            "toDay": ""
          },
          {
            "closureType": "ROAD_CLOSURE",
            "roadextent": "Closed",
            "roadtype": "Off-ramp",
            "direction": "Eastbound",
            "finishTime": "5:00am",
            "fromDay": "Wednesday",
            "startTime": "9:30pm",
            "toDay": ""
          },
          {
            "closureType": "ROAD_CLOSURE",
            "roadextent": "Closed",
            "roadtype": "Off-ramp",
            "direction": "Eastbound",
            "finishTime": "5:00am",
            "fromDay": "Thursday",
            "startTime": "9:30pm",
            "toDay": ""
          }
        ],
        "speedLimit": -1,
        "weblinkUrl": null,
        "expectedDelay": -1,
        "ended": false,
        "isNewIncident": false,
        "publicTransport": "",
        "impactingNetwork": false,
        "subCategoryB": null,
        "arrangementAttachments": [],
        "isInitialReport": false,
        "created": 1791265634000,
        "isMajor": false,
        "name": null,
        "subCategoryA": "Resurfacing",
        "adviceA": "Use an alternative route",
        "adviceB": "Plan your journey",
        "adviceC": "Allow extra travel time",
        "end": 1792692000000,
        "hideEndDate": false,
        "incidentKind": "Planned",
        "mainCategory": "SCHEDULED ROADWORK",
        "lastUpdated": 1791349475700,
        "otherAdvice": "<p>Only this ramp is closing; the motorway will remain open with a lane closure and reduced speed limit in place.</p>",
        "arrangementElements": [],
        "diversions": "<p>Eastbound motorists can exit at Moorebank Ave or Henry Lawson Dr instead.</p>",
        "additionalInfo": [],
        "weblinkName": null,
        "attendingGroups": null,
        "encodedPolylines": [],
        "duration": null,
        "start": 1792321200000,
        "displayName": "SCHEDULED ROADWORK Resurfacing",
        "roads": [
          {
            "conditionTendency": "",
            "crossStreet": "Heathcote Road",
            "delay": "",
            "impactedLanes": [],
            "locationQualifier": "to",
            "mainStreet": "M5 Motorway eastbound off-ramp",
            "quadrant": "",
            "queueLength": 0,
            "region": "Sydney",
            "secondLocation": "",
            "suburb": "Moorebank",
            "trafficVolume": ""
          }
        ],
        "isLocalRoad": "State road",
        "CategoryIcon": "Roadworks"
      }
    },
    {
      "type": "Feature",
      "id": 290245,
      "geometry": {
        "type": "Point",
        "coordinates": [
          151.201508,
          -33.912652
        ],
        "collections": []
      },
      "properties": {
        "webLinks": [],
        "headline": "",
        "periods": [
          {
            "closureType": "ROAD_CLOSURE",
            "roadextent": "Affected",
            "roadtype": "",
            "direction": "All directions",
            "finishTime": "5:00am",
            "fromDay": "Sunday",
            "startTime": "9:00pm",
            "toDay": ""
          },
          {
            "closureType": "ROAD_CLOSURE",
            "roadextent": "Affected",
            "roadtype": "",
            "direction": "All directions",
            "finishTime": "5:00am",
            "fromDay": "Monday",
            "startTime": "9:00pm",
            "toDay": ""
          },
          {
            "closureType": "ROAD_CLOSURE",
            "roadextent": "Affected",
            "roadtype": "",
            "direction": "All directions",
            "finishTime": "5:00am",
            "fromDay": "Tuesday",
            "startTime": "9:00pm",
            "toDay": ""
          },
          {
            "closureType": "ROAD_CLOSURE",
            "roadextent": "Affected",
            "roadtype": "",
            "direction": "All directions",
            "finishTime": "5:00am",
            "fromDay": "Wednesday",
            "startTime": "9:00pm",
            "toDay": ""
          },
          {
            "closureType": "ROAD_CLOSURE",
            "roadextent": "Affected",
            "roadtype": "",
            "direction": "All directions",
            "finishTime": "5:00am",
            "fromDay": "Thursday",
            "startTime": "9:00pm",
            "toDay": ""
          }
        ],
        "speedLimit": 40,
        "weblinkUrl": null,
        "expectedDelay": -1,
        "ended": false,
        "isNewIncident": true,
        "publicTransport": "",
        "impactingNetwork": false,
        "subCategoryB": null,
        "arrangementAttachments": [],
        "isInitialReport": false,
        "created": 1791351846000,
        "isMajor": false,
        "name": null,
        "subCategoryA": "Resurfacing",
        "adviceA": "Reduced speed limit",
        "adviceB": "Follow directions on site",
        "adviceC": "Allow extra travel time",
        "end": 1793210400000,
        "hideEndDate": false,
        "incidentKind": "Planned",
        "mainCategory": "SCHEDULED ROADWORK",
        "lastUpdated": 1791351846482,
        "otherAdvice": "<p>Traffic lights at the intersection will be blacked out or flashing, and portable traffic lights will allow motorists to pass in one direction at a time. </p>",
        "arrangementElements": [],
        "diversions": "",
        "additionalInfo": [],
        "weblinkName": null,
        "attendingGroups": null,
        "encodedPolylines": [],
        "duration": null,
        "start": 1791438180000,
        "displayName": "SCHEDULED ROADWORK Resurfacing",
        "roads": [
          {
            "conditionTendency": "",
            "crossStreet": "Collins Street",
            "delay": "",
            "impactedLanes": [],
            "locationQualifier": "at",
            "mainStreet": "Botany Road",
            "quadrant": "",
            "queueLength": 0,
            "region": "Sydney",
            "secondLocation": "",
            "suburb": "Beaconsfield",
            "trafficVolume": ""
          }
        ],
        "isLocalRoad": "State road",
        "CategoryIcon": "Roadworks"
      }
    },
    {
      "type": "Feature",
      "id": 285051,
      "geometry": {
        "type": "Point",
        "coordinates": [
          150.140872,
          -35.785207
        ],
        "collections": []
      },
      "properties": {
        "webLinks": [],
        "headline": "",
        "periods": [
          {
            "closureType": "ROAD_CLOSURE",
            "roadextent": "Affected",
            "roadtype": "",
            "direction": "Both directions",
            "finishTime": "5:00pm",
            "fromDay": "Weekdays",
            "startTime": "7:00am",
            "toDay": ""
          },
          {
            "closureType": "ROAD_CLOSURE",
            "roadextent": "Affected",
            "roadtype": "",
            "direction": "Both directions",
            "finishTime": "1:00pm",
            "fromDay": "Saturday",
            "startTime": "8:00am",
            "toDay": ""
          }
        ],
        "speedLimit": 40,
        "weblinkUrl": null,
        "expectedDelay": -1,
        "ended": false,
        "isNewIncident": false,
        "publicTransport": "",
        "impactingNetwork": false,
        "subCategoryB": null,
        "arrangementAttachments": [
          {
            "displayName": "Work_Area",
            "fileName": "Work_Area.jpg",
            "fileType": "JPG",
            "linkName": "Work_Area",
            "sizeInBytes": 37279,
            "uniqueFileName": "189955_1787013676054_Work_Area.jpg"
          }
        ],
        "isInitialReport": false,
        "created": 1787529165000,
        "isMajor": false,
        "name": null,
        "subCategoryA": "null",
        "adviceA": "Reduced speed limit",
        "adviceB": "Check signage",
        "adviceC": "Exercise caution",
        "end": 1792735200000,
        "hideEndDate": false,
        "incidentKind": "Planned",
        "mainCategory": "SCHEDULED ROADWORK",
        "lastUpdated": 1791352854680,
        "otherAdvice": "<p>Traffic controllers will be on site to direct motorists.</p><p>Motorists are advised to allow approximately 5 minutes of additional travel time.</p>",
        "arrangementElements": [],
        "diversions": "",
        "additionalInfo": [],
        "weblinkName": null,
        "attendingGroups": null,
        "encodedPolylines": [],
        "duration": null,
        "start": 1788123600000,
        "displayName": "SCHEDULED ROADWORK",
        "roads": [
          {
            "conditionTendency": "",
            "crossStreet": "Church Street",
            "delay": "",
            "impactedLanes": [],
            "locationQualifier": "near",
            "mainStreet": "Princes Highway",
            "quadrant": "",
            "queueLength": 0,
            "region": "South Coast",
            "secondLocation": "",
            "suburb": "Mogo",
            "trafficVolume": ""
          }
        ],
        "isLocalRoad": "State road",
        "CategoryIcon": "Roadworks"
      }
    },
    {
      "type": "Feature",
      "id": 290259,
      "geometry": {
        "type": "Point",
        "coordinates": [
          151.2002997,
          -33.814639
        ],
        "collections": []
      },
      "properties": {
        "webLinks": [],
        "headline": "",
        "periods": [
          {
            "closureType": "ROAD_CLOSURE",
            "roadextent": "Affected",
            "roadtype": "",
            "direction": "Both directions",
            "finishTime": "5:00am",
            "fromDay": "Sunday",
            "startTime": "9:00pm",
            "toDay": ""
          },
          {
            "closureType": "ROAD_CLOSURE",
            "roadextent": "Affected",
            "roadtype": "",
            "direction": "Both directions",
            "finishTime": "5:00am",
            "fromDay": "Monday",
            "startTime": "9:00pm",
            "toDay": ""
          },
          {
            "closureType": "ROAD_CLOSURE",
            "roadextent": "Affected",
            "roadtype": "",
            "direction": "Both directions",
            "finishTime": "5:00am",
            "fromDay": "Tuesday",
            "startTime": "9:00pm",
            "toDay": ""
          },
          {
            "closureType": "ROAD_CLOSURE",
            "roadextent": "Affected",
            "roadtype": "",
            "direction": "Both directions",
            "finishTime": "5:00am",
            "fromDay": "Wednesday",
            "startTime": "9:00pm",
            "toDay": ""
          },
          {
            "closureType": "ROAD_CLOSURE",
            "roadextent": "Affected",
            "roadtype": "",
            "direction": "Both directions",
            "finishTime": "5:00am",
            "fromDay": "Thursday",
            "startTime": "9:00pm",
            "toDay": ""
          }
        ],
        "speedLimit": 40,
        "weblinkUrl": null,
        "expectedDelay": -1,
        "ended": false,
        "isNewIncident": true,
        "publicTransport": "",
        "impactingNetwork": false,
        "subCategoryB": null,
        "arrangementAttachments": [],
        "isInitialReport": false,
        "created": 1791356960000,
        "isMajor": false,
        "name": null,
        "subCategoryA": "Resurfacing",
        "adviceA": "Reduced speed limit",
        "adviceB": "Follow directions on site",
        "adviceC": "Allow extra travel time",
        "end": 1793297700000,
        "hideEndDate": false,
        "incidentKind": "Planned",
        "mainCategory": "SCHEDULED ROADWORK",
        "lastUpdated": 1791356960911,
        "otherAdvice": "<p>Portable traffic control devices will allow motorists to pass in one direction at a time. </p><p>Some traffic signals will be flashing yellow.</p>",
        "arrangementElements": [],
        "diversions": "",
        "additionalInfo": [],
        "weblinkName": null,
        "attendingGroups": null,
        "encodedPolylines": [],
        "duration": null,
        "start": 1791453600000,
        "displayName": "SCHEDULED ROADWORK Resurfacing",
        "roads": [
          {
            "conditionTendency": "",
            "crossStreet": "Frenchs Road",
            "delay": "",
            "impactedLanes": [],
            "locationQualifier": "between",
            "mainStreet": "Willoughby Road",
            "quadrant": "",
            "queueLength": 0,
            "region": "Sydney",
            "secondLocation": "Merrenburn Avenue",
            "suburb": "Willoughby",
            "trafficVolume": ""
          }
        ],
        "isLocalRoad": "State road",
        "CategoryIcon": "Roadworks"
      }
    },
    {
      "type": "Feature",
      "id": 290263,
      "geometry": {
        "type": "Point",
        "coordinates": [
          151.21806,
          -33.8864131
        ],
        "collections": []
      },
      "properties": {
        "webLinks": [],
        "headline": "",
        "periods": [
          {
            "closureType": "ROAD_CLOSURE",
            "roadextent": "Closed",
            "roadtype": "Road",
            "direction": "Southbound",
            "finishTime": "5:00am",
            "fromDay": "Tuesday",
            "startTime": "10:00pm",
            "toDay": ""
          },
          {
            "closureType": "ROAD_CLOSURE",
            "roadextent": "Closed",
            "roadtype": "Road",
            "direction": "Southbound",
            "finishTime": "5:00am",
            "fromDay": "Wednesday",
            "startTime": "10:00pm",
            "toDay": ""
          },
          {
            "closureType": "ROAD_CLOSURE",
            "roadextent": "Closed",
            "roadtype": "Road",
            "direction": "Southbound",
            "finishTime": "5:00am",
            "fromDay": "Friday",
            "startTime": "12:00am",
            "toDay": ""
          }
        ],
        "speedLimit": -1,
        "weblinkUrl": null,
        "expectedDelay": -1,
        "ended": false,
        "isNewIncident": true,
        "publicTransport": "",
        "impactingNetwork": false,
        "subCategoryB": null,
        "arrangementAttachments": [],
        "isInitialReport": false,
        "created": 1791358375000,
        "isMajor": false,
        "name": null,
        "subCategoryA": "Upgrade",
        "adviceA": "Use an alternative route",
        "adviceB": "Plan your journey",
        "adviceC": "Allow extra travel time",
        "end": 1792087200000,
        "hideEndDate": false,
        "incidentKind": "Planned",
        "mainCategory": "SCHEDULED ROADWORK",
        "lastUpdated": 1791358376317,
        "otherAdvice": "",
        "arrangementElements": [],
        "diversions": "<p>Anzac Pde, Cleveland St, and back to South Dowling St.</p>",
        "additionalInfo": [],
        "weblinkName": null,
        "attendingGroups": null,
        "encodedPolylines": [],
        "duration": null,
        "start": 1791887400000,
        "displayName": "SCHEDULED ROADWORK Upgrade",
        "roads": [
          {
            "conditionTendency": "",
            "crossStreet": "Moore Park Road",
            "delay": "",
            "impactedLanes": [],
            "locationQualifier": "between",
            "mainStreet": "South Dowling Street",
            "quadrant": "",
            "queueLength": 0,
            "region": "Sydney",
            "secondLocation": "Cleveland Street",
            "suburb": "Moore Park",
            "trafficVolume": ""
          }
        ],
        "isLocalRoad": "State road",
        "CategoryIcon": "Roadworks"
      }
    },
    {
      "type": "Feature",
      "id": 290268,
      "geometry": {
        "type": "Point",
        "coordinates": [
          151.105738,
          -34.0080447
        ],
        "collections": []
      },
      "properties": {
        "webLinks": [],
        "headline": "",
        "periods": [
          {
            "closureType": "ROAD_CLOSURE",
            "roadextent": "Affected",
            "roadtype": "",
            "direction": "Both directions",
            "finishTime": "5:00am",
            "fromDay": "Sunday",
            "startTime": "10:00pm",
            "toDay": ""
          },
          {
            "closureType": "ROAD_CLOSURE",
            "roadextent": "Affected",
            "roadtype": "",
            "direction": "Both directions",
            "finishTime": "5:00am",
            "fromDay": "Monday",
            "startTime": "10:00pm",
            "toDay": ""
          },
          {
            "closureType": "ROAD_CLOSURE",
            "roadextent": "Affected",
            "roadtype": "",
            "direction": "Both directions",
            "finishTime": "5:00am",
            "fromDay": "Tuesday",
            "startTime": "10:00pm",
            "toDay": ""
          },
          {
            "closureType": "ROAD_CLOSURE",
            "roadextent": "Affected",
            "roadtype": "",
            "direction": "Both directions",
            "finishTime": "5:00am",
            "fromDay": "Wednesday",
            "startTime": "10:00pm",
            "toDay": ""
          },
          {
            "closureType": "ROAD_CLOSURE",
            "roadextent": "Affected",
            "roadtype": "",
            "direction": "Both directions",
            "finishTime": "5:00am",
            "fromDay": "Thursday",
            "startTime": "10:00pm",
            "toDay": ""
          }
        ],
        "speedLimit": 40,
        "weblinkUrl": null,
        "expectedDelay": -1,
        "ended": false,
        "isNewIncident": true,
        "publicTransport": "",
        "impactingNetwork": false,
        "subCategoryB": null,
        "arrangementAttachments": [],
        "isInitialReport": false,
        "created": 1791360818000,
        "isMajor": false,
        "name": null,
        "subCategoryA": "Resurfacing",
        "adviceA": "Reduced speed limit",
        "adviceB": "Follow directions on site",
        "adviceC": "Allow extra travel time",
        "end": 1795371300000,
        "hideEndDate": false,
        "incidentKind": "Planned",
        "mainCategory": "SCHEDULED ROADWORK",
        "lastUpdated": 1791360818489,
        "otherAdvice": "<p>Portable traffic control devices will allow motorists to pass in one direction at a time.</p><p>Traffic lights at the intersection of Port Hacking Rd will be blacked out.</p>",
        "arrangementElements": [],
        "diversions": "",
        "additionalInfo": [],
        "weblinkName": null,
        "attendingGroups": null,
        "encodedPolylines": [],
        "duration": null,
        "start": 1794132000000,
        "displayName": "SCHEDULED ROADWORK Resurfacing",
        "roads": [
          {
            "conditionTendency": "",
            "crossStreet": "Belgrave Esplanade",
            "delay": "",
            "impactedLanes": [],
            "locationQualifier": "between",
            "mainStreet": "Princes Highway",
            "quadrant": "",
            "queueLength": 0,
            "region": "Sydney",
            "secondLocation": "Birdwood Street",
            "suburb": "Sylvania",
            "trafficVolume": ""
          }
        ],
        "isLocalRoad": "State road",
        "CategoryIcon": "Roadworks"
      }
    },
    {
      "type": "Feature",
      "id": 290269,
      "geometry": {
        "type": "Point",
        "coordinates": [
          151.151709,
          -33.9383619
        ],
        "collections": []
      },
      "properties": {
        "webLinks": [],
        "headline": "",
        "periods": [
          {
            "closureType": "ROAD_CLOSURE",
            "roadextent": "Affected",
            "roadtype": "",
            "direction": "Both directions",
            "finishTime": "5:00am",
            "fromDay": "Sunday",
            "startTime": "11:00pm",
            "toDay": ""
          },
          {
            "closureType": "ROAD_CLOSURE",
            "roadextent": "Affected",
            "roadtype": "",
            "direction": "Both directions",
            "finishTime": "5:00am",
            "fromDay": "Monday",
            "startTime": "11:00pm",
            "toDay": ""
          },
          {
            "closureType": "ROAD_CLOSURE",
            "roadextent": "Affected",
            "roadtype": "",
            "direction": "Both directions",
            "finishTime": "5:00am",
            "fromDay": "Tuesday",
            "startTime": "11:00pm",
            "toDay": ""
          },
          {
            "closureType": "ROAD_CLOSURE",
            "roadextent": "Affected",
            "roadtype": "",
            "direction": "Both directions",
            "finishTime": "5:00am",
            "fromDay": "Wednesday",
            "startTime": "11:00pm",
            "toDay": ""
          },
          {
            "closureType": "ROAD_CLOSURE",
            "roadextent": "Affected",
            "roadtype": "",
            "direction": "Both directions",
            "finishTime": "5:00am",
            "fromDay": "Thursday",
            "startTime": "11:00pm",
            "toDay": ""
          }
        ],
        "speedLimit": 40,
        "weblinkUrl": null,
        "expectedDelay": -1,
        "ended": false,
        "isNewIncident": false,
        "publicTransport": "",
        "impactingNetwork": false,
        "subCategoryB": null,
        "arrangementAttachments": [],
        "isInitialReport": false,
        "created": 1791361079000,
        "isMajor": false,
        "name": null,
        "subCategoryA": "Resurfacing",
        "adviceA": "Reduced speed limit",
        "adviceB": "Follow directions on site",
        "adviceC": "Allow extra travel time",
        "end": 1796580900000,
        "hideEndDate": false,
        "incidentKind": "Planned",
        "mainCategory": "SCHEDULED ROADWORK",
        "lastUpdated": 1791361225028,
        "otherAdvice": "<p>Portable traffic control devices will allow motorists to pass in one direction at a time.</p><p>Work on Sun 29 Nov will not occur until 1am (Mon).</p><p>Work will not occur on Wed 2 or Thu 3 Dec.</p>",
        "arrangementElements": [],
        "diversions": "",
        "additionalInfo": [],
        "weblinkName": null,
        "attendingGroups": null,
        "encodedPolylines": [],
        "duration": null,
        "start": 1795341600000,
        "displayName": "SCHEDULED ROADWORK Resurfacing",
        "roads": [
          {
            "conditionTendency": "",
            "crossStreet": "Flora Street",
            "delay": "",
            "impactedLanes": [],
            "locationQualifier": "between",
            "mainStreet": "Marsh Street",
            "quadrant": "",
            "queueLength": 0,
            "region": "Sydney",
            "secondLocation": "West Botany Street",
            "suburb": "Arncliffe",
            "trafficVolume": ""
          }
        ],
        "isLocalRoad": "State road",
        "CategoryIcon": "Roadworks"
      }
    },
    {
      "type": "Feature",
      "id": 290270,
      "geometry": {
        "type": "Point",
        "coordinates": [
          150.6929724,
          -33.5509526
        ],
        "collections": []
      },
      "properties": {
        "webLinks": [],
        "headline": "",
        "periods": [
          {
            "closureType": "ROAD_CLOSURE",
            "roadextent": "Affected",
            "roadtype": "",
            "direction": "Both directions",
            "finishTime": "2:00pm",
            "fromDay": "Weekdays",
            "startTime": "10:00am",
            "toDay": ""
          }
        ],
        "speedLimit": 40,
        "weblinkUrl": null,
        "expectedDelay": -1,
        "ended": false,
        "isNewIncident": true,
        "publicTransport": "",
        "impactingNetwork": false,
        "subCategoryB": null,
        "arrangementAttachments": [],
        "isInitialReport": false,
        "created": 1791362003000,
        "isMajor": false,
        "name": null,
        "subCategoryA": "Maintenance",
        "adviceA": "Reduced speed limit",
        "adviceB": "Follow directions on site",
        "adviceC": "Allow extra travel time",
        "end": 1792465200000,
        "hideEndDate": false,
        "incidentKind": "Planned",
        "mainCategory": "SCHEDULED ROADWORK",
        "lastUpdated": 1791362003934,
        "otherAdvice": "<p>Alternating (stop/slow) traffic conditions will be in place to allow motorists to pass in one direction at a time. </p>",
        "arrangementElements": [],
        "diversions": "",
        "additionalInfo": [],
        "weblinkName": null,
        "attendingGroups": null,
        "encodedPolylines": [],
        "duration": null,
        "start": 1791932400000,
        "displayName": "SCHEDULED ROADWORK Maintenance",
        "roads": [
          {
            "conditionTendency": "",
            "crossStreet": "Old Bells Line of Road",
            "delay": "",
            "impactedLanes": [],
            "locationQualifier": "between",
            "mainStreet": "Bells Line of Road & Kurmond Road",
            "quadrant": "",
            "queueLength": 0,
            "region": "Sydney",
            "secondLocation": "Gadds Lane",
            "suburb": "Kurmond",
            "trafficVolume": ""
          }
        ],
        "isLocalRoad": "State road",
        "CategoryIcon": "Roadworks"
      }
    },
    {
      "type": "Feature",
      "id": 290262,
      "geometry": {
        "type": "Point",
        "coordinates": [
          150.7476796,
          -34.1094539
        ],
        "collections": []
      },
      "properties": {
        "webLinks": [],
        "headline": "",
        "periods": [
          {
            "closureType": "ROAD_CLOSURE",
            "roadextent": "Affected",
            "roadtype": "",
            "direction": "Both directions",
            "finishTime": "3:00pm",
            "fromDay": "Weekdays",
            "startTime": "10:00am",
            "toDay": ""
          }
        ],
        "speedLimit": 40,
        "weblinkUrl": null,
        "expectedDelay": -1,
        "ended": false,
        "isNewIncident": false,
        "publicTransport": "",
        "impactingNetwork": false,
        "subCategoryB": null,
        "arrangementAttachments": [],
        "isInitialReport": false,
        "created": 1791357777000,
        "isMajor": false,
        "name": null,
        "subCategoryA": "Utilities",
        "adviceA": "Reduced speed limit",
        "adviceB": "Follow directions on site",
        "adviceC": "Allow extra travel time",
        "end": 1794542400000,
        "hideEndDate": false,
        "incidentKind": "Planned",
        "mainCategory": "SCHEDULED ROADWORK",
        "lastUpdated": 1791362045595,
        "otherAdvice": "<p>Portable traffic control devices will allow motorists to pass in one direction at a time.</p>",
        "arrangementElements": [],
        "diversions": "",
        "additionalInfo": [],
        "weblinkName": null,
        "attendingGroups": null,
        "encodedPolylines": [],
        "duration": null,
        "start": 1793574000000,
        "displayName": "SCHEDULED ROADWORK Utilities",
        "roads": [
          {
            "conditionTendency": "",
            "crossStreet": "Medhurst Road",
            "delay": "",
            "impactedLanes": [],
            "locationQualifier": "between",
            "mainStreet": "Menangle Road",
            "quadrant": "",
            "queueLength": 0,
            "region": "Sydney",
            "secondLocation": "St James Avenue",
            "suburb": "Campbelltown",
            "trafficVolume": ""
          }
        ],
        "isLocalRoad": "State road",
        "CategoryIcon": "Roadworks"
      }
    },
    {
      "type": "Feature",
      "id": 289505,
      "geometry": {
        "type": "Point",
        "coordinates": [
          151.046227,
          -33.847105
        ],
        "collections": []
      },
      "properties": {
        "webLinks": [],
        "headline": "",
        "periods": [
          {
            "closureType": "ROAD_CLOSURE",
            "roadextent": "Affected",
            "roadtype": "",
            "direction": "Both directions",
            "finishTime": "7:00pm",
            "fromDay": "Saturday",
            "startTime": "7:00am",
            "toDay": ""
          }
        ],
        "speedLimit": 40,
        "weblinkUrl": null,
        "expectedDelay": -1,
        "ended": false,
        "isNewIncident": false,
        "publicTransport": "",
        "impactingNetwork": false,
        "subCategoryB": null,
        "arrangementAttachments": [],
        "isInitialReport": false,
        "created": 1790668696000,
        "isMajor": false,
        "name": null,
        "subCategoryA": "null",
        "adviceA": "Reduced speed limit",
        "adviceB": "Follow directions on site",
        "adviceC": "Exercise caution",
        "end": 1792224000000,
        "hideEndDate": false,
        "incidentKind": "Planned",
        "mainCategory": "SCHEDULED ROADWORK",
        "lastUpdated": 1791362302288,
        "otherAdvice": "<p>Alternating (stop/slow) traffic conditions will be in place to allow motorists to pass in one direction at a time. </p>",
        "arrangementElements": [],
        "diversions": "",
        "additionalInfo": [],
        "weblinkName": null,
        "attendingGroups": null,
        "encodedPolylines": [],
        "duration": null,
        "start": 1792180800000,
        "displayName": "SCHEDULED ROADWORK",
        "roads": [
          {
            "conditionTendency": "",
            "crossStreet": "Parramatta Road",
            "delay": "",
            "impactedLanes": [],
            "locationQualifier": "between",
            "mainStreet": "Day Street South",
            "quadrant": "",
            "queueLength": 0,
            "region": "Sydney",
            "secondLocation": "Alban Street",
            "suburb": "Lidcombe",
            "trafficVolume": ""
          }
        ],
        "isLocalRoad": "State road",
        "CategoryIcon": "Roadworks"
      }
    },
    {
      "type": "Feature",
      "id": 290271,
      "geometry": {
        "type": "Point",
        "coordinates": [
          151.0843081,
          -33.7642874
        ],
        "collections": []
      },
      "properties": {
        "webLinks": [],
        "headline": "",
        "periods": [
          {
            "closureType": "ROAD_CLOSURE",
            "roadextent": "Closed",
            "roadtype": "Off-ramp",
            "direction": "Westbound",
            "finishTime": "5:00am",
            "fromDay": "Sunday",
            "startTime": "10:00pm",
            "toDay": ""
          },
          {
            "closureType": "ROAD_CLOSURE",
            "roadextent": "Closed",
            "roadtype": "Off-ramp",
            "direction": "Westbound",
            "finishTime": "5:00am",
            "fromDay": "Monday",
            "startTime": "10:00pm",
            "toDay": ""
          },
          {
            "closureType": "ROAD_CLOSURE",
            "roadextent": "Closed",
            "roadtype": "Off-ramp",
            "direction": "Westbound",
            "finishTime": "5:00am",
            "fromDay": "Tuesday",
            "startTime": "10:00pm",
            "toDay": ""
          },
          {
            "closureType": "ROAD_CLOSURE",
            "roadextent": "Closed",
            "roadtype": "Off-ramp",
            "direction": "Westbound",
            "finishTime": "5:00am",
            "fromDay": "Wednesday",
            "startTime": "10:00pm",
            "toDay": ""
          },
          {
            "closureType": "ROAD_CLOSURE",
            "roadextent": "Closed",
            "roadtype": "Off-ramp",
            "direction": "Westbound",
            "finishTime": "5:00am",
            "fromDay": "Thursday",
            "startTime": "10:00pm",
            "toDay": ""
          }
        ],
        "speedLimit": -1,
        "weblinkUrl": null,
        "expectedDelay": -1,
        "ended": false,
        "isNewIncident": true,
        "publicTransport": "",
        "impactingNetwork": false,
        "subCategoryB": null,
        "arrangementAttachments": [],
        "isInitialReport": false,
        "created": 1791362523000,
        "isMajor": false,
        "name": null,
        "subCategoryA": "Resurfacing",
        "adviceA": "Use an alternative route",
        "adviceB": "Plan your journey",
        "adviceC": "Allow extra travel time",
        "end": 1795112100000,
        "hideEndDate": false,
        "incidentKind": "Planned",
        "mainCategory": "SCHEDULED ROADWORK",
        "lastUpdated": 1791362523547,
        "otherAdvice": "<p>Only the off-ramp is closing. The motorway will remain open with lane closures and a reduced speed limit in place.</p>",
        "arrangementElements": [],
        "diversions": "<p>Pennant Hills Rd and Carlingford Rd to Beecroft Rd.</p>",
        "additionalInfo": [],
        "weblinkName": null,
        "attendingGroups": null,
        "encodedPolylines": [],
        "duration": null,
        "start": 1794740400000,
        "displayName": "SCHEDULED ROADWORK Resurfacing",
        "roads": [
          {
            "conditionTendency": "",
            "crossStreet": "Beecroft Road",
            "delay": "",
            "impactedLanes": [],
            "locationQualifier": "to",
            "mainStreet": "M2 Motorway westbound off-ramp",
            "quadrant": "",
            "queueLength": 0,
            "region": "Sydney",
            "secondLocation": "",
            "suburb": "Cheltenham",
            "trafficVolume": ""
          }
        ],
        "isLocalRoad": "State road",
        "CategoryIcon": "Roadworks"
      }
    },
    {
      "type": "Feature",
      "id": 215780,
      "geometry": {
        "type": "Point",
        "coordinates": [
          151.2105237,
          -33.841515
        ],
        "collections": []
      },
      "properties": {
        "webLinks": [],
        "headline": "",
        "periods": [],
        "speedLimit": -1,
        "weblinkUrl": null,
        "expectedDelay": -1,
        "ended": false,
        "isNewIncident": false,
        "publicTransport": "<p>Visit <a href=\"https://transportnsw.info/news/2024/catch-train-metro-or-ferry-during-warringah-freeway-upgrade-works\" target=\"_blank\">transportnsw.info </a>to plan your trip on public transport.</p>",
        "impactingNetwork": true,
        "subCategoryB": null,
        "arrangementAttachments": [],
        "isInitialReport": false,
        "created": 1732752139000,
        "isMajor": false,
        "name": null,
        "subCategoryA": "null",
        "adviceA": "Plan your journey",
        "adviceB": "Exercise caution",
        "adviceC": "Expect delays",
        "end": 1798705260000,
        "hideEndDate": true,
        "incidentKind": "Planned",
        "mainCategory": "SCHEDULED ROADWORK",
        "lastUpdated": 1791367990557,
        "otherAdvice": "<p>Changes to traffic conditions will be in place at various times <strong>northbound</strong> along the Warringah Fwy towards Cammeray and other nearby roads as a result of the Warringah Freeway upgrade and Western Harbour Tunnel projects. </p><p>These changes will include a combination of on/off-ramp and lane closures.</p><p>Changes to traffic conditions are also in place for southbound motorists - <a href=\"https://www.livetraffic.com/incident-details/214849\" target=\"_blank\">Warringah Fwy southbound</a>.</p>",
        "arrangementElements": [
          {
            "html": "<p>On the following dates:</p><p><strong>10pm Fri 9 Oct to 6pm Sat 10 Oct</strong></p><p><strong>10pm Fri 16 Oct to 6pm Sat 17 Oct</strong></p><p>Arthur St will be closed between Pacific Hwy and High St - use Pacific Hwy and Miller St instead.</p><p>Arthur St will be closed between High St and Mount St - use Pacific Hwy, Walker St and Berry St to Mount St instead.</p><p><br></p>",
            "title": "Arthur Street",
            "id": "922155"
          },
          {
            "html": "<p>There are no current works planned that require closures. Information will be provided when closures are required.</p>",
            "title": "High Street",
            "id": "922156"
          },
          {
            "html": "<p>There are no current works planned that require closures. Information will be provided when closures are required.</p>",
            "title": "Falcon Street",
            "id": "922157"
          }
        ],
        "diversions": "",
        "additionalInfo": [],
        "weblinkName": null,
        "attendingGroups": null,
        "encodedPolylines": [],
        "duration": null,
        "start": 1704027600000,
        "displayName": "SCHEDULED ROADWORK Warringah Freeway Upgrade/Western Harbour Tunnel Project",
        "roads": [
          {
            "conditionTendency": "",
            "crossStreet": "",
            "delay": "",
            "impactedLanes": [],
            "locationQualifier": "to",
            "mainStreet": "Warringah Freeway Northbound",
            "quadrant": "",
            "queueLength": 0,
            "region": "Sydney",
            "secondLocation": "",
            "suburb": "North Sydney to Cammeray",
            "trafficVolume": ""
          }
        ],
        "isLocalRoad": "State road",
        "CategoryIcon": "Roadworks"
      }
    },
    {
      "type": "Feature",
      "id": 278412,
      "geometry": {
        "type": "Point",
        "coordinates": [
          151.042182,
          -33.861554
        ],
        "collections": []
      },
      "properties": {
        "webLinks": [],
        "headline": "",
        "periods": [
          {
            "closureType": "ROAD_CLOSURE",
            "roadextent": "Affected",
            "roadtype": "",
            "direction": "All directions",
            "finishTime": "5:00am",
            "fromDay": "Weekdays",
            "startTime": "12:00am",
            "toDay": ""
          }
        ],
        "speedLimit": 40,
        "weblinkUrl": null,
        "expectedDelay": -1,
        "ended": false,
        "isNewIncident": false,
        "publicTransport": "",
        "impactingNetwork": false,
        "subCategoryB": null,
        "arrangementAttachments": [],
        "isInitialReport": false,
        "created": 1781743647000,
        "isMajor": false,
        "name": null,
        "subCategoryA": "Utilities",
        "adviceA": "Reduced speed limit",
        "adviceB": "Follow directions on site",
        "adviceC": "Allow extra travel time",
        "end": 1792778400000,
        "hideEndDate": false,
        "incidentKind": "Planned",
        "mainCategory": "SCHEDULED ROADWORK",
        "lastUpdated": 1791412480350,
        "otherAdvice": "<p>Traffic lights at the intersection of Olympic Dr and Church St will be blacked out or flashing, and alternating (stop/slow) traffic conditions will allow motorists to pass in one direction at a time.</p>",
        "arrangementElements": [],
        "diversions": "",
        "additionalInfo": [],
        "weblinkName": null,
        "attendingGroups": null,
        "encodedPolylines": [],
        "duration": null,
        "start": 1782089100000,
        "displayName": "SCHEDULED ROADWORK Utilities",
        "roads": [
          {
            "conditionTendency": "",
            "crossStreet": "Vaughan Street",
            "delay": "",
            "impactedLanes": [],
            "locationQualifier": "between",
            "mainStreet": "Olympic Drive",
            "quadrant": "",
            "queueLength": 0,
            "region": "Sydney",
            "secondLocation": "Childs Street",
            "suburb": "Lidcombe",
            "trafficVolume": ""
          }
        ],
        "isLocalRoad": "State road",
        "CategoryIcon": "Roadworks"
      }
    },
    {
      "type": "Feature",
      "id": 289068,
      "geometry": {
        "type": "Point",
        "coordinates": [
          151.065968,
          -33.793858
        ],
        "collections": []
      },
      "properties": {
        "webLinks": [],
        "headline": "",
        "periods": [
          {
            "closureType": "ROAD_CLOSURE",
            "roadextent": "Affected",
            "roadtype": "",
            "direction": "All directions",
            "finishTime": "5:00am",
            "fromDay": "Sunday",
            "startTime": "10:00pm",
            "toDay": ""
          },
          {
            "closureType": "ROAD_CLOSURE",
            "roadextent": "Affected",
            "roadtype": "",
            "direction": "All directions",
            "finishTime": "5:00am",
            "fromDay": "Monday",
            "startTime": "10:00pm",
            "toDay": ""
          },
          {
            "closureType": "ROAD_CLOSURE",
            "roadextent": "Affected",
            "roadtype": "",
            "direction": "All directions",
            "finishTime": "5:00am",
            "fromDay": "Tuesday",
            "startTime": "10:00pm",
            "toDay": ""
          },
          {
            "closureType": "ROAD_CLOSURE",
            "roadextent": "Affected",
            "roadtype": "",
            "direction": "All directions",
            "finishTime": "5:00am",
            "fromDay": "Wednesday",
            "startTime": "10:00pm",
            "toDay": ""
          },
          {
            "closureType": "ROAD_CLOSURE",
            "roadextent": "Affected",
            "roadtype": "",
            "direction": "All directions",
            "finishTime": "5:00am",
            "fromDay": "Thursday",
            "startTime": "10:30pm",
            "toDay": ""
          }
        ],
        "speedLimit": 40,
        "weblinkUrl": null,
        "expectedDelay": -1,
        "ended": false,
        "isNewIncident": false,
        "publicTransport": "",
        "impactingNetwork": false,
        "subCategoryB": null,
        "arrangementAttachments": [],
        "isInitialReport": false,
        "created": 1790233803000,
        "isMajor": false,
        "name": null,
        "subCategoryA": "Resurfacing",
        "adviceA": "Reduced speed limit",
        "adviceB": "Follow directions on site",
        "adviceC": "Allow extra travel time",
        "end": 1792951200000,
        "hideEndDate": false,
        "incidentKind": "Planned",
        "mainCategory": "SCHEDULED ROADWORK",
        "lastUpdated": 1791412759085,
        "otherAdvice": "<p>Traffic lights at the intersection of Marsden Rd and Lawson St will be blacked out or flashing, and alternating (stop/slow) traffic conditions will be in place to allow motorists to pass in one direction at a time.</p>",
        "arrangementElements": [],
        "diversions": "",
        "additionalInfo": [],
        "weblinkName": null,
        "attendingGroups": null,
        "encodedPolylines": [],
        "duration": null,
        "start": 1790492880000,
        "displayName": "SCHEDULED ROADWORK Resurfacing",
        "roads": [
          {
            "conditionTendency": "",
            "crossStreet": "Terry Road",
            "delay": "",
            "impactedLanes": [],
            "locationQualifier": "between",
            "mainStreet": "Marsden Road",
            "quadrant": "",
            "queueLength": 0,
            "region": "Sydney",
            "secondLocation": "Cowells Lane",
            "suburb": "Eastwood",
            "trafficVolume": ""
          }
        ],
        "isLocalRoad": "State road",
        "CategoryIcon": "Roadworks"
      }
    },
    {
      "type": "Feature",
      "id": 288980,
      "geometry": {
        "type": "Point",
        "coordinates": [
          151.2784971,
          -33.6487816
        ],
        "collections": []
      },
      "properties": {
        "webLinks": [],
        "headline": "",
        "periods": [
          {
            "closureType": "ROAD_CLOSURE",
            "roadextent": "Affected",
            "roadtype": "",
            "direction": "Both directions",
            "finishTime": "2:00pm",
            "fromDay": "Weekdays",
            "startTime": "10:00am",
            "toDay": ""
          }
        ],
        "speedLimit": 40,
        "weblinkUrl": null,
        "expectedDelay": -1,
        "ended": false,
        "isNewIncident": false,
        "publicTransport": "",
        "impactingNetwork": false,
        "subCategoryB": null,
        "arrangementAttachments": [],
        "isInitialReport": false,
        "created": 1790159522000,
        "isMajor": false,
        "name": null,
        "subCategoryA": "null",
        "adviceA": "Exercise caution",
        "adviceB": "Reduced speed limit",
        "adviceC": " ",
        "end": 1791797100000,
        "hideEndDate": false,
        "incidentKind": "Planned",
        "mainCategory": "SCHEDULED ROADWORK",
        "lastUpdated": 1791413334779,
        "otherAdvice": "<p>Alternating (stop/slow) traffic conditions will be in place to allow motorists to pass in one direction at a time.</p>",
        "arrangementElements": [],
        "diversions": "",
        "additionalInfo": [],
        "weblinkName": null,
        "attendingGroups": null,
        "encodedPolylines": [],
        "duration": null,
        "start": 1790245500000,
        "displayName": "SCHEDULED ROADWORK",
        "roads": [
          {
            "conditionTendency": "",
            "crossStreet": "Pittwater Road",
            "delay": "",
            "impactedLanes": [],
            "locationQualifier": "between",
            "mainStreet": "Mccarrs Creek Road",
            "quadrant": "",
            "queueLength": 0,
            "region": "Sydney",
            "secondLocation": "Walker Place",
            "suburb": "Church Point",
            "trafficVolume": ""
          }
        ],
        "isLocalRoad": "State road",
        "CategoryIcon": "Roadworks"
      }
    },
    {
      "type": "Feature",
      "id": 284990,
      "geometry": {
        "type": "Point",
        "coordinates": [
          151.0003661,
          -34.0725547
        ],
        "collections": []
      },
      "properties": {
        "webLinks": [],
        "headline": "",
        "periods": [
          {
            "closureType": "ROAD_CLOSURE",
            "roadextent": "Closed",
            "roadtype": "Road",
            "direction": "Both directions",
            "finishTime": "5:00am",
            "fromDay": "Monday",
            "startTime": "8:00pm",
            "toDay": ""
          },
          {
            "closureType": "ROAD_CLOSURE",
            "roadextent": "Closed",
            "roadtype": "Road",
            "direction": "Both directions",
            "finishTime": "5:00am",
            "fromDay": "Tuesday",
            "startTime": "8:00pm",
            "toDay": ""
          },
          {
            "closureType": "ROAD_CLOSURE",
            "roadextent": "Closed",
            "roadtype": "Road",
            "direction": "Both directions",
            "finishTime": "5:00am",
            "fromDay": "Wednesday",
            "startTime": "8:00pm",
            "toDay": ""
          },
          {
            "closureType": "ROAD_CLOSURE",
            "roadextent": "Closed",
            "roadtype": "Road",
            "direction": "Both directions",
            "finishTime": "5:00am",
            "fromDay": "Thursday",
            "startTime": "8:00pm",
            "toDay": ""
          },
          {
            "closureType": "ROAD_CLOSURE",
            "roadextent": "Closed",
            "roadtype": "Road",
            "direction": "Both directions",
            "finishTime": "5:00am",
            "fromDay": "Friday",
            "startTime": "8:00pm",
            "toDay": ""
          }
        ],
        "speedLimit": -1,
        "weblinkUrl": null,
        "expectedDelay": -1,
        "ended": false,
        "isNewIncident": false,
        "publicTransport": "",
        "impactingNetwork": true,
        "subCategoryB": null,
        "arrangementAttachments": [],
        "isInitialReport": false,
        "created": 1786961263000,
        "isMajor": false,
        "name": null,
        "subCategoryA": "null",
        "adviceA": "Use diversions",
        "adviceB": "Plan your journey",
        "adviceC": "Allow extra travel time",
        "end": 1792778400000,
        "hideEndDate": false,
        "incidentKind": "Planned",
        "mainCategory": "SCHEDULED ROADWORK",
        "lastUpdated": 1791413758441,
        "otherAdvice": "",
        "arrangementElements": [],
        "diversions": "<p>Northbound: Princes Hwy, The Grande Pde, Linden St, and Bangor Bypass to New Illawarra Rd.</p><p>Southbound: New Illawarra Rd, Bangor Bypass, Linden St, and The Grand Pde to Princes Hwy.</p>",
        "additionalInfo": [],
        "weblinkName": null,
        "attendingGroups": null,
        "encodedPolylines": [],
        "duration": null,
        "start": 1789984800000,
        "displayName": "SCHEDULED ROADWORK",
        "roads": [
          {
            "conditionTendency": "",
            "crossStreet": "Princes Highway",
            "delay": "",
            "impactedLanes": [],
            "locationQualifier": "between",
            "mainStreet": "Heathcote Road",
            "quadrant": "",
            "queueLength": 0,
            "region": "Sydney",
            "secondLocation": "New Illawarra Road",
            "suburb": "Heathcote",
            "trafficVolume": ""
          }
        ],
        "isLocalRoad": "State road",
        "CategoryIcon": "Roadworks"
      }
    },
    {
      "type": "Feature",
      "id": 281724,
      "geometry": {
        "type": "Point",
        "coordinates": [
          151.095239,
          -33.964036
        ],
        "collections": []
      },
      "properties": {
        "webLinks": [],
        "headline": "",
        "periods": [
          {
            "closureType": "ROAD_CLOSURE",
            "roadextent": "Affected",
            "roadtype": "",
            "direction": "Both directions",
            "finishTime": "5:00am",
            "fromDay": "Sunday",
            "startTime": "9:00pm",
            "toDay": ""
          },
          {
            "closureType": "ROAD_CLOSURE",
            "roadextent": "Affected",
            "roadtype": "",
            "direction": "Both directions",
            "finishTime": "5:00am",
            "fromDay": "Monday",
            "startTime": "9:00pm",
            "toDay": ""
          },
          {
            "closureType": "ROAD_CLOSURE",
            "roadextent": "Affected",
            "roadtype": "",
            "direction": "Both directions",
            "finishTime": "5:00am",
            "fromDay": "Tuesday",
            "startTime": "9:00pm",
            "toDay": ""
          },
          {
            "closureType": "ROAD_CLOSURE",
            "roadextent": "Affected",
            "roadtype": "",
            "direction": "Both directions",
            "finishTime": "5:00am",
            "fromDay": "Wednesday",
            "startTime": "9:00pm",
            "toDay": ""
          },
          {
            "closureType": "ROAD_CLOSURE",
            "roadextent": "Affected",
            "roadtype": "",
            "direction": "Both directions",
            "finishTime": "5:00am",
            "fromDay": "Thursday",
            "startTime": "9:00pm",
            "toDay": ""
          }
        ],
        "speedLimit": 40,
        "weblinkUrl": null,
        "expectedDelay": -1,
        "ended": false,
        "isNewIncident": false,
        "publicTransport": "",
        "impactingNetwork": false,
        "subCategoryB": null,
        "arrangementAttachments": [],
        "isInitialReport": false,
        "created": 1784206620000,
        "isMajor": false,
        "name": null,
        "subCategoryA": "Maintenance",
        "adviceA": "Reduced speed limit",
        "adviceB": "Check signage",
        "adviceC": "Allow extra travel time",
        "end": 1791915300000,
        "hideEndDate": false,
        "incidentKind": "Planned",
        "mainCategory": "SCHEDULED ROADWORK",
        "lastUpdated": 1791413873255,
        "otherAdvice": "<p>Traffic lights in the area may be blacked out or flashing yellow and alternating (stop/slow) traffic conditions will be in place to allow motorists to pass in one direction at a time.</p>",
        "arrangementElements": [],
        "diversions": "",
        "additionalInfo": [],
        "weblinkName": null,
        "attendingGroups": null,
        "encodedPolylines": [],
        "duration": null,
        "start": 1790593200000,
        "displayName": "SCHEDULED ROADWORK Maintenance",
        "roads": [
          {
            "conditionTendency": "",
            "crossStreet": "Bridge Street",
            "delay": "",
            "impactedLanes": [],
            "locationQualifier": "between",
            "mainStreet": "Forest Road",
            "quadrant": "",
            "queueLength": 0,
            "region": "Sydney",
            "secondLocation": "Queens Road",
            "suburb": "Hurstville",
            "trafficVolume": ""
          }
        ],
        "isLocalRoad": "State road",
        "CategoryIcon": "Roadworks"
      }
    },
    {
      "type": "Feature",
      "id": 221744,
      "geometry": {
        "type": "Point",
        "coordinates": [
          151.6899863,
          -32.9287573
        ],
        "collections": []
      },
      "properties": {
        "webLinks": [
          {
            "linkText": "Rankin Park to Jesmond Inner City Bypass",
            "linkURL": "https://www.transport.nsw.gov.au/projects/current-projects/rankin-park-to-jesmond-newcastle-inner-city-bypass"
          },
          {
            "linkText": "Newcastle and surrounds traffic impacts",
            "linkURL": "https://www.transport.nsw.gov.au/projects/current-projects/newcastle-and-surrounds-traffic-impacts"
          }
        ],
        "headline": "",
        "periods": [
          {
            "closureType": "ROAD_CLOSURE",
            "roadextent": "Closed",
            "roadtype": "Road",
            "direction": "Westbound",
            "finishTime": "5:00am",
            "fromDay": "Sunday",
            "startTime": "7:00pm",
            "toDay": ""
          },
          {
            "closureType": "ROAD_CLOSURE",
            "roadextent": "Closed",
            "roadtype": "Road",
            "direction": "Westbound",
            "finishTime": "5:00am",
            "fromDay": "Monday",
            "startTime": "7:00pm",
            "toDay": ""
          }
        ],
        "speedLimit": 40,
        "weblinkUrl": null,
        "expectedDelay": -1,
        "ended": false,
        "isNewIncident": false,
        "publicTransport": "<p>The westbound bus stop on McCaffrey Drive, between Marshall Street and Elbrook Drive will be closed.</p>",
        "impactingNetwork": true,
        "subCategoryB": null,
        "arrangementAttachments": [],
        "isInitialReport": false,
        "created": 1737671133000,
        "isMajor": false,
        "name": null,
        "subCategoryA": "null",
        "adviceA": "Check signage",
        "adviceB": "Reduced speed limit",
        "adviceC": "Allow extra travel time",
        "end": 1791828000000,
        "hideEndDate": false,
        "incidentKind": "Planned",
        "mainCategory": "SCHEDULED ROADWORK",
        "lastUpdated": 1791414595637,
        "otherAdvice": "<p>Changed traffic conditions will be in place as work continues on the Rankin Park to Jesmond project.</p><p>McCaffrey will be closed westbound <strong>7pm and 5am on Sunday 11 or Monday 12 October</strong>, weather permitting.  </p><p>Operators of oversize and/or overmass vehicles with a ground contact wider than 3m to contact 1800 818 433 at least one day ahead of movement. OSOM are advised the project operates on UHF channel 52 at the Southern Interchange. </p>",
        "arrangementElements": [],
        "diversions": "<p>Via Grandview Rd &amp; Elbrook Dve. Motorists are advised to allow approximately 10 minutes of additional travel time.</p>",
        "additionalInfo": [],
        "weblinkName": null,
        "attendingGroups": null,
        "encodedPolylines": [],
        "duration": null,
        "start": 1791705600000,
        "displayName": "SCHEDULED ROADWORK Rankin Park to Jesmond",
        "roads": [
          {
            "conditionTendency": "",
            "crossStreet": "Lookout Road",
            "delay": "",
            "impactedLanes": [],
            "locationQualifier": "between",
            "mainStreet": "McCaffrey Drive",
            "quadrant": "",
            "queueLength": 0,
            "region": "Hunter",
            "secondLocation": "Elbrook Drive",
            "suburb": "New Lambton Heights",
            "trafficVolume": ""
          }
        ],
        "isLocalRoad": "Local road",
        "CategoryIcon": "Roadworks"
      }
    },
    {
      "type": "Feature",
      "id": 290306,
      "geometry": {
        "type": "Point",
        "coordinates": [
          151.078216,
          -34.031348
        ],
        "collections": []
      },
      "properties": {
        "webLinks": [],
        "headline": "",
        "periods": [
          {
            "closureType": "ROAD_CLOSURE",
            "roadextent": "Affected",
            "roadtype": "",
            "direction": "All directions",
            "finishTime": "5:00am",
            "fromDay": "Thursday",
            "startTime": "10:00pm",
            "toDay": ""
          },
          {
            "closureType": "ROAD_CLOSURE",
            "roadextent": "Affected",
            "roadtype": "",
            "direction": "All directions",
            "finishTime": "5:00am",
            "fromDay": "Tuesday",
            "startTime": "10:00pm",
            "toDay": ""
          }
        ],
        "speedLimit": 40,
        "weblinkUrl": null,
        "expectedDelay": -1,
        "ended": false,
        "isNewIncident": true,
        "publicTransport": "",
        "impactingNetwork": false,
        "subCategoryB": null,
        "arrangementAttachments": [],
        "isInitialReport": false,
        "created": 1791416424000,
        "isMajor": false,
        "name": null,
        "subCategoryA": "Intersection upgrade",
        "adviceA": "Reduced speed limit",
        "adviceB": "Follow directions on site",
        "adviceC": "Allow extra travel time",
        "end": 1791914400000,
        "hideEndDate": false,
        "incidentKind": "Planned",
        "mainCategory": "SCHEDULED ROADWORK",
        "lastUpdated": 1791416425102,
        "otherAdvice": "<p>Traffic lights at the intersection of Princes Hwy and Kingsway will be blacked out or flashing, and portable traffic lights will allow motorists to pass in one direction at a time. </p>",
        "arrangementElements": [],
        "diversions": "",
        "additionalInfo": [],
        "weblinkName": null,
        "attendingGroups": null,
        "encodedPolylines": [],
        "duration": null,
        "start": 1791416340000,
        "displayName": "SCHEDULED ROADWORK Intersection upgrade",
        "roads": [
          {
            "conditionTendency": "",
            "crossStreet": "Oak Road",
            "delay": "",
            "impactedLanes": [],
            "locationQualifier": "between",
            "mainStreet": "Princes Highway",
            "quadrant": "",
            "queueLength": 0,
            "region": "Sydney",
            "secondLocation": "The Boulevarde",
            "suburb": "Kirrawee",
            "trafficVolume": ""
          }
        ],
        "isLocalRoad": "State road",
        "CategoryIcon": "Roadworks"
      }
    },
    {
      "type": "Feature",
      "id": 290311,
      "geometry": {
        "type": "Point",
        "coordinates": [
          150.129293,
          -35.817423
        ],
        "collections": []
      },
      "properties": {
        "webLinks": [],
        "headline": "",
        "periods": [
          {
            "closureType": "ROAD_CLOSURE",
            "roadextent": "Affected",
            "roadtype": "",
            "direction": "Both directions",
            "finishTime": "6:00pm",
            "fromDay": "Weekdays",
            "startTime": "6:00am",
            "toDay": ""
          }
        ],
        "speedLimit": 40,
        "weblinkUrl": null,
        "expectedDelay": -1,
        "ended": false,
        "isNewIncident": true,
        "publicTransport": "",
        "impactingNetwork": false,
        "subCategoryB": null,
        "arrangementAttachments": [],
        "isInitialReport": false,
        "created": 1791421384000,
        "isMajor": false,
        "name": null,
        "subCategoryA": "null",
        "adviceA": "Reduced speed limit",
        "adviceB": "Check signage",
        "adviceC": " ",
        "end": 1793948400000,
        "hideEndDate": false,
        "incidentKind": "Planned",
        "mainCategory": "SCHEDULED ROADWORK",
        "lastUpdated": 1791421384704,
        "otherAdvice": "<p>Single- lane closures will be in place. </p><p>Traffic controllers will be on site to direct motorists. </p>",
        "arrangementElements": [],
        "diversions": "",
        "additionalInfo": [],
        "weblinkName": null,
        "attendingGroups": null,
        "encodedPolylines": [],
        "duration": null,
        "start": 1791831600000,
        "displayName": "SCHEDULED ROADWORK",
        "roads": [
          {
            "conditionTendency": "",
            "crossStreet": "Old Mossy Point Road",
            "delay": "",
            "impactedLanes": [],
            "locationQualifier": "at",
            "mainStreet": "Princes Highway",
            "quadrant": "",
            "queueLength": 0,
            "region": "South Coast",
            "secondLocation": "",
            "suburb": "Bimbimbie",
            "trafficVolume": ""
          }
        ],
        "isLocalRoad": "State road",
        "CategoryIcon": "Roadworks"
      }
    },
    {
      "type": "Feature",
      "id": 285048,
      "geometry": {
        "type": "Point",
        "coordinates": [
          150.578513,
          -35.025226
        ],
        "collections": []
      },
      "properties": {
        "webLinks": [],
        "headline": "",
        "periods": [
          {
            "closureType": "ROAD_CLOSURE",
            "roadextent": "Affected",
            "roadtype": "",
            "direction": "Both directions",
            "finishTime": "6:00am",
            "fromDay": "Weekday Nights",
            "startTime": "7:00pm",
            "toDay": ""
          }
        ],
        "speedLimit": -1,
        "weblinkUrl": null,
        "expectedDelay": -1,
        "ended": false,
        "isNewIncident": false,
        "publicTransport": "",
        "impactingNetwork": false,
        "subCategoryB": null,
        "arrangementAttachments": [
          {
            "displayName": "Work_Area",
            "fileName": "Work_Area.png",
            "fileType": "PNG",
            "linkName": "Work_Area",
            "sizeInBytes": 80496,
            "uniqueFileName": "905460_1787012729321_Work_Area.png"
          }
        ],
        "isInitialReport": false,
        "created": 1787531088000,
        "isMajor": false,
        "name": null,
        "subCategoryA": "null",
        "adviceA": "Reduce your speed",
        "adviceB": "Check signage",
        "adviceC": "Exercise caution",
        "end": 1792090800000,
        "hideEndDate": false,
        "incidentKind": "Planned",
        "mainCategory": "SCHEDULED ROADWORK",
        "lastUpdated": 1791428749991,
        "otherAdvice": "<p>Single lane closures will be in place. </p><p>Traffic controllers will be on site to direct motorists. </p>",
        "arrangementElements": [],
        "diversions": "",
        "additionalInfo": [],
        "weblinkName": null,
        "attendingGroups": null,
        "encodedPolylines": [],
        "duration": null,
        "start": 1791792000000,
        "displayName": "SCHEDULED ROADWORK",
        "roads": [
          {
            "conditionTendency": "",
            "crossStreet": "Hawken Road",
            "delay": "",
            "impactedLanes": [],
            "locationQualifier": "between",
            "mainStreet": "Princes Highway",
            "quadrant": "",
            "queueLength": 0,
            "region": "South Coast",
            "secondLocation": "Willowgreen Road",
            "suburb": "Falls Creek",
            "trafficVolume": ""
          }
        ],
        "isLocalRoad": "State road",
        "CategoryIcon": "Roadworks"
      }
    },
    {
      "type": "Feature",
      "id": 244943,
      "geometry": {
        "type": "Point",
        "coordinates": [
          151.213469,
          -33.8552199
        ],
        "collections": []
      },
      "properties": {
        "webLinks": [],
        "headline": "",
        "periods": [],
        "speedLimit": -1,
        "weblinkUrl": null,
        "expectedDelay": -1,
        "ended": false,
        "isNewIncident": false,
        "publicTransport": "",
        "impactingNetwork": true,
        "subCategoryB": null,
        "arrangementAttachments": [],
        "isInitialReport": false,
        "created": 1754541149000,
        "isMajor": false,
        "name": null,
        "subCategoryA": "Warringah Freeway Upgrade",
        "adviceA": "Use an alternative route",
        "adviceB": "Plan your journey",
        "adviceC": "Allow extra travel time",
        "end": 1798653600000,
        "hideEndDate": true,
        "incidentKind": "Planned",
        "mainCategory": "SCHEDULED ROADWORK",
        "lastUpdated": 1791428937205,
        "otherAdvice": "<p>Lane closures with reduced capacity may occur on various nights, generally between 10pm and 5am.</p><p>See <strong>Traffic Arrangements</strong> for specific dates of full directional tunnel closures.</p>",
        "arrangementElements": [
          {
            "html": "<p><strong>Nightly full closures:</strong></p><p>Mon 12 Oct 10pm to 5am</p><p>Thu 15 Oct 10pm to 5am</p><p>Sat 17 Oct 10pm to 6am</p><p>Sun 18 Oct 10pm to 5am</p><p>Mon 19 Oct 10pm to 5am</p><p>Tue 22 Oct 10pm to 5am</p><p>Mon 9 Nov 10:30pm to 5am</p><p>Tue 10 Nov 10:30pm to 5am</p><p>Wed 11 Nov 10:30pm to 5am</p><p>Thu 12 Nov 10:30pm to 5am</p>",
            "title": "Northbound",
            "id": "922469"
          },
          {
            "html": "<p><strong>Nightly full closures:</strong></p><p>Fri 9 Oct 10pm to 6am</p><p>Mon 12 Oct 10pm to 5am</p><p>Tue 13 Oct 10pm to 5am</p><p>Wed 14 Oct 10pm to 5am</p><p>Thu 15 Oct 10pm to 5am</p><p>Fri 16 Oct 10am to 6am</p><p>Wed 21 Oct 10pm to 5am</p><p>Fri 30 Oct 10pm-6am</p><p>Mon 9 Nov 10pm to 5am</p><p>Tue 10 Nov 10pm to 5am</p><p>Wed 11 Nov 10pm to 5am</p><p>Thu 12 Nov 10pm to 5am</p>",
            "title": "Southbound",
            "id": "922470"
          }
        ],
        "diversions": "<p><strong>All vehicles under 19m</strong>: Sydney Harbour Bridge and Cahill Expy.</p><p><strong>GML B-doubles 19m &amp; over: </strong>Victoria Rd and Gladesville Bridge.</p><p><strong>HML B-doubles:</strong> refer to the <a href=\"https://maps.nhvr.gov.au/information?networkLayerContext=NATIONAL_MAP\" target=\"_blank\">National Heavy Vehicle Regulator Map</a> for information.</p>",
        "additionalInfo": [],
        "weblinkName": null,
        "attendingGroups": null,
        "encodedPolylines": [],
        "duration": null,
        "start": 1767268800000,
        "displayName": "SCHEDULED ROADWORK",
        "roads": [
          {
            "conditionTendency": "",
            "crossStreet": "Cahill Expressway",
            "delay": "",
            "impactedLanes": [],
            "locationQualifier": "between",
            "mainStreet": "Sydney Harbour Tunnel",
            "quadrant": "",
            "queueLength": 0,
            "region": "Sydney",
            "secondLocation": "High Street",
            "suburb": "Sydney to North Sydney",
            "trafficVolume": ""
          }
        ],
        "isLocalRoad": "State road",
        "CategoryIcon": "Roadworks"
      }
    },
    {
      "type": "Feature",
      "id": 286129,
      "geometry": {
        "type": "Point",
        "coordinates": [
          151.2115405,
          -33.8444308
        ],
        "collections": []
      },
      "properties": {
        "webLinks": [],
        "headline": "",
        "periods": [],
        "speedLimit": -1,
        "weblinkUrl": null,
        "expectedDelay": -1,
        "ended": false,
        "isNewIncident": false,
        "publicTransport": "",
        "impactingNetwork": true,
        "subCategoryB": null,
        "arrangementAttachments": [],
        "isInitialReport": false,
        "created": 1787662821000,
        "isMajor": false,
        "name": null,
        "subCategoryA": "null",
        "adviceA": "Use an alternative route",
        "adviceB": "Plan your journey",
        "adviceC": "Allow extra travel time",
        "end": 1830189600000,
        "hideEndDate": true,
        "incidentKind": "Planned",
        "mainCategory": "SCHEDULED ROADWORK",
        "lastUpdated": 1791429094784,
        "otherAdvice": "<p>During this closure, there will be no access to the following off-ramps from Sydney Harbour Bridge: Falcon St, Ernest St, Miller St, Brook St, Willoughby Rd., Reserve Rd and Longueville Rd.</p><p>The northbound on-ramp from Berry St and the northbound on-ramp from Falcon St will also be closed.</p><p>The <a href=\"https://www.livetraffic.com/incident-details/244943\" rel=\"noopener noreferrer\" target=\"_blank\">Sydney Harbour Tunnel</a> will also be closed northbound during this time.</p>",
        "arrangementElements": [
          {
            "html": "<p>Wed 7 Oct 10:30pm to 5am</p><p>Mon 12 Oct 10:30pm to 5am</p><p>Fri 16 Oct 12:30am to 5am</p><p>Sun 18 Oct 12am to 6am</p><p>Sun 18 Oct 10:30pm to 5am</p><p>Thur 22 Oct 10:30pm to 5am</p>",
            "title": "Northbound full closures",
            "id": "922472"
          }
        ],
        "diversions": "<p>All northbound motorists must use the Pacific Hwy off-ramp.</p><p>Access to Mosman/Manly via Pacific Hwy, Miller St and Falcon St to Military Rd.</p>",
        "additionalInfo": [],
        "weblinkName": null,
        "attendingGroups": null,
        "encodedPolylines": [],
        "duration": null,
        "start": 1767267000000,
        "displayName": "SCHEDULED ROADWORK Warringah Freeway Upgrade",
        "roads": [
          {
            "conditionTendency": "",
            "crossStreet": "Pacific Highway/High Street",
            "delay": "",
            "impactedLanes": [],
            "locationQualifier": "between",
            "mainStreet": "Warringah Freeway & Gore Hill Freeway",
            "quadrant": "",
            "queueLength": 0,
            "region": "Sydney",
            "secondLocation": "Lane Cove Tunnel",
            "suburb": "North Sydney to Artarmon",
            "trafficVolume": ""
          }
        ],
        "isLocalRoad": "State road",
        "CategoryIcon": "Roadworks"
      }
    },
    {
      "type": "Feature",
      "id": 290332,
      "geometry": {
        "type": "Point",
        "coordinates": [
          151.2087513,
          -33.8768767
        ],
        "collections": []
      },
      "properties": {
        "webLinks": [],
        "headline": "",
        "periods": [
          {
            "closureType": "ROAD_CLOSURE",
            "roadextent": "Closed",
            "roadtype": "Road",
            "direction": "Southbound",
            "finishTime": "11:59pm",
            "fromDay": "Sunday",
            "startTime": "6:00am",
            "toDay": ""
          },
          {
            "closureType": "ROAD_CLOSURE",
            "roadextent": "Closed",
            "roadtype": "Road",
            "direction": "Southbound",
            "finishTime": "5:00am",
            "fromDay": "Monday",
            "startTime": "12:00am",
            "toDay": ""
          }
        ],
        "speedLimit": -1,
        "weblinkUrl": null,
        "expectedDelay": -1,
        "ended": false,
        "isNewIncident": true,
        "publicTransport": "",
        "impactingNetwork": false,
        "subCategoryB": null,
        "arrangementAttachments": [],
        "isInitialReport": false,
        "created": 1791430361000,
        "isMajor": false,
        "name": null,
        "subCategoryA": "null",
        "adviceA": "Use an alternative route",
        "adviceB": "Plan your journey",
        "adviceC": " ",
        "end": 1795975200000,
        "hideEndDate": false,
        "incidentKind": "Planned",
        "mainCategory": "SCHEDULED ROADWORK",
        "lastUpdated": 1791430361852,
        "otherAdvice": "",
        "arrangementElements": [],
        "diversions": "<p>Liverpool St, Sussex St, and Goulburn St to Castlereagh St.</p>",
        "additionalInfo": [],
        "weblinkName": null,
        "attendingGroups": null,
        "encodedPolylines": [],
        "duration": null,
        "start": 1794713340000,
        "displayName": "SCHEDULED ROADWORK Crane work",
        "roads": [
          {
            "conditionTendency": "",
            "crossStreet": "Liverpool Street",
            "delay": "",
            "impactedLanes": [],
            "locationQualifier": "between",
            "mainStreet": "Castlereagh Street",
            "quadrant": "",
            "queueLength": 0,
            "region": "Sydney",
            "secondLocation": "Goulburn Street",
            "suburb": "Sydney",
            "trafficVolume": ""
          }
        ],
        "isLocalRoad": "State road",
        "CategoryIcon": "Roadworks"
      }
    },
    {
      "type": "Feature",
      "id": 290337,
      "geometry": {
        "type": "Point",
        "coordinates": [
          151.1764558,
          -33.8985296
        ],
        "collections": []
      },
      "properties": {
        "webLinks": [],
        "headline": "",
        "periods": [
          {
            "closureType": "ROAD_CLOSURE",
            "roadextent": "Affected",
            "roadtype": "",
            "direction": "Both directions",
            "finishTime": "5:00am",
            "fromDay": "Sunday",
            "startTime": "9:00pm",
            "toDay": ""
          }
        ],
        "speedLimit": -1,
        "weblinkUrl": null,
        "expectedDelay": -1,
        "ended": false,
        "isNewIncident": true,
        "publicTransport": "",
        "impactingNetwork": false,
        "subCategoryB": null,
        "arrangementAttachments": [],
        "isInitialReport": false,
        "created": 1791432276000,
        "isMajor": false,
        "name": null,
        "subCategoryA": "Power pole/line repairs",
        "adviceA": "Reduce your speed",
        "adviceB": "Allow extra travel time",
        "adviceC": "Check signage",
        "end": 1792346400000,
        "hideEndDate": false,
        "incidentKind": "Planned",
        "mainCategory": "SCHEDULED ROADWORK",
        "lastUpdated": 1791432276783,
        "otherAdvice": "<p>Alternating (stop/slow) traffic conditions will be in place to allow motorists to pass in one direction at a time. </p>",
        "arrangementElements": [],
        "diversions": "",
        "additionalInfo": [],
        "weblinkName": null,
        "attendingGroups": null,
        "encodedPolylines": [],
        "duration": null,
        "start": 1792317600000,
        "displayName": "SCHEDULED ROADWORK Power pole/line repairs",
        "roads": [
          {
            "conditionTendency": "",
            "crossStreet": "Reiby Street",
            "delay": "",
            "impactedLanes": [],
            "locationQualifier": "between",
            "mainStreet": "Enmore Road",
            "quadrant": "",
            "queueLength": 0,
            "region": "Sydney",
            "secondLocation": "King Street",
            "suburb": "Newtown",
            "trafficVolume": ""
          }
        ],
        "isLocalRoad": "State road",
        "CategoryIcon": "Roadworks"
      }
    },
    {
      "type": "Feature",
      "id": 290339,
      "geometry": {
        "type": "Point",
        "coordinates": [
          148.4975034,
          -35.8672629
        ],
        "collections": []
      },
      "properties": {
        "webLinks": [],
        "headline": "",
        "periods": [
          {
            "closureType": "ROAD_CLOSURE",
            "roadextent": "Affected",
            "roadtype": "",
            "direction": "Both directions",
            "finishTime": "5:30pm",
            "fromDay": "Every Day",
            "startTime": "6:30am",
            "toDay": ""
          }
        ],
        "speedLimit": 40,
        "weblinkUrl": null,
        "expectedDelay": -1,
        "ended": false,
        "isNewIncident": false,
        "publicTransport": "",
        "impactingNetwork": false,
        "subCategoryB": null,
        "arrangementAttachments": [
          {
            "displayName": "Work_Area",
            "fileName": "Work_Area.png",
            "fileType": "PNG",
            "linkName": "Work_Area",
            "sizeInBytes": 130075,
            "uniqueFileName": "973191_1791431942637_Work_Area.png"
          }
        ],
        "isInitialReport": false,
        "created": 1791432665000,
        "isMajor": false,
        "name": null,
        "subCategoryA": "null",
        "adviceA": "Reduced speed limit",
        "adviceB": "Check signage",
        "adviceC": "Exercise caution",
        "end": 1795624200000,
        "hideEndDate": false,
        "incidentKind": "Planned",
        "mainCategory": "SCHEDULED ROADWORK",
        "lastUpdated": 1791432890761,
        "otherAdvice": "<p>Single-lane closures will be in place. </p><p>A full closure of the Snowy Mountains Highway will be in place between 7pm and 3.30am on</p><ul><li>Tuesday 17 to Thursday 19 November</li><li>Tuesday 24 to Wednesday 25 November</li></ul><p>During the closure the highway will reopen for 15 minutes at 11pm each night of work to allow traffic through.</p>",
        "arrangementElements": [],
        "diversions": "",
        "additionalInfo": [],
        "weblinkName": null,
        "attendingGroups": null,
        "encodedPolylines": [],
        "duration": null,
        "start": 1793561400000,
        "displayName": "SCHEDULED ROADWORK",
        "roads": [
          {
            "conditionTendency": "",
            "crossStreet": "Link Road",
            "delay": "",
            "impactedLanes": [],
            "locationQualifier": "just past",
            "mainStreet": "Snowy Mountains Highway",
            "quadrant": "",
            "queueLength": 0,
            "region": "Snowy Mountains",
            "secondLocation": "",
            "suburb": "Kiandra",
            "trafficVolume": ""
          }
        ],
        "isLocalRoad": "State road",
        "CategoryIcon": "Roadworks"
      }
    },
    {
      "type": "Feature",
      "id": 289442,
      "geometry": {
        "type": "Point",
        "coordinates": [
          149.030173,
          -34.961728
        ],
        "collections": []
      },
      "properties": {
        "webLinks": [],
        "headline": "",
        "periods": [
          {
            "closureType": "ROAD_CLOSURE",
            "roadextent": "Affected",
            "roadtype": "",
            "direction": "Both directions",
            "finishTime": "6:00am",
            "fromDay": "Every Night",
            "startTime": "6:00pm",
            "toDay": ""
          }
        ],
        "speedLimit": 40,
        "weblinkUrl": null,
        "expectedDelay": -1,
        "ended": false,
        "isNewIncident": false,
        "publicTransport": "",
        "impactingNetwork": false,
        "subCategoryB": null,
        "arrangementAttachments": [
          {
            "displayName": "Work_Area",
            "fileName": "Work_Area.png",
            "fileType": "PNG",
            "linkName": "Work_Area",
            "sizeInBytes": 165981,
            "uniqueFileName": "755124_1790645617262_Work_Area.png"
          }
        ],
        "isInitialReport": false,
        "created": 1790648267000,
        "isMajor": false,
        "name": null,
        "subCategoryA": "null",
        "adviceA": "Reduced speed limit",
        "adviceB": "Check signage",
        "adviceC": " ",
        "end": 1792177200000,
        "hideEndDate": false,
        "incidentKind": "Planned",
        "mainCategory": "SCHEDULED ROADWORK",
        "lastUpdated": 1791433458414,
        "otherAdvice": "<p>Traffic controllers will be on site to direct motorists. </p><p>Single-lane closures will be in place.</p><p><br></p>",
        "arrangementElements": [],
        "diversions": "",
        "additionalInfo": [],
        "weblinkName": null,
        "attendingGroups": null,
        "encodedPolylines": [],
        "duration": null,
        "start": 1791874800000,
        "displayName": "SCHEDULED ROADWORK",
        "roads": [
          {
            "conditionTendency": "",
            "crossStreet": "Hillview Drive",
            "delay": "",
            "impactedLanes": [],
            "locationQualifier": "near",
            "mainStreet": "Barton Highway",
            "quadrant": "",
            "queueLength": 0,
            "region": "Southern Highlands",
            "secondLocation": "",
            "suburb": "Murrumbateman",
            "trafficVolume": ""
          }
        ],
        "isLocalRoad": "State road",
        "CategoryIcon": "Roadworks"
      }
    },
    {
      "type": "Feature",
      "id": 290340,
      "geometry": {
        "type": "Point",
        "coordinates": [
          150.876865,
          -33.9546653
        ],
        "collections": []
      },
      "properties": {
        "webLinks": [],
        "headline": "",
        "periods": [
          {
            "closureType": "ROAD_CLOSURE",
            "roadextent": "Closed",
            "roadtype": "On-ramp",
            "direction": "Northbound",
            "finishTime": "5:00am",
            "fromDay": "Monday",
            "startTime": "9:00pm",
            "toDay": ""
          },
          {
            "closureType": "ROAD_CLOSURE",
            "roadextent": "Closed",
            "roadtype": "On-ramp",
            "direction": "Northbound",
            "finishTime": "5:00am",
            "fromDay": "Tuesday",
            "startTime": "9:00pm",
            "toDay": ""
          }
        ],
        "speedLimit": -1,
        "weblinkUrl": null,
        "expectedDelay": -1,
        "ended": false,
        "isNewIncident": false,
        "publicTransport": "",
        "impactingNetwork": false,
        "subCategoryB": null,
        "arrangementAttachments": [],
        "isInitialReport": false,
        "created": 1791433290000,
        "isMajor": false,
        "name": null,
        "subCategoryA": "Line marking",
        "adviceA": "Use diversions",
        "adviceB": "Exercise caution",
        "adviceC": "Allow extra travel time",
        "end": 1793124000000,
        "hideEndDate": false,
        "incidentKind": "Planned",
        "mainCategory": "SCHEDULED ROADWORK",
        "lastUpdated": 1791433498159,
        "otherAdvice": "<p>Only this ramp is closing; access to the M5 Mwy will remain open and a reduced speed limit will be in place.</p>",
        "arrangementElements": [],
        "diversions": "<p>Camden Valley Way and Bernera Rd to the M7 Mwy.</p>",
        "additionalInfo": [],
        "weblinkName": null,
        "attendingGroups": null,
        "encodedPolylines": [],
        "duration": null,
        "start": 1793005200000,
        "displayName": "SCHEDULED ROADWORK Line marking",
        "roads": [
          {
            "conditionTendency": "",
            "crossStreet": "M7 Motorway",
            "delay": "",
            "impactedLanes": [],
            "locationQualifier": "to",
            "mainStreet": "Hume Motorway northbound on-ramp",
            "quadrant": "",
            "queueLength": 0,
            "region": "Sydney",
            "secondLocation": "",
            "suburb": "Prestons",
            "trafficVolume": ""
          }
        ],
        "isLocalRoad": "State road",
        "CategoryIcon": "Roadworks"
      }
    },
    {
      "type": "Feature",
      "id": 289594,
      "geometry": {
        "type": "Point",
        "coordinates": [
          150.9923515,
          -33.8187216
        ],
        "collections": []
      },
      "properties": {
        "webLinks": [],
        "headline": "",
        "periods": [
          {
            "closureType": "ROAD_CLOSURE",
            "roadextent": "Affected",
            "roadtype": "",
            "direction": "Both directions",
            "finishTime": "5:00am",
            "fromDay": "Monday",
            "startTime": "10:00pm",
            "toDay": ""
          },
          {
            "closureType": "ROAD_CLOSURE",
            "roadextent": "Affected",
            "roadtype": "",
            "direction": "Both directions",
            "finishTime": "5:00am",
            "fromDay": "Tuesday",
            "startTime": "10:00pm",
            "toDay": ""
          },
          {
            "closureType": "ROAD_CLOSURE",
            "roadextent": "Affected",
            "roadtype": "",
            "direction": "Both directions",
            "finishTime": "5:00am",
            "fromDay": "Wednesday",
            "startTime": "10:00pm",
            "toDay": ""
          },
          {
            "closureType": "ROAD_CLOSURE",
            "roadextent": "Affected",
            "roadtype": "",
            "direction": "Both directions",
            "finishTime": "5:00am",
            "fromDay": "Thursday",
            "startTime": "10:30pm",
            "toDay": ""
          },
          {
            "closureType": "ROAD_CLOSURE",
            "roadextent": "Affected",
            "roadtype": "",
            "direction": "Both directions",
            "finishTime": "5:00am",
            "fromDay": "Sunday",
            "startTime": "10:00pm",
            "toDay": ""
          }
        ],
        "speedLimit": 40,
        "weblinkUrl": null,
        "expectedDelay": -1,
        "ended": false,
        "isNewIncident": false,
        "publicTransport": "",
        "impactingNetwork": false,
        "subCategoryB": null,
        "arrangementAttachments": [],
        "isInitialReport": false,
        "created": 1790753510000,
        "isMajor": false,
        "name": null,
        "subCategoryA": "Resurfacing",
        "adviceA": "Reduced speed limit",
        "adviceB": "Allow extra travel time",
        "adviceC": " ",
        "end": 1792952100000,
        "hideEndDate": false,
        "incidentKind": "Planned",
        "mainCategory": "SCHEDULED ROADWORK",
        "lastUpdated": 1791453382451,
        "otherAdvice": "<p>Traffic lights in the area may be blacked out or flashing yellow. Alternating (stop/slow) traffic conditions will be in place to allow motorists to pass in one direction at a time. </p>",
        "arrangementElements": [],
        "diversions": "",
        "additionalInfo": [],
        "weblinkName": null,
        "attendingGroups": null,
        "encodedPolylines": [],
        "duration": null,
        "start": 1790767800000,
        "displayName": "SCHEDULED ROADWORK Resurfacing",
        "roads": [
          {
            "conditionTendency": "",
            "crossStreet": "Robilliard Street",
            "delay": "",
            "impactedLanes": [],
            "locationQualifier": "between",
            "mainStreet": "Great Western Highway",
            "quadrant": "",
            "queueLength": 0,
            "region": "Sydney",
            "secondLocation": "Church Street",
            "suburb": "Mays Hill",
            "trafficVolume": ""
          }
        ],
        "isLocalRoad": "State road",
        "CategoryIcon": "Roadworks"
      }
    },
    {
      "type": "Feature",
      "id": 290380,
      "geometry": {
        "type": "Point",
        "coordinates": [
          151.2410466,
          -33.9167444
        ],
        "collections": []
      },
      "properties": {
        "webLinks": [],
        "headline": "",
        "periods": [
          {
            "closureType": "ROAD_CLOSURE",
            "roadextent": "Affected",
            "roadtype": "",
            "direction": "Both directions",
            "finishTime": "5:00am",
            "fromDay": "Every Night",
            "startTime": "9:00pm",
            "toDay": ""
          }
        ],
        "speedLimit": 40,
        "weblinkUrl": null,
        "expectedDelay": -1,
        "ended": false,
        "isNewIncident": false,
        "publicTransport": "",
        "impactingNetwork": false,
        "subCategoryB": null,
        "arrangementAttachments": [],
        "isInitialReport": false,
        "created": 1791454056000,
        "isMajor": false,
        "name": null,
        "subCategoryA": "null",
        "adviceA": "Reduced speed limit",
        "adviceB": "Allow extra travel time",
        "adviceC": " ",
        "end": 1796062500000,
        "hideEndDate": false,
        "incidentKind": "Planned",
        "mainCategory": "SCHEDULED ROADWORK",
        "lastUpdated": 1791454094200,
        "otherAdvice": "<p>Alternating (stop/slow) traffic conditions will be in place to allow motorists to pass in one direction at a time.</p><p>Traffic lights in the area may be blacked out or flashing yellow.</p>",
        "arrangementElements": [],
        "diversions": "",
        "additionalInfo": [],
        "weblinkName": null,
        "attendingGroups": null,
        "encodedPolylines": [],
        "duration": null,
        "start": 1793611800000,
        "displayName": "SCHEDULED ROADWORK",
        "roads": [
          {
            "conditionTendency": "",
            "crossStreet": "Alison Road",
            "delay": "",
            "impactedLanes": [],
            "locationQualifier": "between",
            "mainStreet": "Belmore Road",
            "quadrant": "",
            "queueLength": 0,
            "region": "Sydney",
            "secondLocation": "Soudan Street",
            "suburb": "Randwick",
            "trafficVolume": ""
          }
        ],
        "isLocalRoad": "Local road",
        "CategoryIcon": "Roadworks"
      }
    },
    {
      "type": "Feature",
      "id": 290382,
      "geometry": {
        "type": "Point",
        "coordinates": [
          150.9428006,
          -33.9416625
        ],
        "collections": []
      },
      "properties": {
        "webLinks": [],
        "headline": "",
        "periods": [
          {
            "closureType": "ROAD_CLOSURE",
            "roadextent": "Closed",
            "roadtype": "On-ramp",
            "direction": "Eastbound",
            "finishTime": "4:30am",
            "fromDay": "Monday",
            "startTime": "9:30pm",
            "toDay": ""
          },
          {
            "closureType": "ROAD_CLOSURE",
            "roadextent": "Closed",
            "roadtype": "On-ramp",
            "direction": "Eastbound",
            "finishTime": "4:30am",
            "fromDay": "Tuesday",
            "startTime": "9:30pm",
            "toDay": ""
          },
          {
            "closureType": "ROAD_CLOSURE",
            "roadextent": "Closed",
            "roadtype": "On-ramp",
            "direction": "Eastbound",
            "finishTime": "4:30am",
            "fromDay": "Wednesday",
            "startTime": "9:30pm",
            "toDay": ""
          },
          {
            "closureType": "ROAD_CLOSURE",
            "roadextent": "Closed",
            "roadtype": "On-ramp",
            "direction": "Eastbound",
            "finishTime": "4:30am",
            "fromDay": "Thursday",
            "startTime": "9:30pm",
            "toDay": ""
          }
        ],
        "speedLimit": -1,
        "weblinkUrl": null,
        "expectedDelay": -1,
        "ended": false,
        "isNewIncident": true,
        "publicTransport": "",
        "impactingNetwork": true,
        "subCategoryB": null,
        "arrangementAttachments": [],
        "isInitialReport": false,
        "created": 1791457047000,
        "isMajor": false,
        "name": null,
        "subCategoryA": "Maintenance",
        "adviceA": "Use diversions",
        "adviceB": "Allow extra travel time",
        "adviceC": " ",
        "end": 1793297700000,
        "hideEndDate": false,
        "incidentKind": "Planned",
        "mainCategory": "SCHEDULED ROADWORK",
        "lastUpdated": 1791457048024,
        "otherAdvice": "",
        "arrangementElements": [],
        "diversions": "<p>Motorists travelling northbound on Heathcote Rd:  Continue on Heathcote Rd, Newbridge Rd, Henry Lawson Dr to join M5 Mtwy.</p><p>Motorists travelling southbound on Heathcote Rd: Continue on Heathcote Rd to MacArthur Dr - use the roundabout to rejoin Heathcote Rd northbound, Newbridge Rd, Henry Lawson Dr to join M5 Mtwy.</p>",
        "additionalInfo": [],
        "weblinkName": null,
        "attendingGroups": null,
        "encodedPolylines": [],
        "duration": null,
        "start": 1792663200000,
        "displayName": "SCHEDULED ROADWORK Maintenance",
        "roads": [
          {
            "conditionTendency": "",
            "crossStreet": "M5 Motorway",
            "delay": "",
            "impactedLanes": [],
            "locationQualifier": "to",
            "mainStreet": "Heathcote Road eastbound on-ramp",
            "quadrant": "",
            "queueLength": 0,
            "region": "Sydney",
            "secondLocation": "",
            "suburb": "Moorebank",
            "trafficVolume": ""
          }
        ],
        "isLocalRoad": "State road",
        "CategoryIcon": "Roadworks"
      }
    },
    {
      "type": "Feature",
      "id": 290244,
      "geometry": {
        "type": "Point",
        "coordinates": [
          151.1755677,
          -33.8125689
        ],
        "collections": []
      },
      "properties": {
        "webLinks": [],
        "headline": "",
        "periods": [
          {
            "closureType": "ROAD_CLOSURE",
            "roadextent": "Affected",
            "roadtype": "",
            "direction": "All directions",
            "finishTime": "5:00am",
            "fromDay": "Sunday",
            "startTime": "9:30pm",
            "toDay": ""
          },
          {
            "closureType": "ROAD_CLOSURE",
            "roadextent": "Affected",
            "roadtype": "",
            "direction": "All directions",
            "finishTime": "5:00am",
            "fromDay": "Monday",
            "startTime": "9:30pm",
            "toDay": ""
          },
          {
            "closureType": "ROAD_CLOSURE",
            "roadextent": "Affected",
            "roadtype": "",
            "direction": "All directions",
            "finishTime": "5:00am",
            "fromDay": "Tuesday",
            "startTime": "9:30pm",
            "toDay": ""
          },
          {
            "closureType": "ROAD_CLOSURE",
            "roadextent": "Affected",
            "roadtype": "",
            "direction": "All directions",
            "finishTime": "5:00am",
            "fromDay": "Wednesday",
            "startTime": "9:30pm",
            "toDay": ""
          },
          {
            "closureType": "ROAD_CLOSURE",
            "roadextent": "Affected",
            "roadtype": "",
            "direction": "All directions",
            "finishTime": "5:00am",
            "fromDay": "Thursday",
            "startTime": "10:00pm",
            "toDay": ""
          }
        ],
        "speedLimit": 40,
        "weblinkUrl": null,
        "expectedDelay": -1,
        "ended": false,
        "isNewIncident": false,
        "publicTransport": "",
        "impactingNetwork": false,
        "subCategoryB": null,
        "arrangementAttachments": [],
        "isInitialReport": false,
        "created": 1791351471000,
        "isMajor": false,
        "name": null,
        "subCategoryA": "Resurfacing",
        "adviceA": "Reduced speed limit",
        "adviceB": "Follow directions on site",
        "adviceC": "Allow extra travel time",
        "end": 1792692000000,
        "hideEndDate": false,
        "incidentKind": "Planned",
        "mainCategory": "SCHEDULED ROADWORK",
        "lastUpdated": 1791482446585,
        "otherAdvice": "<p>Traffic lights at the intersection of Pacific Hwy and Longueville Rd will be blacked out or flashing, and portable traffic lights will allow motorists to pass in one direction at a time. </p>",
        "arrangementElements": [],
        "diversions": "",
        "additionalInfo": [],
        "weblinkName": null,
        "attendingGroups": null,
        "encodedPolylines": [],
        "duration": null,
        "start": 1792301760000,
        "displayName": "SCHEDULED ROADWORK Resurfacing",
        "roads": [
          {
            "conditionTendency": "",
            "crossStreet": "Dickson Avenue",
            "delay": "",
            "impactedLanes": [],
            "locationQualifier": "between",
            "mainStreet": "Pacific Highway",
            "quadrant": "",
            "queueLength": 0,
            "region": "Sydney",
            "secondLocation": "Mowbray Road",
            "suburb": "Lane Cove",
            "trafficVolume": ""
          }
        ],
        "isLocalRoad": "State road",
        "CategoryIcon": "Roadworks"
      }
    },
    {
      "type": "Feature",
      "id": 289710,
      "geometry": {
        "type": "Point",
        "coordinates": [
          151.0480768,
          -34.0191162
        ],
        "collections": []
      },
      "properties": {
        "webLinks": [],
        "headline": "",
        "periods": [
          {
            "closureType": "ROAD_CLOSURE",
            "roadextent": "Affected",
            "roadtype": "",
            "direction": "Both directions",
            "finishTime": "5:00am",
            "fromDay": "Sunday",
            "startTime": "10:00pm",
            "toDay": ""
          },
          {
            "closureType": "ROAD_CLOSURE",
            "roadextent": "Affected",
            "roadtype": "",
            "direction": "Both directions",
            "finishTime": "5:00am",
            "fromDay": "Monday",
            "startTime": "10:00pm",
            "toDay": ""
          },
          {
            "closureType": "ROAD_CLOSURE",
            "roadextent": "Affected",
            "roadtype": "",
            "direction": "Both directions",
            "finishTime": "5:00am",
            "fromDay": "Tuesday",
            "startTime": "10:00pm",
            "toDay": ""
          },
          {
            "closureType": "ROAD_CLOSURE",
            "roadextent": "Affected",
            "roadtype": "",
            "direction": "Both directions",
            "finishTime": "5:00am",
            "fromDay": "Wednesday",
            "startTime": "10:00pm",
            "toDay": ""
          },
          {
            "closureType": "ROAD_CLOSURE",
            "roadextent": "Affected",
            "roadtype": "",
            "direction": "Both directions",
            "finishTime": "5:00am",
            "fromDay": "Thursday",
            "startTime": "10:30pm",
            "toDay": ""
          }
        ],
        "speedLimit": 40,
        "weblinkUrl": null,
        "expectedDelay": -1,
        "ended": false,
        "isNewIncident": false,
        "publicTransport": "",
        "impactingNetwork": false,
        "subCategoryB": null,
        "arrangementAttachments": [],
        "isInitialReport": false,
        "created": 1790848762000,
        "isMajor": false,
        "name": null,
        "subCategoryA": "null",
        "adviceA": "Allow extra travel time",
        "adviceB": "Follow directions on site",
        "adviceC": "Reduced speed limit",
        "end": 1792260900000,
        "hideEndDate": false,
        "incidentKind": "Planned",
        "mainCategory": "SCHEDULED ROADWORK",
        "lastUpdated": 1791482446197,
        "otherAdvice": "<p>Alternating (stop/slow) traffic conditions will be in place to allow motorists to pass in one direction at a time. </p>",
        "arrangementElements": [],
        "diversions": "",
        "additionalInfo": [],
        "weblinkName": null,
        "attendingGroups": null,
        "encodedPolylines": [],
        "duration": null,
        "start": 1791640800000,
        "displayName": "SCHEDULED ROADWORK",
        "roads": [
          {
            "conditionTendency": "",
            "crossStreet": "Bangor Bypass",
            "delay": "",
            "impactedLanes": [],
            "locationQualifier": "between",
            "mainStreet": "The River Road",
            "quadrant": "",
            "queueLength": 0,
            "region": "Sydney",
            "secondLocation": "Linden Street",
            "suburb": "Bangor",
            "trafficVolume": ""
          }
        ],
        "isLocalRoad": "State road",
        "CategoryIcon": "Roadworks"
      }
    },
    {
      "type": "Feature",
      "id": 290264,
      "geometry": {
        "type": "Point",
        "coordinates": [
          151.2173563,
          -33.8825624
        ],
        "collections": []
      },
      "properties": {
        "webLinks": [],
        "headline": "",
        "periods": [
          {
            "closureType": "ROAD_CLOSURE",
            "roadextent": "Affected",
            "roadtype": "",
            "direction": "Both directions",
            "finishTime": "5:00am",
            "fromDay": "Tuesday",
            "startTime": "9:00pm",
            "toDay": ""
          },
          {
            "closureType": "ROAD_CLOSURE",
            "roadextent": "Affected",
            "roadtype": "",
            "direction": "Both directions",
            "finishTime": "5:00am",
            "fromDay": "Thursday",
            "startTime": "1:00am",
            "toDay": ""
          },
          {
            "closureType": "ROAD_CLOSURE",
            "roadextent": "Affected",
            "roadtype": "",
            "direction": "Both directions",
            "finishTime": "5:00am",
            "fromDay": "Friday",
            "startTime": "1:30am",
            "toDay": ""
          },
          {
            "closureType": "ROAD_CLOSURE",
            "roadextent": "Affected",
            "roadtype": "",
            "direction": "Both directions",
            "finishTime": "5:00am",
            "fromDay": "Sunday",
            "startTime": "9:00pm",
            "toDay": ""
          }
        ],
        "speedLimit": 40,
        "weblinkUrl": null,
        "expectedDelay": -1,
        "ended": false,
        "isNewIncident": false,
        "publicTransport": "",
        "impactingNetwork": false,
        "subCategoryB": null,
        "arrangementAttachments": [],
        "isInitialReport": false,
        "created": 1791359264000,
        "isMajor": false,
        "name": null,
        "subCategoryA": "null",
        "adviceA": "Reduced speed limit",
        "adviceB": "Follow directions on site",
        "adviceC": "Allow extra travel time",
        "end": 1792347300000,
        "hideEndDate": false,
        "incidentKind": "Planned",
        "mainCategory": "SCHEDULED ROADWORK",
        "lastUpdated": 1791482446793,
        "otherAdvice": "<p>Portable traffic control devices will allow motorists to pass in one direction at a time. </p>",
        "arrangementElements": [],
        "diversions": "",
        "additionalInfo": [],
        "weblinkName": null,
        "attendingGroups": null,
        "encodedPolylines": [],
        "duration": null,
        "start": 1791885600000,
        "displayName": "SCHEDULED ROADWORK",
        "roads": [
          {
            "conditionTendency": "",
            "crossStreet": "Oxford Street",
            "delay": "",
            "impactedLanes": [],
            "locationQualifier": "between",
            "mainStreet": "Flinders Street",
            "quadrant": "",
            "queueLength": 0,
            "region": "Sydney",
            "secondLocation": "Lang Road",
            "suburb": "Darlinghurst",
            "trafficVolume": ""
          }
        ],
        "isLocalRoad": "State road",
        "CategoryIcon": "Roadworks"
      }
    },
    {
      "type": "Feature",
      "id": 288046,
      "geometry": {
        "type": "Point",
        "coordinates": [
          150.9845292,
          -33.944505
        ],
        "collections": []
      },
      "properties": {
        "webLinks": [],
        "headline": "",
        "periods": [
          {
            "closureType": "ROAD_CLOSURE",
            "roadextent": "Closed",
            "roadtype": "Off-ramp",
            "direction": "Westbound",
            "finishTime": "5:00am",
            "fromDay": "Tuesday",
            "startTime": "10:00pm",
            "toDay": ""
          },
          {
            "closureType": "ROAD_CLOSURE",
            "roadextent": "Closed",
            "roadtype": "Off-ramp",
            "direction": "Westbound",
            "finishTime": "5:00am",
            "fromDay": "Wednesday",
            "startTime": "10:00pm",
            "toDay": ""
          },
          {
            "closureType": "ROAD_CLOSURE",
            "roadextent": "Closed",
            "roadtype": "Off-ramp",
            "direction": "Westbound",
            "finishTime": "5:00am",
            "fromDay": "Thursday",
            "startTime": "10:00pm",
            "toDay": ""
          },
          {
            "closureType": "ROAD_CLOSURE",
            "roadextent": "Closed",
            "roadtype": "Off-ramp",
            "direction": "Westbound",
            "finishTime": "5:00am",
            "fromDay": "Sunday",
            "startTime": "10:00pm",
            "toDay": ""
          },
          {
            "closureType": "ROAD_CLOSURE",
            "roadextent": "Closed",
            "roadtype": "Off-ramp",
            "direction": "Westbound",
            "finishTime": "5:00am",
            "fromDay": "Monday",
            "startTime": "10:00pm",
            "toDay": ""
          }
        ],
        "speedLimit": -1,
        "weblinkUrl": null,
        "expectedDelay": -1,
        "ended": false,
        "isNewIncident": false,
        "publicTransport": "",
        "impactingNetwork": true,
        "subCategoryB": null,
        "arrangementAttachments": [],
        "isInitialReport": false,
        "created": 1789347472000,
        "isMajor": false,
        "name": null,
        "subCategoryA": "null",
        "adviceA": "Use an alternative route",
        "adviceB": "Plan your journey",
        "adviceC": "Allow extra travel time",
        "end": 1792433700000,
        "hideEndDate": false,
        "incidentKind": "Planned",
        "mainCategory": "SCHEDULED ROADWORK",
        "lastUpdated": 1791482446572,
        "otherAdvice": "<p>Only this ramp will be closed; the motorway will remain open with a lane closure and reduced speed limit in place.</p>",
        "arrangementElements": [],
        "diversions": "<p>The River Rd and Milperra Rd to Henry Lawson Dr; or Heathcote Rd and Newbridge Rd to Henry Lawson Dr.</p>",
        "additionalInfo": [],
        "weblinkName": null,
        "attendingGroups": null,
        "encodedPolylines": [],
        "duration": null,
        "start": 1791889200000,
        "displayName": "SCHEDULED ROADWORK",
        "roads": [
          {
            "conditionTendency": "",
            "crossStreet": "Henry Lawson Drive",
            "delay": "",
            "impactedLanes": [],
            "locationQualifier": "to",
            "mainStreet": "M5 Motorway westbound off-ramp",
            "quadrant": "",
            "queueLength": 0,
            "region": "Sydney",
            "secondLocation": "",
            "suburb": "Milperra",
            "trafficVolume": ""
          }
        ],
        "isLocalRoad": "State road",
        "CategoryIcon": "Roadworks"
      }
    },
    {
      "type": "Feature",
      "id": 284590,
      "geometry": {
        "type": "Point",
        "coordinates": [
          151.057109,
          -33.776567
        ],
        "collections": []
      },
      "properties": {
        "webLinks": [],
        "headline": "",
        "periods": [
          {
            "closureType": "ROAD_CLOSURE",
            "roadextent": "Affected",
            "roadtype": "",
            "direction": "Both directions",
            "finishTime": "5:00am",
            "fromDay": "Monday",
            "startTime": "9:00pm",
            "toDay": ""
          },
          {
            "closureType": "ROAD_CLOSURE",
            "roadextent": "Affected",
            "roadtype": "",
            "direction": "Both directions",
            "finishTime": "5:00am",
            "fromDay": "Tuesday",
            "startTime": "9:00pm",
            "toDay": ""
          },
          {
            "closureType": "ROAD_CLOSURE",
            "roadextent": "Affected",
            "roadtype": "",
            "direction": "Both directions",
            "finishTime": "5:00am",
            "fromDay": "Wednesday",
            "startTime": "9:00pm",
            "toDay": ""
          },
          {
            "closureType": "ROAD_CLOSURE",
            "roadextent": "Affected",
            "roadtype": "",
            "direction": "Both directions",
            "finishTime": "5:00am",
            "fromDay": "Thursday",
            "startTime": "10:00pm",
            "toDay": ""
          },
          {
            "closureType": "ROAD_CLOSURE",
            "roadextent": "Affected",
            "roadtype": "",
            "direction": "Both directions",
            "finishTime": "5:00am",
            "fromDay": "Friday",
            "startTime": "10:00pm",
            "toDay": ""
          }
        ],
        "speedLimit": -1,
        "weblinkUrl": null,
        "expectedDelay": -1,
        "ended": false,
        "isNewIncident": false,
        "publicTransport": "",
        "impactingNetwork": false,
        "subCategoryB": null,
        "arrangementAttachments": [],
        "isInitialReport": false,
        "created": 1786598785000,
        "isMajor": false,
        "name": null,
        "subCategoryA": "Intersection upgrade",
        "adviceA": "Reduce your speed",
        "adviceB": "Follow directions on site",
        "adviceC": "Allow extra travel time",
        "end": 1793988900000,
        "hideEndDate": false,
        "incidentKind": "Planned",
        "mainCategory": "SCHEDULED ROADWORK",
        "lastUpdated": 1791482446859,
        "otherAdvice": "<p>Alternating (stop/slow) traffic conditions will be in place to allow motorists to pass in one direction at a time.</p><p><br></p>",
        "arrangementElements": [],
        "diversions": "",
        "additionalInfo": [],
        "weblinkName": null,
        "attendingGroups": null,
        "encodedPolylines": [],
        "duration": null,
        "start": 1791865320000,
        "displayName": "SCHEDULED ROADWORK Intersection upgrade",
        "roads": [
          {
            "conditionTendency": "",
            "crossStreet": "Rembrandt Street",
            "delay": "",
            "impactedLanes": [],
            "locationQualifier": "between",
            "mainStreet": "Carlingford Road",
            "quadrant": "",
            "queueLength": 0,
            "region": "Sydney",
            "secondLocation": "Pennant Parade",
            "suburb": "Epping",
            "trafficVolume": ""
          }
        ],
        "isLocalRoad": "State road",
        "CategoryIcon": "Roadworks"
      }
    },
    {
      "type": "Feature",
      "id": 289569,
      "geometry": {
        "type": "Point",
        "coordinates": [
          150.998381,
          -33.819002
        ],
        "collections": []
      },
      "properties": {
        "webLinks": [],
        "headline": "",
        "periods": [
          {
            "closureType": "ROAD_CLOSURE",
            "roadextent": "Affected",
            "roadtype": "",
            "direction": "All directions",
            "finishTime": "5:00am",
            "fromDay": "Tuesday",
            "startTime": "9:30pm",
            "toDay": ""
          },
          {
            "closureType": "ROAD_CLOSURE",
            "roadextent": "Affected",
            "roadtype": "",
            "direction": "All directions",
            "finishTime": "5:00am",
            "fromDay": "Wednesday",
            "startTime": "9:30pm",
            "toDay": ""
          },
          {
            "closureType": "ROAD_CLOSURE",
            "roadextent": "Affected",
            "roadtype": "",
            "direction": "All directions",
            "finishTime": "5:00am",
            "fromDay": "Thursday",
            "startTime": "10:00pm",
            "toDay": ""
          },
          {
            "closureType": "ROAD_CLOSURE",
            "roadextent": "Affected",
            "roadtype": "",
            "direction": "All directions",
            "finishTime": "5:00am",
            "fromDay": "Sunday",
            "startTime": "9:30pm",
            "toDay": ""
          }
        ],
        "speedLimit": 40,
        "weblinkUrl": null,
        "expectedDelay": -1,
        "ended": false,
        "isNewIncident": false,
        "publicTransport": "",
        "impactingNetwork": false,
        "subCategoryB": null,
        "arrangementAttachments": [],
        "isInitialReport": false,
        "created": 1790740254000,
        "isMajor": false,
        "name": null,
        "subCategoryA": "Resurfacing",
        "adviceA": "Reduced speed limit",
        "adviceB": "Follow directions on site",
        "adviceC": "Allow extra travel time",
        "end": 1792346400000,
        "hideEndDate": false,
        "incidentKind": "Planned",
        "mainCategory": "SCHEDULED ROADWORK",
        "lastUpdated": 1791483372700,
        "otherAdvice": "<p>Traffic lights at the intersection of Great Western Hwy and O&#39;Connell St will be blacked out or flashing, and portable traffic lights will allow motorists to pass in one direction at a time.</p>",
        "arrangementElements": [],
        "diversions": "",
        "additionalInfo": [],
        "weblinkName": null,
        "attendingGroups": null,
        "encodedPolylines": [],
        "duration": null,
        "start": 1791859800000,
        "displayName": "SCHEDULED ROADWORK Resurfacing",
        "roads": [
          {
            "conditionTendency": "",
            "crossStreet": "Good Street",
            "delay": "",
            "impactedLanes": [],
            "locationQualifier": "between",
            "mainStreet": "Great Western Highway",
            "quadrant": "",
            "queueLength": 0,
            "region": "Sydney",
            "secondLocation": "Church Street",
            "suburb": "Parramatta",
            "trafficVolume": ""
          }
        ],
        "isLocalRoad": "State road",
        "CategoryIcon": "Roadworks"
      }
    },
    {
      "type": "Feature",
      "id": 290411,
      "geometry": {
        "type": "Point",
        "coordinates": [
          151.204191,
          -33.882819
        ],
        "collections": []
      },
      "properties": {
        "webLinks": [],
        "headline": "",
        "periods": [
          {
            "closureType": "ROAD_CLOSURE",
            "roadextent": "Affected",
            "roadtype": "",
            "direction": "All directions",
            "finishTime": "5:00am",
            "fromDay": "Sunday",
            "startTime": "10:00pm",
            "toDay": ""
          },
          {
            "closureType": "ROAD_CLOSURE",
            "roadextent": "Affected",
            "roadtype": "",
            "direction": "All directions",
            "finishTime": "5:00am",
            "fromDay": "Monday",
            "startTime": "10:00pm",
            "toDay": ""
          },
          {
            "closureType": "ROAD_CLOSURE",
            "roadextent": "Affected",
            "roadtype": "",
            "direction": "All directions",
            "finishTime": "5:00am",
            "fromDay": "Tuesday",
            "startTime": "10:00pm",
            "toDay": ""
          },
          {
            "closureType": "ROAD_CLOSURE",
            "roadextent": "Affected",
            "roadtype": "",
            "direction": "All directions",
            "finishTime": "5:00am",
            "fromDay": "Wednesday",
            "startTime": "10:00pm",
            "toDay": ""
          },
          {
            "closureType": "ROAD_CLOSURE",
            "roadextent": "Affected",
            "roadtype": "",
            "direction": "All directions",
            "finishTime": "5:00am",
            "fromDay": "Thursday",
            "startTime": "10:00pm",
            "toDay": ""
          }
        ],
        "speedLimit": 40,
        "weblinkUrl": null,
        "expectedDelay": -1,
        "ended": false,
        "isNewIncident": true,
        "publicTransport": "",
        "impactingNetwork": false,
        "subCategoryB": null,
        "arrangementAttachments": [],
        "isInitialReport": false,
        "created": 1791496751000,
        "isMajor": false,
        "name": null,
        "subCategoryA": "null",
        "adviceA": "Reduced speed limit",
        "adviceB": "Follow directions on site",
        "adviceC": "Allow extra travel time",
        "end": 1794248100000,
        "hideEndDate": false,
        "incidentKind": "Planned",
        "mainCategory": "SCHEDULED ROADWORK",
        "lastUpdated": 1791496752523,
        "otherAdvice": "<p>Portable traffic lights will allow motorists to pass in one direction at a time.</p><p><br></p>",
        "arrangementElements": [],
        "diversions": "",
        "additionalInfo": [],
        "weblinkName": null,
        "attendingGroups": null,
        "encodedPolylines": [],
        "duration": null,
        "start": 1792926000000,
        "displayName": "SCHEDULED ROADWORK",
        "roads": [
          {
            "conditionTendency": "",
            "crossStreet": "",
            "delay": "",
            "impactedLanes": [],
            "locationQualifier": "between",
            "mainStreet": "Pitt Street, George Street and Lee Street",
            "quadrant": "",
            "queueLength": 0,
            "region": "Sydney",
            "secondLocation": "",
            "suburb": "Sydney",
            "trafficVolume": ""
          }
        ],
        "isLocalRoad": "State road",
        "CategoryIcon": "Roadworks"
      }
    },
    {
      "type": "Feature",
      "id": 290413,
      "geometry": {
        "type": "Point",
        "coordinates": [
          151.7273432,
          -32.7515778
        ],
        "collections": []
      },
      "properties": {
        "webLinks": [],
        "headline": "",
        "periods": [
          {
            "closureType": "ROAD_CLOSURE",
            "roadextent": "Affected",
            "roadtype": "",
            "direction": "All directions",
            "finishTime": "5:00am",
            "fromDay": "Monday",
            "startTime": "7:00pm",
            "toDay": ""
          }
        ],
        "speedLimit": 40,
        "weblinkUrl": null,
        "expectedDelay": -1,
        "ended": false,
        "isNewIncident": true,
        "publicTransport": "",
        "impactingNetwork": false,
        "subCategoryB": null,
        "arrangementAttachments": [],
        "isInitialReport": false,
        "created": 1791497484000,
        "isMajor": false,
        "name": null,
        "subCategoryA": "Utilities",
        "adviceA": "Exercise caution",
        "adviceB": "Reduced speed limit",
        "adviceC": " ",
        "end": 1791828000000,
        "hideEndDate": false,
        "incidentKind": "Planned",
        "mainCategory": "SCHEDULED ROADWORK",
        "lastUpdated": 1791497485466,
        "otherAdvice": "<p>Alternating (stop/slow) traffic conditions will be in place to allow motorists to pass in one direction at a time. </p>",
        "arrangementElements": [],
        "diversions": "",
        "additionalInfo": [],
        "weblinkName": null,
        "attendingGroups": null,
        "encodedPolylines": [],
        "duration": null,
        "start": 1791799200000,
        "displayName": "SCHEDULED ROADWORK Utilities",
        "roads": [
          {
            "conditionTendency": "",
            "crossStreet": "Seaham Road",
            "delay": "",
            "impactedLanes": [],
            "locationQualifier": "between",
            "mainStreet": "Raymond Terrace Road",
            "quadrant": "",
            "queueLength": 0,
            "region": "Hunter",
            "secondLocation": "Prices Road",
            "suburb": "Nelsons Plains",
            "trafficVolume": ""
          }
        ],
        "isLocalRoad": "State road",
        "CategoryIcon": "Roadworks"
      }
    },
    {
      "type": "Feature",
      "id": 290414,
      "geometry": {
        "type": "Point",
        "coordinates": [
          150.9994372,
          -33.9318641
        ],
        "collections": []
      },
      "properties": {
        "webLinks": [],
        "headline": "",
        "periods": [
          {
            "closureType": "ROAD_CLOSURE",
            "roadextent": "Affected",
            "roadtype": "",
            "direction": "Both directions",
            "finishTime": "5:00am",
            "fromDay": "Wednesday",
            "startTime": "9:00pm",
            "toDay": ""
          },
          {
            "closureType": "ROAD_CLOSURE",
            "roadextent": "Affected",
            "roadtype": "",
            "direction": "Both directions",
            "finishTime": "5:00am",
            "fromDay": "Thursday",
            "startTime": "9:30pm",
            "toDay": ""
          }
        ],
        "speedLimit": 40,
        "weblinkUrl": null,
        "expectedDelay": -1,
        "ended": false,
        "isNewIncident": true,
        "publicTransport": "",
        "impactingNetwork": false,
        "subCategoryB": null,
        "arrangementAttachments": [],
        "isInitialReport": false,
        "created": 1791497773000,
        "isMajor": false,
        "name": null,
        "subCategoryA": "Utilities",
        "adviceA": "Check signage",
        "adviceB": "Reduced speed limit",
        "adviceC": "Allow extra travel time",
        "end": 1794507300000,
        "hideEndDate": false,
        "incidentKind": "Planned",
        "mainCategory": "SCHEDULED ROADWORK",
        "lastUpdated": 1791497774495,
        "otherAdvice": "<p>Traffic lights in the area may be blacked out or flashing yellow.</p><p>Alternating (stop/slow) traffic conditions will be in place to allow motorists to pass in one direction at a time. </p>",
        "arrangementElements": [],
        "diversions": "",
        "additionalInfo": [],
        "weblinkName": null,
        "attendingGroups": null,
        "encodedPolylines": [],
        "duration": null,
        "start": 1794391200000,
        "displayName": "SCHEDULED ROADWORK Utilities",
        "roads": [
          {
            "conditionTendency": "",
            "crossStreet": "Daisy Street",
            "delay": "",
            "impactedLanes": [],
            "locationQualifier": "between",
            "mainStreet": "Milperra Road",
            "quadrant": "",
            "queueLength": 0,
            "region": "Sydney",
            "secondLocation": "Ashford Avenue",
            "suburb": "Revesby",
            "trafficVolume": ""
          }
        ],
        "isLocalRoad": "State road",
        "CategoryIcon": "Roadworks"
      }
    },
    {
      "type": "Feature",
      "id": 290419,
      "geometry": {
        "type": "Point",
        "coordinates": [
          151.105365,
          -33.868849
        ],
        "collections": []
      },
      "properties": {
        "webLinks": [],
        "headline": "",
        "periods": [
          {
            "closureType": "ROAD_CLOSURE",
            "roadextent": "Affected",
            "roadtype": "",
            "direction": "All directions",
            "finishTime": "5:00am",
            "fromDay": "Sunday",
            "startTime": "11:30pm",
            "toDay": ""
          }
        ],
        "speedLimit": 40,
        "weblinkUrl": null,
        "expectedDelay": -1,
        "ended": false,
        "isNewIncident": true,
        "publicTransport": "",
        "impactingNetwork": false,
        "subCategoryB": null,
        "arrangementAttachments": [],
        "isInitialReport": false,
        "created": 1791499143000,
        "isMajor": false,
        "name": null,
        "subCategoryA": "Utilities",
        "adviceA": "Reduced speed limit",
        "adviceB": "Check signage",
        "adviceC": "Allow extra travel time",
        "end": 1794939300000,
        "hideEndDate": false,
        "incidentKind": "Planned",
        "mainCategory": "SCHEDULED ROADWORK",
        "lastUpdated": 1791499144034,
        "otherAdvice": "<p>Alternating (stop/slow) traffic conditions will be in place to allow motorists to pass in one direction at a time.</p>",
        "arrangementElements": [],
        "diversions": "",
        "additionalInfo": [],
        "weblinkName": null,
        "attendingGroups": null,
        "encodedPolylines": [],
        "duration": null,
        "start": 1794132000000,
        "displayName": "SCHEDULED ROADWORK Utilities",
        "roads": [
          {
            "conditionTendency": "",
            "crossStreet": "Burwood Road",
            "delay": "",
            "impactedLanes": [],
            "locationQualifier": "between",
            "mainStreet": "Parramatta Road",
            "quadrant": "",
            "queueLength": 0,
            "region": "Sydney",
            "secondLocation": "Alfred Street",
            "suburb": "Concord",
            "trafficVolume": ""
          }
        ],
        "isLocalRoad": "State road",
        "CategoryIcon": "Roadworks"
      }
    },
    {
      "type": "Feature",
      "id": 290420,
      "geometry": {
        "type": "Point",
        "coordinates": [
          150.9964532,
          -33.8990012
        ],
        "collections": []
      },
      "properties": {
        "webLinks": [],
        "headline": "",
        "periods": [
          {
            "closureType": "ROAD_CLOSURE",
            "roadextent": "Affected",
            "roadtype": "",
            "direction": "Both directions",
            "finishTime": "5:00am",
            "fromDay": "Tuesday",
            "startTime": "10:00pm",
            "toDay": ""
          },
          {
            "closureType": "ROAD_CLOSURE",
            "roadextent": "Affected",
            "roadtype": "",
            "direction": "Both directions",
            "finishTime": "5:00am",
            "fromDay": "Wednesday",
            "startTime": "10:00pm",
            "toDay": ""
          },
          {
            "closureType": "ROAD_CLOSURE",
            "roadextent": "Affected",
            "roadtype": "",
            "direction": "Both directions",
            "finishTime": "5:00am",
            "fromDay": "Thursday",
            "startTime": "10:00pm",
            "toDay": ""
          },
          {
            "closureType": "ROAD_CLOSURE",
            "roadextent": "Affected",
            "roadtype": "",
            "direction": "Both directions",
            "finishTime": "5:00am",
            "fromDay": "Sunday",
            "startTime": "10:00pm",
            "toDay": ""
          },
          {
            "closureType": "ROAD_CLOSURE",
            "roadextent": "Affected",
            "roadtype": "",
            "direction": "Both directions",
            "finishTime": "5:00am",
            "fromDay": "Monday",
            "startTime": "10:00pm",
            "toDay": ""
          }
        ],
        "speedLimit": 40,
        "weblinkUrl": null,
        "expectedDelay": -1,
        "ended": false,
        "isNewIncident": false,
        "publicTransport": "",
        "impactingNetwork": false,
        "subCategoryB": null,
        "arrangementAttachments": [],
        "isInitialReport": false,
        "created": 1791499483000,
        "isMajor": false,
        "name": null,
        "subCategoryA": "Upgrade",
        "adviceA": "Reduced speed limit",
        "adviceB": "Prepare to merge",
        "adviceC": "Allow extra travel time",
        "end": 1792692900000,
        "hideEndDate": false,
        "incidentKind": "Planned",
        "mainCategory": "SCHEDULED ROADWORK",
        "lastUpdated": 1791499600063,
        "otherAdvice": "<p>Alternating (stop/slow) traffic conditions will be in place to allow motorists to pass in one direction at a time.</p><p>Traffic lights in the area may be blacked out or flashing yellow.</p>",
        "arrangementElements": [],
        "diversions": "",
        "additionalInfo": [],
        "weblinkName": null,
        "attendingGroups": null,
        "encodedPolylines": [],
        "duration": null,
        "start": 1791887400000,
        "displayName": "SCHEDULED ROADWORK Upgrade",
        "roads": [
          {
            "conditionTendency": "",
            "crossStreet": "Farrell Road",
            "delay": "",
            "impactedLanes": [],
            "locationQualifier": "between",
            "mainStreet": "Hume Highway",
            "quadrant": "",
            "queueLength": 0,
            "region": "Sydney",
            "secondLocation": "Edna Street",
            "suburb": "Bass Hill",
            "trafficVolume": ""
          }
        ],
        "isLocalRoad": "State road",
        "CategoryIcon": "Roadworks"
      }
    },
    {
      "type": "Feature",
      "id": 290429,
      "geometry": {
        "type": "Point",
        "coordinates": [
          151.330893,
          -33.500606
        ],
        "collections": []
      },
      "properties": {
        "webLinks": [],
        "headline": "",
        "periods": [
          {
            "closureType": "ROAD_CLOSURE",
            "roadextent": "Affected",
            "roadtype": "",
            "direction": "Both directions",
            "finishTime": "5:00am",
            "fromDay": "Thursday",
            "startTime": "7:00pm",
            "toDay": ""
          }
        ],
        "speedLimit": 40,
        "weblinkUrl": null,
        "expectedDelay": -1,
        "ended": false,
        "isNewIncident": true,
        "publicTransport": "",
        "impactingNetwork": false,
        "subCategoryB": null,
        "arrangementAttachments": [],
        "isInitialReport": false,
        "created": 1791501140000,
        "isMajor": false,
        "name": null,
        "subCategoryA": "Intersection upgrade",
        "adviceA": "Reduced speed limit",
        "adviceB": "Check signage",
        "adviceC": "Exercise caution",
        "end": 1792087200000,
        "hideEndDate": false,
        "incidentKind": "Planned",
        "mainCategory": "SCHEDULED ROADWORK",
        "lastUpdated": 1791501140976,
        "otherAdvice": "<p>Alternating (stop/slow) traffic conditions will be in place to allow motorists to pass in one direction at a time. </p>",
        "arrangementElements": [],
        "diversions": "",
        "additionalInfo": [],
        "weblinkName": null,
        "attendingGroups": null,
        "encodedPolylines": [],
        "duration": null,
        "start": 1792051200000,
        "displayName": "SCHEDULED ROADWORK Intersection upgrade",
        "roads": [
          {
            "conditionTendency": "",
            "crossStreet": "McMasters Road",
            "delay": "",
            "impactedLanes": [],
            "locationQualifier": "at",
            "mainStreet": "Blackwall Road",
            "quadrant": "",
            "queueLength": 0,
            "region": "Central Coast",
            "secondLocation": "",
            "suburb": "Woy Woy",
            "trafficVolume": ""
          }
        ],
        "isLocalRoad": "State road",
        "CategoryIcon": "Roadworks"
      }
    },
    {
      "type": "Feature",
      "id": 281755,
      "geometry": {
        "type": "Point",
        "coordinates": [
          152.2611687,
          -31.4044812
        ],
        "collections": []
      },
      "properties": {
        "webLinks": [],
        "headline": "",
        "periods": [
          {
            "closureType": "ROAD_CLOSURE",
            "roadextent": "Affected",
            "roadtype": "",
            "direction": "Both directions",
            "finishTime": "",
            "fromDay": "Every Day",
            "startTime": "all day",
            "toDay": ""
          }
        ],
        "speedLimit": 40,
        "weblinkUrl": null,
        "expectedDelay": -1,
        "ended": false,
        "isNewIncident": false,
        "publicTransport": "",
        "impactingNetwork": false,
        "subCategoryB": null,
        "arrangementAttachments": [],
        "isInitialReport": false,
        "created": 1784244178000,
        "isMajor": false,
        "name": null,
        "subCategoryA": "null",
        "adviceA": "Reduced speed limit",
        "adviceB": "Exercise caution",
        "adviceC": " ",
        "end": 1792134000000,
        "hideEndDate": false,
        "incidentKind": "Planned",
        "mainCategory": "SCHEDULED ROADWORK",
        "lastUpdated": 1791501520574,
        "otherAdvice": "<p><strong>Oversize and overmass (OSOM)</strong> vehicles more than 4.6 metres wide intending to travel through the site must call the project team on 0411 021 138 at least 24 hours prior to travel. </p><p>Motorists are advised to allow approximately 15 minutes of additional travel time.</p>",
        "arrangementElements": [],
        "diversions": "",
        "additionalInfo": [],
        "weblinkName": null,
        "attendingGroups": null,
        "encodedPolylines": [],
        "duration": null,
        "start": 1784667600000,
        "displayName": "SCHEDULED ROADWORK",
        "roads": [
          {
            "conditionTendency": "",
            "crossStreet": "Mount Seaview Rd",
            "delay": "",
            "impactedLanes": [],
            "locationQualifier": "near",
            "mainStreet": "Oxley Highway",
            "quadrant": "",
            "queueLength": 0,
            "region": "North Coast NSW",
            "secondLocation": "",
            "suburb": "Mount Seaview",
            "trafficVolume": ""
          }
        ],
        "isLocalRoad": "State road",
        "CategoryIcon": "Roadworks"
      }
    },
    {
      "type": "Feature",
      "id": 289772,
      "geometry": {
        "type": "Point",
        "coordinates": [
          150.9392192,
          -32.5224941
        ],
        "collections": []
      },
      "properties": {
        "webLinks": [],
        "headline": "",
        "periods": [
          {
            "closureType": "ROAD_CLOSURE",
            "roadextent": "Affected",
            "roadtype": "",
            "direction": "Both directions",
            "finishTime": "5:00am",
            "fromDay": "Sunday",
            "startTime": "7:00pm",
            "toDay": ""
          },
          {
            "closureType": "ROAD_CLOSURE",
            "roadextent": "Affected",
            "roadtype": "",
            "direction": "Both directions",
            "finishTime": "5:00am",
            "fromDay": "Monday",
            "startTime": "7:00pm",
            "toDay": ""
          },
          {
            "closureType": "ROAD_CLOSURE",
            "roadextent": "Affected",
            "roadtype": "",
            "direction": "Both directions",
            "finishTime": "5:00am",
            "fromDay": "Tuesday",
            "startTime": "7:00pm",
            "toDay": ""
          }
        ],
        "speedLimit": 40,
        "weblinkUrl": null,
        "expectedDelay": -1,
        "ended": false,
        "isNewIncident": false,
        "publicTransport": "",
        "impactingNetwork": false,
        "subCategoryB": null,
        "arrangementAttachments": [],
        "isInitialReport": false,
        "created": 1790907017000,
        "isMajor": false,
        "name": null,
        "subCategoryA": "Resurfacing",
        "adviceA": "Reduced speed limit",
        "adviceB": "Check signage",
        "adviceC": " ",
        "end": 1791914400000,
        "hideEndDate": false,
        "incidentKind": "Planned",
        "mainCategory": "SCHEDULED ROADWORK",
        "lastUpdated": 1791501904871,
        "otherAdvice": "<p>Portable traffic lights will allow motorists to pass in one direction at a time. OSOM to contact via UHF21. Motorists are advised to allow approximately 5 minutes of additional travel time.</p>",
        "arrangementElements": [],
        "diversions": "",
        "additionalInfo": [],
        "weblinkName": null,
        "attendingGroups": null,
        "encodedPolylines": [],
        "duration": null,
        "start": 1791705600000,
        "displayName": "SCHEDULED ROADWORK Resurfacing",
        "roads": [
          {
            "conditionTendency": "",
            "crossStreet": "Lemington Road",
            "delay": "",
            "impactedLanes": [],
            "locationQualifier": "between",
            "mainStreet": "Golden Highway",
            "quadrant": "",
            "queueLength": 0,
            "region": "Hunter",
            "secondLocation": "Comleroi Road",
            "suburb": "Jerrys Plains",
            "trafficVolume": ""
          }
        ],
        "isLocalRoad": "State road",
        "CategoryIcon": "Roadworks"
      }
    },
    {
      "type": "Feature",
      "id": 287111,
      "geometry": {
        "type": "Point",
        "coordinates": [
          151.137144,
          -32.6267799
        ],
        "collections": []
      },
      "properties": {
        "webLinks": [
          {
            "linkText": "Road network impacts",
            "linkURL": "https://www.transport.nsw.gov.au/projects/current-projects/road-network-impacts-%E2%80%93-port-of-newcastle-to-central-west"
          }
        ],
        "headline": "",
        "periods": [
          {
            "closureType": "ROAD_CLOSURE",
            "roadextent": "Affected",
            "roadtype": "",
            "direction": "Southbound",
            "finishTime": "4:00pm",
            "fromDay": "Weekdays",
            "startTime": "7:30am",
            "toDay": ""
          }
        ],
        "speedLimit": 40,
        "weblinkUrl": null,
        "expectedDelay": -1,
        "ended": false,
        "isNewIncident": false,
        "publicTransport": "",
        "impactingNetwork": false,
        "subCategoryB": null,
        "arrangementAttachments": [],
        "isInitialReport": false,
        "created": 1788476231000,
        "isMajor": false,
        "name": null,
        "subCategoryA": "Slope stabilisation",
        "adviceA": "Allow extra travel time",
        "adviceB": "Check signage",
        "adviceC": "Reduced speed limit",
        "end": 1791954000000,
        "hideEndDate": false,
        "incidentKind": "Planned",
        "mainCategory": "SCHEDULED ROADWORK",
        "lastUpdated": 1791502264558,
        "otherAdvice": "<p>Alternating (stop/slow) traffic conditions will be in place to allow motorists to pass in one direction at a time. Traffic controllers will be on site to direct motorists. </p>",
        "arrangementElements": [],
        "diversions": "",
        "additionalInfo": [],
        "weblinkName": null,
        "attendingGroups": null,
        "encodedPolylines": [],
        "duration": null,
        "start": 1788730200000,
        "displayName": "SCHEDULED ROADWORK Slope stabilisation",
        "roads": [
          {
            "conditionTendency": "",
            "crossStreet": "",
            "delay": "",
            "impactedLanes": [],
            "locationQualifier": "at",
            "mainStreet": "Golden Highway",
            "quadrant": "",
            "queueLength": 0,
            "region": "Hunter",
            "secondLocation": "",
            "suburb": "Mount Thorley",
            "trafficVolume": ""
          }
        ],
        "isLocalRoad": "State road",
        "CategoryIcon": "Roadworks"
      }
    },
    {
      "type": "Feature",
      "id": 284573,
      "geometry": {
        "type": "Point",
        "coordinates": [
          149.789159,
          -32.038403
        ],
        "collections": []
      },
      "properties": {
        "webLinks": [
          {
            "linkText": "Renewables Transportation traffic impacts",
            "linkURL": "https://www.transport.nsw.gov.au/preview-link/node/32369/f4a63433-ce53-44b7-bdfb-d0b1112d2c43"
          }
        ],
        "headline": "",
        "periods": [
          {
            "closureType": "ROAD_CLOSURE",
            "roadextent": "Affected",
            "roadtype": "Highway",
            "direction": "Both directions",
            "finishTime": "",
            "fromDay": "Every Day",
            "startTime": "all day",
            "toDay": ""
          }
        ],
        "speedLimit": 40,
        "weblinkUrl": null,
        "expectedDelay": -1,
        "ended": false,
        "isNewIncident": false,
        "publicTransport": "",
        "impactingNetwork": false,
        "subCategoryB": null,
        "arrangementAttachments": [],
        "isInitialReport": false,
        "created": 1786590835000,
        "isMajor": false,
        "name": null,
        "subCategoryA": "null",
        "adviceA": "Allow extra travel time",
        "adviceB": "Check signage",
        "adviceC": "Reduced speed limit",
        "end": 1795784400000,
        "hideEndDate": false,
        "incidentKind": "Planned",
        "mainCategory": "SCHEDULED ROADWORK",
        "lastUpdated": 1791503536554,
        "otherAdvice": "<p>Alternating (stop/slow) traffic conditions will be in place to allow motorists to pass in one direction at a time. Motorists are advised to allow approximately 10 minutes of additional travel time.</p>",
        "arrangementElements": [],
        "diversions": "",
        "additionalInfo": [],
        "weblinkName": null,
        "attendingGroups": null,
        "encodedPolylines": [],
        "duration": null,
        "start": 1786543200000,
        "displayName": "SCHEDULED ROADWORK",
        "roads": [
          {
            "conditionTendency": "",
            "crossStreet": "Tongy Lane",
            "delay": "",
            "impactedLanes": [],
            "locationQualifier": "near",
            "mainStreet": "Golden Highway",
            "quadrant": "",
            "queueLength": 0,
            "region": "Central NSW",
            "secondLocation": "",
            "suburb": "Uarbry",
            "trafficVolume": ""
          }
        ],
        "isLocalRoad": "State road",
        "CategoryIcon": "Roadworks"
      }
    },
    {
      "type": "Feature",
      "id": 284575,
      "geometry": {
        "type": "Point",
        "coordinates": [
          149.6505567,
          -32.079784
        ],
        "collections": []
      },
      "properties": {
        "webLinks": [
          {
            "linkText": "Renewables Transportation traffic impacts",
            "linkURL": "https://www.transport.nsw.gov.au/preview-link/node/32369/f4a63433-ce53-44b7-bdfb-d0b1112d2c43"
          }
        ],
        "headline": "",
        "periods": [
          {
            "closureType": "ROAD_CLOSURE",
            "roadextent": "Affected",
            "roadtype": "Highway",
            "direction": "Both directions",
            "finishTime": "",
            "fromDay": "Every Day",
            "startTime": "all day",
            "toDay": ""
          }
        ],
        "speedLimit": 40,
        "weblinkUrl": null,
        "expectedDelay": -1,
        "ended": false,
        "isNewIncident": false,
        "publicTransport": "",
        "impactingNetwork": false,
        "subCategoryB": null,
        "arrangementAttachments": [],
        "isInitialReport": false,
        "created": 1786591183000,
        "isMajor": false,
        "name": null,
        "subCategoryA": "null",
        "adviceA": "Allow extra travel time",
        "adviceB": "Check signage",
        "adviceC": "Reduced speed limit",
        "end": 1792069200000,
        "hideEndDate": false,
        "incidentKind": "Planned",
        "mainCategory": "SCHEDULED ROADWORK",
        "lastUpdated": 1791503716744,
        "otherAdvice": "<p>Alternating (stop/slow) traffic conditions will be in place to allow motorists to pass in one direction at a time. Motorists are advised to allow approximately 10 minutes of additional travel time.</p>",
        "arrangementElements": [],
        "diversions": "",
        "additionalInfo": [],
        "weblinkName": null,
        "attendingGroups": null,
        "encodedPolylines": [],
        "duration": null,
        "start": 1786543200000,
        "displayName": "SCHEDULED ROADWORK",
        "roads": [
          {
            "conditionTendency": "",
            "crossStreet": "Back Creek",
            "delay": "",
            "impactedLanes": [],
            "locationQualifier": "near",
            "mainStreet": "Golden Highway",
            "quadrant": "",
            "queueLength": 0,
            "region": "Central NSW",
            "secondLocation": "",
            "suburb": "Leadville",
            "trafficVolume": ""
          }
        ],
        "isLocalRoad": "State road",
        "CategoryIcon": "Roadworks"
      }
    },
    {
      "type": "Feature",
      "id": 253594,
      "geometry": {
        "type": "Point",
        "coordinates": [
          149.4770967,
          -32.0372482
        ],
        "collections": []
      },
      "properties": {
        "webLinks": [
          {
            "linkText": "Renewables Transportation traffic impacts",
            "linkURL": "https://www.transport.nsw.gov.au/preview-link/node/32369/f4a63433-ce53-44b7-bdfb-d0b1112d2c43"
          }
        ],
        "headline": "",
        "periods": [
          {
            "closureType": "ROAD_CLOSURE",
            "roadextent": "Affected",
            "roadtype": "Highway",
            "direction": "Both directions",
            "finishTime": "",
            "fromDay": "Every Day",
            "startTime": "all day",
            "toDay": ""
          }
        ],
        "speedLimit": 60,
        "weblinkUrl": null,
        "expectedDelay": -1,
        "ended": false,
        "isNewIncident": false,
        "publicTransport": "",
        "impactingNetwork": false,
        "subCategoryB": null,
        "arrangementAttachments": [],
        "isInitialReport": false,
        "created": 1761255532000,
        "isMajor": false,
        "name": null,
        "subCategoryA": "Intersection upgrade",
        "adviceA": "Reduced speed limit",
        "adviceB": "Check signage",
        "adviceC": "Exercise caution",
        "end": 1792069200000,
        "hideEndDate": false,
        "incidentKind": "Planned",
        "mainCategory": "SCHEDULED ROADWORK",
        "lastUpdated": 1791503842348,
        "otherAdvice": "<p>Alternating (stop/slow) traffic conditions will be in place to allow motorists to pass in one direction at a time.</p><p>Motorists are advised to allow approximately 10 minutes of additional travel time.</p><p>Operators of oversize and/or overmass, to contact the project team via UHF 30 to travel through the work site.</p>",
        "arrangementElements": [],
        "diversions": "",
        "additionalInfo": [],
        "weblinkName": null,
        "attendingGroups": null,
        "encodedPolylines": [],
        "duration": null,
        "start": 1761483600000,
        "displayName": "SCHEDULED ROADWORK",
        "roads": [
          {
            "conditionTendency": "",
            "crossStreet": "Castlereagh Highway",
            "delay": "",
            "impactedLanes": [],
            "locationQualifier": "at",
            "mainStreet": "Golden Highway",
            "quadrant": "",
            "queueLength": 0,
            "region": "Central NSW",
            "secondLocation": "",
            "suburb": "Dunedoo",
            "trafficVolume": ""
          }
        ],
        "isLocalRoad": "State road",
        "CategoryIcon": "Roadworks"
      }
    },
    {
      "type": "Feature",
      "id": 288784,
      "geometry": {
        "type": "Point",
        "coordinates": [
          148.1316643,
          -33.1870883
        ],
        "collections": []
      },
      "properties": {
        "webLinks": [],
        "headline": "",
        "periods": [
          {
            "closureType": "ROAD_CLOSURE",
            "roadextent": "Affected",
            "roadtype": "",
            "direction": "Both directions",
            "finishTime": "6:00pm",
            "fromDay": "Weekdays",
            "startTime": "7:00am",
            "toDay": ""
          },
          {
            "closureType": "ROAD_CLOSURE",
            "roadextent": "Affected",
            "roadtype": "",
            "direction": "Both directions",
            "finishTime": "1:00pm",
            "fromDay": "Saturday",
            "startTime": "8:00am",
            "toDay": ""
          }
        ],
        "speedLimit": 40,
        "weblinkUrl": null,
        "expectedDelay": -1,
        "ended": false,
        "isNewIncident": false,
        "publicTransport": "",
        "impactingNetwork": false,
        "subCategoryB": null,
        "arrangementAttachments": [],
        "isInitialReport": false,
        "created": 1790051968000,
        "isMajor": false,
        "name": null,
        "subCategoryA": "null",
        "adviceA": "Reduced speed limit",
        "adviceB": "Check signage",
        "adviceC": " ",
        "end": 1792220400000,
        "hideEndDate": false,
        "incidentKind": "Planned",
        "mainCategory": "SCHEDULED ROADWORK",
        "lastUpdated": 1791504727366,
        "otherAdvice": "<p>Motorists are advised to allow approximately 5 minutes of additional travel time. </p>",
        "arrangementElements": [],
        "diversions": "",
        "additionalInfo": [],
        "weblinkName": null,
        "attendingGroups": null,
        "encodedPolylines": [],
        "duration": null,
        "start": 1790542800000,
        "displayName": "SCHEDULED ROADWORK",
        "roads": [
          {
            "conditionTendency": "",
            "crossStreet": "Watts Lane",
            "delay": "",
            "impactedLanes": [],
            "locationQualifier": "between",
            "mainStreet": "Newell Highway",
            "quadrant": "",
            "queueLength": 0,
            "region": "Central NSW",
            "secondLocation": "Forbes Road",
            "suburb": "Parkes",
            "trafficVolume": ""
          }
        ],
        "isLocalRoad": "State road",
        "CategoryIcon": "Roadworks"
      }
    },
    {
      "type": "Feature",
      "id": 290435,
      "geometry": {
        "type": "Point",
        "coordinates": [
          150.8148848,
          -30.881216
        ],
        "collections": []
      },
      "properties": {
        "webLinks": [],
        "headline": "",
        "periods": [
          {
            "closureType": "ROAD_CLOSURE",
            "roadextent": "Affected",
            "roadtype": "Bridge",
            "direction": "Both directions",
            "finishTime": "5:00pm",
            "fromDay": "Weekdays",
            "startTime": "6:30am",
            "toDay": ""
          }
        ],
        "speedLimit": 40,
        "weblinkUrl": null,
        "expectedDelay": -1,
        "ended": false,
        "isNewIncident": true,
        "publicTransport": "",
        "impactingNetwork": false,
        "subCategoryB": null,
        "arrangementAttachments": [],
        "isInitialReport": false,
        "created": 1791504879000,
        "isMajor": false,
        "name": null,
        "subCategoryA": "Bridge work",
        "adviceA": "Reduced speed limit",
        "adviceB": "Check signage",
        "adviceC": "Exercise caution",
        "end": 1792735200000,
        "hideEndDate": false,
        "incidentKind": "Planned",
        "mainCategory": "SCHEDULED ROADWORK",
        "lastUpdated": 1791504880036,
        "otherAdvice": "<p>Alternating (stop/slow) traffic conditions will be in place to allow motorists to pass in one direction at a time. Motorists are advised to allow approximately 5 minutes of additional travel time. </p>",
        "arrangementElements": [],
        "diversions": "",
        "additionalInfo": [],
        "weblinkName": null,
        "attendingGroups": null,
        "encodedPolylines": [],
        "duration": null,
        "start": 1791747000000,
        "displayName": "SCHEDULED ROADWORK Bridge work",
        "roads": [
          {
            "conditionTendency": "",
            "crossStreet": "Browns Springs Creek",
            "delay": "",
            "impactedLanes": [],
            "locationQualifier": "at",
            "mainStreet": "Manilla Road",
            "quadrant": "",
            "queueLength": 0,
            "region": "New England North West",
            "secondLocation": "",
            "suburb": "Attunga",
            "trafficVolume": ""
          }
        ],
        "isLocalRoad": "State road",
        "CategoryIcon": "Roadworks"
      }
    },
    {
      "type": "Feature",
      "id": 223155,
      "geometry": {
        "type": "Point",
        "coordinates": [
          152.921233,
          -30.7052557
        ],
        "collections": []
      },
      "properties": {
        "webLinks": [
          {
            "linkText": "Sign up for SMS alerts",
            "linkURL": "https://confirmsubscription.com/h/j/F83BE35F4AF99B44"
          }
        ],
        "headline": "",
        "periods": [
          {
            "closureType": "ROAD_CLOSURE",
            "roadextent": "Affected",
            "roadtype": "Bridge",
            "direction": "Both directions",
            "finishTime": "5:00am",
            "fromDay": "Sunday",
            "startTime": "7:00pm",
            "toDay": ""
          },
          {
            "closureType": "ROAD_CLOSURE",
            "roadextent": "Affected",
            "roadtype": "Bridge",
            "direction": "Both directions",
            "finishTime": "5:00am",
            "fromDay": "Monday",
            "startTime": "7:00pm",
            "toDay": ""
          },
          {
            "closureType": "ROAD_CLOSURE",
            "roadextent": "Affected",
            "roadtype": "Bridge",
            "direction": "Both directions",
            "finishTime": "5:00am",
            "fromDay": "Tuesday",
            "startTime": "7:00pm",
            "toDay": ""
          },
          {
            "closureType": "ROAD_CLOSURE",
            "roadextent": "Affected",
            "roadtype": "Bridge",
            "direction": "Both directions",
            "finishTime": "5:00am",
            "fromDay": "Wednesday",
            "startTime": "7:00pm",
            "toDay": ""
          },
          {
            "closureType": "ROAD_CLOSURE",
            "roadextent": "Affected",
            "roadtype": "Bridge",
            "direction": "Both directions",
            "finishTime": "5:00am",
            "fromDay": "Thursday",
            "startTime": "7:00pm",
            "toDay": ""
          }
        ],
        "speedLimit": 40,
        "weblinkUrl": null,
        "expectedDelay": -1,
        "ended": false,
        "isNewIncident": false,
        "publicTransport": "",
        "impactingNetwork": true,
        "subCategoryB": null,
        "arrangementAttachments": [],
        "isInitialReport": false,
        "created": 1738908552000,
        "isMajor": false,
        "name": null,
        "subCategoryA": "Bridge work",
        "adviceA": "Check signage",
        "adviceB": "Exercise caution",
        "adviceC": "Reduced speed limit",
        "end": 1795759200000,
        "hideEndDate": false,
        "incidentKind": "Planned",
        "mainCategory": "SCHEDULED ROADWORK",
        "lastUpdated": 1791505926879,
        "otherAdvice": "<p><strong>The bridge will be closed at night from 7pm to 5am, Sunday to Thursday. There will be a heavy vehicle load and width restriction of 4.5 tonne and 2.7 metres. </strong>Detours will be in place. Motorists are advised to allow approximately 10 minutes of additional travel time. During the day, alternating (stop/slow) traffic conditions may be in place if work is being carried out. Work hours on the bridge are dependent on tides.</p>",
        "arrangementElements": [],
        "diversions": "<p>Detour via the M1 Pacific Motorway. Follow signage in place.</p>",
        "additionalInfo": [],
        "weblinkName": null,
        "attendingGroups": null,
        "encodedPolylines": [],
        "duration": null,
        "start": 1762149600000,
        "displayName": "SCHEDULED ROADWORK Bridge work",
        "roads": [
          {
            "conditionTendency": "",
            "crossStreet": "Ferry Street",
            "delay": "",
            "impactedLanes": [],
            "locationQualifier": "at",
            "mainStreet": "Giinagay Way",
            "quadrant": "",
            "queueLength": 0,
            "region": "North Coast NSW",
            "secondLocation": "",
            "suburb": "North Macksville",
            "trafficVolume": ""
          }
        ],
        "isLocalRoad": "State road",
        "CategoryIcon": "Roadworks"
      }
    },
    {
      "type": "Feature",
      "id": 270885,
      "geometry": {
        "type": "Point",
        "coordinates": [
          146.0165923,
          -34.4650022
        ],
        "collections": []
      },
      "properties": {
        "webLinks": [],
        "headline": "",
        "periods": [
          {
            "closureType": "ROAD_CLOSURE",
            "roadextent": "Affected",
            "roadtype": "",
            "direction": "Both directions",
            "finishTime": "6:00pm",
            "fromDay": "Weekdays",
            "startTime": "6:00am",
            "toDay": ""
          },
          {
            "closureType": "ROAD_CLOSURE",
            "roadextent": "Affected",
            "roadtype": "",
            "direction": "Both directions",
            "finishTime": "6:00pm",
            "fromDay": "Saturday",
            "startTime": "6:00am",
            "toDay": ""
          }
        ],
        "speedLimit": -1,
        "weblinkUrl": null,
        "expectedDelay": -1,
        "ended": false,
        "isNewIncident": false,
        "publicTransport": "",
        "impactingNetwork": true,
        "subCategoryB": null,
        "arrangementAttachments": [
          {
            "displayName": "Work_Area",
            "fileName": "Work_Area.png",
            "fileType": "PNG",
            "linkName": "Work_Area",
            "sizeInBytes": 172894,
            "uniqueFileName": "100515_1776121438409_Work_Area.png"
          }
        ],
        "isInitialReport": false,
        "created": 1776121454000,
        "isMajor": false,
        "name": null,
        "subCategoryA": "null",
        "adviceA": "Reduce your speed",
        "adviceB": "Check signage",
        "adviceC": " ",
        "end": 1794726000000,
        "hideEndDate": false,
        "incidentKind": "Planned",
        "mainCategory": "SCHEDULED ROADWORK",
        "lastUpdated": 1791511167430,
        "otherAdvice": "<p>Traffic controllers will be on site to direct motorists.</p><p>The speed limit outside work hours is 60km/h.</p><p>Silo Road will be closed until the project is completed.</p><p><strong>Oversize and overmass (OSOM) vehicles wider than 4.5 metres will need to contact traffic control to be escorted through the site.</strong></p>",
        "arrangementElements": [],
        "diversions": "<p>During the May 31 closure a detour around the work site will be in place via North Kooba Settlers Road, Wilga Road, Irrigation Way and Whitton-Darlington Point Road, adding up to 30 minutes’ additional travel time. </p>",
        "additionalInfo": [],
        "weblinkName": null,
        "attendingGroups": null,
        "encodedPolylines": [],
        "duration": null,
        "start": 1776628800000,
        "displayName": "SCHEDULED ROADWORK",
        "roads": [
          {
            "conditionTendency": "",
            "crossStreet": "Coppard Road",
            "delay": "",
            "impactedLanes": [],
            "locationQualifier": "at",
            "mainStreet": "Kidman Way & Silo Road",
            "quadrant": "",
            "queueLength": 0,
            "region": "Riverina",
            "secondLocation": "",
            "suburb": "Willbriggie",
            "trafficVolume": ""
          }
        ],
        "isLocalRoad": "State road",
        "CategoryIcon": "Roadworks"
      }
    },
    {
      "type": "Feature",
      "id": 276997,
      "geometry": {
        "type": "Point",
        "coordinates": [
          149.6721478,
          -35.2000108
        ],
        "collections": []
      },
      "properties": {
        "webLinks": [],
        "headline": "",
        "periods": [
          {
            "closureType": "ROAD_CLOSURE",
            "roadextent": "Affected",
            "roadtype": "",
            "direction": "Both directions",
            "finishTime": "5:00pm",
            "fromDay": "Weekdays",
            "startTime": "7:00am",
            "toDay": ""
          }
        ],
        "speedLimit": 60,
        "weblinkUrl": null,
        "expectedDelay": -1,
        "ended": false,
        "isNewIncident": false,
        "publicTransport": "",
        "impactingNetwork": false,
        "subCategoryB": null,
        "arrangementAttachments": [],
        "isInitialReport": false,
        "created": 1780557341000,
        "isMajor": false,
        "name": null,
        "subCategoryA": "Resurfacing",
        "adviceA": "Allow extra travel time",
        "adviceB": "Reduced speed limit",
        "adviceC": " ",
        "end": 1796018400000,
        "hideEndDate": true,
        "incidentKind": "Planned",
        "mainCategory": "SCHEDULED ROADWORK",
        "lastUpdated": 1791513099822,
        "otherAdvice": "<p>Single lane closure with alternating (stop/slow) traffic conditions will be in place to allow motorists to pass in one direction at a time. Traffic controllers will be on site to direct motorists. </p><p>Motorists are advised to allow approximately 5 minutes of additional travel time. </p>",
        "arrangementElements": [],
        "diversions": "",
        "additionalInfo": [],
        "weblinkName": null,
        "attendingGroups": null,
        "encodedPolylines": [],
        "duration": null,
        "start": 1781125200000,
        "displayName": "SCHEDULED ROADWORK Resurfacing",
        "roads": [
          {
            "conditionTendency": "",
            "crossStreet": "",
            "delay": "",
            "impactedLanes": [],
            "locationQualifier": "at",
            "mainStreet": "Goulburn Rd",
            "quadrant": "",
            "queueLength": 0,
            "region": "Southern Highlands",
            "secondLocation": "",
            "suburb": "Boro",
            "trafficVolume": ""
          }
        ],
        "isLocalRoad": "State road",
        "CategoryIcon": "Roadworks"
      }
    },
    {
      "type": "Feature",
      "id": 284708,
      "geometry": {
        "type": "Point",
        "coordinates": [
          149.8011938,
          -36.6312377
        ],
        "collections": []
      },
      "properties": {
        "webLinks": [],
        "headline": "",
        "periods": [
          {
            "closureType": "ROAD_CLOSURE",
            "roadextent": "Affected",
            "roadtype": "",
            "direction": "Both directions",
            "finishTime": "",
            "fromDay": "Every Day",
            "startTime": "all day",
            "toDay": ""
          }
        ],
        "speedLimit": 40,
        "weblinkUrl": null,
        "expectedDelay": -1,
        "ended": false,
        "isNewIncident": false,
        "publicTransport": "",
        "impactingNetwork": false,
        "subCategoryB": null,
        "arrangementAttachments": [],
        "isInitialReport": false,
        "created": 1786687994000,
        "isMajor": false,
        "name": null,
        "subCategoryA": "null",
        "adviceA": "Reduced speed limit",
        "adviceB": "Check signage",
        "adviceC": " ",
        "end": 1792130400000,
        "hideEndDate": false,
        "incidentKind": "Planned",
        "mainCategory": "SCHEDULED ROADWORK",
        "lastUpdated": 1791513938016,
        "otherAdvice": "<p>Portable traffic lights will allow motorists to pass in one direction at a time. </p><p>Alternating (stop/slow) traffic conditions will be in place to allow motorists to pass in one direction at a time. </p>",
        "arrangementElements": [],
        "diversions": "",
        "additionalInfo": [],
        "weblinkName": null,
        "attendingGroups": null,
        "encodedPolylines": [],
        "duration": null,
        "start": 1787086800000,
        "displayName": "SCHEDULED ROADWORK",
        "roads": [
          {
            "conditionTendency": "",
            "crossStreet": "",
            "delay": "",
            "impactedLanes": [],
            "locationQualifier": "at",
            "mainStreet": "Snowy Mountains Highway",
            "quadrant": "",
            "queueLength": 0,
            "region": "South Coast",
            "secondLocation": "",
            "suburb": "Stony Creek",
            "trafficVolume": ""
          }
        ],
        "isLocalRoad": "State road",
        "CategoryIcon": "Roadworks"
      }
    },
    {
      "type": "Feature",
      "id": 289739,
      "geometry": {
        "type": "Point",
        "coordinates": [
          144.980814,
          -34.458227
        ],
        "collections": []
      },
      "properties": {
        "webLinks": [],
        "headline": "",
        "periods": [
          {
            "closureType": "ROAD_CLOSURE",
            "roadextent": "Affected",
            "roadtype": "",
            "direction": "Both directions",
            "finishTime": "5:00pm",
            "fromDay": "Weekdays",
            "startTime": "7:00am",
            "toDay": ""
          }
        ],
        "speedLimit": 40,
        "weblinkUrl": null,
        "expectedDelay": -1,
        "ended": false,
        "isNewIncident": false,
        "publicTransport": "",
        "impactingNetwork": false,
        "subCategoryB": null,
        "arrangementAttachments": [],
        "isInitialReport": false,
        "created": 1790896393000,
        "isMajor": false,
        "name": null,
        "subCategoryA": "null",
        "adviceA": "Reduced speed limit",
        "adviceB": "Exercise caution",
        "adviceC": " ",
        "end": 1792130400000,
        "hideEndDate": false,
        "incidentKind": "Planned",
        "mainCategory": "SCHEDULED ROADWORK",
        "lastUpdated": 1791514296732,
        "otherAdvice": "<p>Motorists are advised to allow approximately 5 minutes of additional travel time. </p>",
        "arrangementElements": [],
        "diversions": "",
        "additionalInfo": [],
        "weblinkName": null,
        "attendingGroups": null,
        "encodedPolylines": [],
        "duration": null,
        "start": 1791144000000,
        "displayName": "SCHEDULED ROADWORK",
        "roads": [
          {
            "conditionTendency": "",
            "crossStreet": "Murrumbidgee River Road",
            "delay": "",
            "impactedLanes": [],
            "locationQualifier": "at",
            "mainStreet": "Mid Western Highway",
            "quadrant": "",
            "queueLength": 0,
            "region": "Riverina",
            "secondLocation": "",
            "suburb": "Hay",
            "trafficVolume": ""
          }
        ],
        "isLocalRoad": "State road",
        "CategoryIcon": "Roadworks"
      }
    },
    {
      "type": "Feature",
      "id": 290455,
      "geometry": {
        "type": "Point",
        "coordinates": [
          148.332275,
          -34.298094
        ],
        "collections": []
      },
      "properties": {
        "webLinks": [],
        "headline": "",
        "periods": [
          {
            "closureType": "ROAD_CLOSURE",
            "roadextent": "Affected",
            "roadtype": "",
            "direction": "Both directions",
            "finishTime": "5:00pm",
            "fromDay": "Weekdays",
            "startTime": "7:00am",
            "toDay": ""
          }
        ],
        "speedLimit": 40,
        "weblinkUrl": null,
        "expectedDelay": -1,
        "ended": false,
        "isNewIncident": false,
        "publicTransport": "",
        "impactingNetwork": false,
        "subCategoryB": null,
        "arrangementAttachments": [],
        "isInitialReport": false,
        "created": 1791514727000,
        "isMajor": false,
        "name": null,
        "subCategoryA": "Resurfacing",
        "adviceA": "Reduced speed limit",
        "adviceB": "Check signage",
        "adviceC": " ",
        "end": 1791871200000,
        "hideEndDate": false,
        "incidentKind": "Planned",
        "mainCategory": "SCHEDULED ROADWORK",
        "lastUpdated": 1791514917988,
        "otherAdvice": "<p>Portable traffic lights will allow motorists to pass in one direction at a time. </p><p>Motorists are advised to allow approximately 5 minutes of additional travel time. </p>",
        "arrangementElements": [],
        "diversions": "",
        "additionalInfo": [],
        "weblinkName": null,
        "attendingGroups": null,
        "encodedPolylines": [],
        "duration": null,
        "start": 1791748800000,
        "displayName": "SCHEDULED ROADWORK Resurfacing",
        "roads": [
          {
            "conditionTendency": "",
            "crossStreet": "Isaacs Road",
            "delay": "",
            "impactedLanes": [],
            "locationQualifier": "at",
            "mainStreet": "Olympic Highway",
            "quadrant": "",
            "queueLength": 0,
            "region": "Southern Highlands",
            "secondLocation": "",
            "suburb": "Young",
            "trafficVolume": ""
          }
        ],
        "isLocalRoad": "State road",
        "CategoryIcon": "Roadworks"
      }
    },
    {
      "type": "Feature",
      "id": 290456,
      "geometry": {
        "type": "Point",
        "coordinates": [
          148.272007,
          -34.3577209
        ],
        "collections": []
      },
      "properties": {
        "webLinks": [],
        "headline": "",
        "periods": [
          {
            "closureType": "ROAD_CLOSURE",
            "roadextent": "Affected",
            "roadtype": "",
            "direction": "Both directions",
            "finishTime": "5:00pm",
            "fromDay": "Weekdays",
            "startTime": "7:00am",
            "toDay": ""
          }
        ],
        "speedLimit": 40,
        "weblinkUrl": null,
        "expectedDelay": -1,
        "ended": false,
        "isNewIncident": true,
        "publicTransport": "",
        "impactingNetwork": false,
        "subCategoryB": null,
        "arrangementAttachments": [],
        "isInitialReport": false,
        "created": 1791515275000,
        "isMajor": false,
        "name": null,
        "subCategoryA": "Resurfacing",
        "adviceA": "Reduced speed limit",
        "adviceB": "Check signage",
        "adviceC": " ",
        "end": 1791871200000,
        "hideEndDate": false,
        "incidentKind": "Planned",
        "mainCategory": "SCHEDULED ROADWORK",
        "lastUpdated": 1791515276030,
        "otherAdvice": "<p>Portable traffic lights will allow motorists to pass in one direction at a time. </p><p>Motorists are advised to allow approximately 5 minutes of additional travel time. </p>",
        "arrangementElements": [],
        "diversions": "",
        "additionalInfo": [],
        "weblinkName": null,
        "attendingGroups": null,
        "encodedPolylines": [],
        "duration": null,
        "start": 1791316800000,
        "displayName": "SCHEDULED ROADWORK Resurfacing",
        "roads": [
          {
            "conditionTendency": "",
            "crossStreet": "Berthong Street",
            "delay": "",
            "impactedLanes": [],
            "locationQualifier": "at",
            "mainStreet": "Olympic Highway",
            "quadrant": "",
            "queueLength": 0,
            "region": "Southern Highlands",
            "secondLocation": "",
            "suburb": "Young",
            "trafficVolume": ""
          }
        ],
        "isLocalRoad": "State road",
        "CategoryIcon": "Roadworks"
      }
    },
    {
      "type": "Feature",
      "id": 269646,
      "geometry": {
        "type": "Point",
        "coordinates": [
          152.9300065,
          -30.4694848
        ],
        "collections": []
      },
      "properties": {
        "webLinks": [],
        "headline": "",
        "periods": [
          {
            "closureType": "ROAD_CLOSURE",
            "roadextent": "Affected",
            "roadtype": "",
            "direction": "Both directions",
            "finishTime": "5:00pm",
            "fromDay": "Every Day",
            "startTime": "6:30am",
            "toDay": ""
          }
        ],
        "speedLimit": 40,
        "weblinkUrl": null,
        "expectedDelay": -1,
        "ended": false,
        "isNewIncident": false,
        "publicTransport": "",
        "impactingNetwork": true,
        "subCategoryB": null,
        "arrangementAttachments": [],
        "isInitialReport": false,
        "created": 1776024072000,
        "isMajor": false,
        "name": null,
        "subCategoryA": "null",
        "adviceA": "Exercise caution",
        "adviceB": "Check signage",
        "adviceC": "Reduced speed limit",
        "end": 1797055200000,
        "hideEndDate": false,
        "incidentKind": "Planned",
        "mainCategory": "SCHEDULED ROADWORK",
        "lastUpdated": 1791515717754,
        "otherAdvice": "<p>Alternating (stop/slow) traffic conditions will be in place to allow motorists to pass in one direction at a time. A speed reduction of 60km/h will be in place outside work hours. Motorists are advised to allow approximately 10 minutes of additional travel time.</p>",
        "arrangementElements": [],
        "diversions": "",
        "additionalInfo": [],
        "weblinkName": null,
        "attendingGroups": null,
        "encodedPolylines": [],
        "duration": null,
        "start": 1776636000000,
        "displayName": "SCHEDULED ROADWORK",
        "roads": [
          {
            "conditionTendency": "",
            "crossStreet": "Nicholson Street",
            "delay": "",
            "impactedLanes": [],
            "locationQualifier": "between",
            "mainStreet": "Waterfall Way",
            "quadrant": "",
            "queueLength": 0,
            "region": "North Coast NSW",
            "secondLocation": "Old Brierfield Road",
            "suburb": "Fernmount",
            "trafficVolume": ""
          }
        ],
        "isLocalRoad": "State road",
        "CategoryIcon": "Roadworks"
      }
    },
    {
      "type": "Feature",
      "id": 268527,
      "geometry": {
        "type": "Point",
        "coordinates": [
          151.6670263,
          -32.9598584
        ],
        "collections": []
      },
      "properties": {
        "webLinks": [
          {
            "linkText": "Hillsborough Road Upgrade",
            "linkURL": "https://aus01.safelinks.protection.outlook.com/?url=https%3A%2F%2Fwww.transport.nsw.gov.au%2Fprojects%2Fcurrent-projects%2Fhillsborough-road-upgrade&data=05%7C02%7CKylie.Skinner%40transport.nsw.gov.au%7C1bf5ea6f2dbe44ee13e508de8ee828f7%7Ccb356782ad9a47fb8"
          }
        ],
        "headline": "",
        "periods": [
          {
            "closureType": "ROAD_CLOSURE",
            "roadextent": "Affected",
            "roadtype": "",
            "direction": "Both directions",
            "finishTime": "6:00pm",
            "fromDay": "Weekdays",
            "startTime": "7:00am",
            "toDay": ""
          },
          {
            "closureType": "ROAD_CLOSURE",
            "roadextent": "Affected",
            "roadtype": "",
            "direction": "Both directions",
            "finishTime": "1:00pm",
            "fromDay": "Saturday",
            "startTime": "8:00am",
            "toDay": ""
          }
        ],
        "speedLimit": 40,
        "weblinkUrl": null,
        "expectedDelay": -1,
        "ended": false,
        "isNewIncident": false,
        "publicTransport": "",
        "impactingNetwork": true,
        "subCategoryB": null,
        "arrangementAttachments": [],
        "isInitialReport": false,
        "created": 1775430004000,
        "isMajor": false,
        "name": null,
        "subCategoryA": "Intersection upgrade",
        "adviceA": "Exercise caution",
        "adviceB": "Reduced speed limit",
        "adviceC": " ",
        "end": 1791741600000,
        "hideEndDate": true,
        "incidentKind": "Planned",
        "mainCategory": "SCHEDULED ROADWORK",
        "lastUpdated": 1791516039908,
        "otherAdvice": "<p>The right turn lane from Crockett Street onto Hillsborough Road will be closed for the duration of the works.</p><p><strong>Crockett Street will be closed between Hillsborough Road and Knight Street from 7pm Friday 9 October to 5am Monday 12 October. </strong></p><p>Motorists are advised to allow approximately 10 minutes of additional travel time.</p>",
        "arrangementElements": [],
        "diversions": "<p>Detour via Macquarie Rd, John St, and Maud St. </p>",
        "additionalInfo": [],
        "weblinkName": null,
        "attendingGroups": null,
        "encodedPolylines": [],
        "duration": null,
        "start": 1789938000000,
        "displayName": "SCHEDULED ROADWORK Intersection upgrade",
        "roads": [
          {
            "conditionTendency": "",
            "crossStreet": "Barker Ave",
            "delay": "",
            "impactedLanes": [],
            "locationQualifier": "between",
            "mainStreet": "Hillsborough Road",
            "quadrant": "",
            "queueLength": 0,
            "region": "Hunter",
            "secondLocation": "Crockett Street",
            "suburb": "Hillsborough",
            "trafficVolume": ""
          }
        ],
        "isLocalRoad": "State road",
        "CategoryIcon": "Roadworks"
      }
    },
    {
      "type": "Feature",
      "id": 279079,
      "geometry": {
        "type": "Point",
        "coordinates": [
          151.3309993,
          -33.5094462
        ],
        "collections": []
      },
      "properties": {
        "webLinks": [],
        "headline": "",
        "periods": [
          {
            "closureType": "ROAD_CLOSURE",
            "roadextent": "Affected",
            "roadtype": "",
            "direction": "Both directions",
            "finishTime": "5:00am",
            "fromDay": "Sunday",
            "startTime": "7:00pm",
            "toDay": ""
          },
          {
            "closureType": "ROAD_CLOSURE",
            "roadextent": "Affected",
            "roadtype": "",
            "direction": "Both directions",
            "finishTime": "5:00am",
            "fromDay": "Monday",
            "startTime": "7:00pm",
            "toDay": ""
          },
          {
            "closureType": "ROAD_CLOSURE",
            "roadextent": "Affected",
            "roadtype": "",
            "direction": "Both directions",
            "finishTime": "5:00am",
            "fromDay": "Tuesday",
            "startTime": "7:00pm",
            "toDay": ""
          },
          {
            "closureType": "ROAD_CLOSURE",
            "roadextent": "Affected",
            "roadtype": "",
            "direction": "Both directions",
            "finishTime": "5:00am",
            "fromDay": "Wednesday",
            "startTime": "7:00pm",
            "toDay": ""
          },
          {
            "closureType": "ROAD_CLOSURE",
            "roadextent": "Affected",
            "roadtype": "",
            "direction": "Both directions",
            "finishTime": "5:00am",
            "fromDay": "Thursday",
            "startTime": "7:00pm",
            "toDay": ""
          }
        ],
        "speedLimit": 40,
        "weblinkUrl": null,
        "expectedDelay": -1,
        "ended": false,
        "isNewIncident": false,
        "publicTransport": "",
        "impactingNetwork": false,
        "subCategoryB": null,
        "arrangementAttachments": [],
        "isInitialReport": false,
        "created": 1782602025000,
        "isMajor": false,
        "name": null,
        "subCategoryA": "null",
        "adviceA": "Allow extra travel time",
        "adviceB": "Check signage",
        "adviceC": "Reduced speed limit",
        "end": 1792864800000,
        "hideEndDate": false,
        "incidentKind": "Planned",
        "mainCategory": "SCHEDULED ROADWORK",
        "lastUpdated": 1791519161586,
        "otherAdvice": "<p>Alternating (stop/slow) traffic conditions using portable traffic lights will allow motorists to pass in one direction at a time. </p><p>Local diversions will be in place. Lanes will be restricted to 3.2m wide to control light vehicles during work activities but can be adjusted to allow Oversize and/or overmass vehicles to be escorted through the work site.</p>",
        "arrangementElements": [],
        "diversions": "",
        "additionalInfo": [],
        "weblinkName": null,
        "attendingGroups": null,
        "encodedPolylines": [],
        "duration": null,
        "start": 1791705600000,
        "displayName": "SCHEDULED ROADWORK",
        "roads": [
          {
            "conditionTendency": "",
            "crossStreet": "Barrenjoey Road and Maitland Bay Drive",
            "delay": "",
            "impactedLanes": [],
            "locationQualifier": "at",
            "mainStreet": "Memorial Avenue",
            "quadrant": "",
            "queueLength": 0,
            "region": "Central Coast",
            "secondLocation": "",
            "suburb": "Ettalong Beach",
            "trafficVolume": ""
          }
        ],
        "isLocalRoad": "State road",
        "CategoryIcon": "Roadworks"
      }
    },
    {
      "type": "Feature",
      "id": 290470,
      "geometry": {
        "type": "Point",
        "coordinates": [
          149.0223602,
          -35.0029192
        ],
        "collections": []
      },
      "properties": {
        "webLinks": [],
        "headline": "",
        "periods": [
          {
            "closureType": "ROAD_CLOSURE",
            "roadextent": "Affected",
            "roadtype": "",
            "direction": "Both directions",
            "finishTime": "6:00am",
            "fromDay": "Weekday Nights",
            "startTime": "7:00pm",
            "toDay": ""
          }
        ],
        "speedLimit": 40,
        "weblinkUrl": null,
        "expectedDelay": -1,
        "ended": false,
        "isNewIncident": true,
        "publicTransport": "",
        "impactingNetwork": false,
        "subCategoryB": null,
        "arrangementAttachments": [],
        "isInitialReport": false,
        "created": 1791519816000,
        "isMajor": false,
        "name": null,
        "subCategoryA": "null",
        "adviceA": "Reduced speed limit",
        "adviceB": "Check signage",
        "adviceC": " ",
        "end": 1792090800000,
        "hideEndDate": false,
        "incidentKind": "Planned",
        "mainCategory": "SCHEDULED ROADWORK",
        "lastUpdated": 1791519816624,
        "otherAdvice": "<p>Portable traffic lights will allow motorists to pass in one direction at a time. </p><p>Motorists are advised to allow approximately 5 minutes of additional travel time. </p>",
        "arrangementElements": [],
        "diversions": "",
        "additionalInfo": [],
        "weblinkName": null,
        "attendingGroups": null,
        "encodedPolylines": [],
        "duration": null,
        "start": 1791792000000,
        "displayName": "SCHEDULED ROADWORK",
        "roads": [
          {
            "conditionTendency": "",
            "crossStreet": "Longrail Gully Road",
            "delay": "",
            "impactedLanes": [],
            "locationQualifier": "between",
            "mainStreet": "Barton Highway",
            "quadrant": "",
            "queueLength": 0,
            "region": "Southern Highlands",
            "secondLocation": "Casuarina Lane",
            "suburb": "Murrumbateman",
            "trafficVolume": ""
          }
        ],
        "isLocalRoad": "State road",
        "CategoryIcon": "Roadworks"
      }
    },
    {
      "type": "Feature",
      "id": 290471,
      "geometry": {
        "type": "Point",
        "coordinates": [
          146.0444978,
          -33.8881033
        ],
        "collections": []
      },
      "properties": {
        "webLinks": [],
        "headline": "",
        "periods": [
          {
            "closureType": "ROAD_CLOSURE",
            "roadextent": "Affected",
            "roadtype": "",
            "direction": "Both directions",
            "finishTime": "5:00pm",
            "fromDay": "Weekdays",
            "startTime": "7:00am",
            "toDay": ""
          }
        ],
        "speedLimit": 40,
        "weblinkUrl": null,
        "expectedDelay": -1,
        "ended": false,
        "isNewIncident": true,
        "publicTransport": "",
        "impactingNetwork": false,
        "subCategoryB": null,
        "arrangementAttachments": [],
        "isInitialReport": false,
        "created": 1791519999000,
        "isMajor": false,
        "name": null,
        "subCategoryA": "Resurfacing",
        "adviceA": "Reduced speed limit",
        "adviceB": "Check signage",
        "adviceC": " ",
        "end": 1792130400000,
        "hideEndDate": false,
        "incidentKind": "Planned",
        "mainCategory": "SCHEDULED ROADWORK",
        "lastUpdated": 1791520000114,
        "otherAdvice": "<p>Portable traffic lights will allow motorists to pass in one direction at a time. </p><p>Motorists are advised to allow approximately 5 minutes of additional travel time. </p>",
        "arrangementElements": [],
        "diversions": "",
        "additionalInfo": [],
        "weblinkName": null,
        "attendingGroups": null,
        "encodedPolylines": [],
        "duration": null,
        "start": 1791835200000,
        "displayName": "SCHEDULED ROADWORK Resurfacing",
        "roads": [
          {
            "conditionTendency": "",
            "crossStreet": "Merungi Road",
            "delay": "",
            "impactedLanes": [],
            "locationQualifier": "at",
            "mainStreet": "Mid Western Highway",
            "quadrant": "",
            "queueLength": 0,
            "region": "Riverina",
            "secondLocation": "",
            "suburb": "Rankins Springs",
            "trafficVolume": ""
          }
        ],
        "isLocalRoad": "State road",
        "CategoryIcon": "Roadworks"
      }
    },
    {
      "type": "Feature",
      "id": 290472,
      "geometry": {
        "type": "Point",
        "coordinates": [
          150.627913,
          -33.522349
        ],
        "collections": []
      },
      "properties": {
        "webLinks": [],
        "headline": "",
        "periods": [
          {
            "closureType": "ROAD_CLOSURE",
            "roadextent": "Affected",
            "roadtype": "",
            "direction": "Both directions",
            "finishTime": "2:30pm",
            "fromDay": "Tuesday",
            "startTime": "9:30am",
            "toDay": ""
          }
        ],
        "speedLimit": -1,
        "weblinkUrl": null,
        "expectedDelay": -1,
        "ended": false,
        "isNewIncident": true,
        "publicTransport": "",
        "impactingNetwork": false,
        "subCategoryB": null,
        "arrangementAttachments": [],
        "isInitialReport": false,
        "created": 1791520112000,
        "isMajor": false,
        "name": null,
        "subCategoryA": "Power pole/line repairs",
        "adviceA": "Check signage",
        "adviceB": "Allow extra travel time",
        "adviceC": "Follow directions on site",
        "end": 1792467000000,
        "hideEndDate": false,
        "incidentKind": "Planned",
        "mainCategory": "SCHEDULED ROADWORK",
        "lastUpdated": 1791520113078,
        "otherAdvice": "<p>Portable traffic lights will allow motorists to pass in one direction at a time. </p>",
        "arrangementElements": [],
        "diversions": "",
        "additionalInfo": [],
        "weblinkName": null,
        "attendingGroups": null,
        "encodedPolylines": [],
        "duration": null,
        "start": 1792449000000,
        "displayName": "SCHEDULED ROADWORK Power pole/line repairs",
        "roads": [
          {
            "conditionTendency": "",
            "crossStreet": "Pinedale Place",
            "delay": "",
            "impactedLanes": [],
            "locationQualifier": "between",
            "mainStreet": "Bells Line of Road",
            "quadrant": "",
            "queueLength": 0,
            "region": "Sydney",
            "secondLocation": "Pittmans Road",
            "suburb": "Kurrajong Heights",
            "trafficVolume": ""
          }
        ],
        "isLocalRoad": "State road",
        "CategoryIcon": "Roadworks"
      }
    },
    {
      "type": "Feature",
      "id": 290473,
      "geometry": {
        "type": "Point",
        "coordinates": [
          145.872734,
          -34.6008029
        ],
        "collections": []
      },
      "properties": {
        "webLinks": [],
        "headline": "",
        "periods": [
          {
            "closureType": "ROAD_CLOSURE",
            "roadextent": "Affected",
            "roadtype": "",
            "direction": "Both directions",
            "finishTime": "5:00pm",
            "fromDay": "Weekdays",
            "startTime": "7:00am",
            "toDay": ""
          },
          {
            "closureType": "ROAD_CLOSURE",
            "roadextent": "Affected",
            "roadtype": "",
            "direction": "Both directions",
            "finishTime": "5:00pm",
            "fromDay": "Saturday",
            "startTime": "7:00am",
            "toDay": ""
          }
        ],
        "speedLimit": 40,
        "weblinkUrl": null,
        "expectedDelay": -1,
        "ended": false,
        "isNewIncident": true,
        "publicTransport": "",
        "impactingNetwork": false,
        "subCategoryB": null,
        "arrangementAttachments": [],
        "isInitialReport": false,
        "created": 1791520147000,
        "isMajor": false,
        "name": null,
        "subCategoryA": "null",
        "adviceA": "Reduced speed limit",
        "adviceB": "Check signage",
        "adviceC": " ",
        "end": 1794204000000,
        "hideEndDate": false,
        "incidentKind": "Planned",
        "mainCategory": "SCHEDULED ROADWORK",
        "lastUpdated": 1791520148341,
        "otherAdvice": "<p>Portable traffic lights will allow motorists to pass in one direction at a time. </p><p>Alternating (stop/slow) traffic conditions will be in place to allow motorists to pass in one direction at a time. </p><p>Motorists are advised to allow approximately 5 minutes of additional travel time. </p>",
        "arrangementElements": [],
        "diversions": "",
        "additionalInfo": [],
        "weblinkName": null,
        "attendingGroups": null,
        "encodedPolylines": [],
        "duration": null,
        "start": 1791835200000,
        "displayName": "SCHEDULED ROADWORK",
        "roads": [
          {
            "conditionTendency": "",
            "crossStreet": "",
            "delay": "",
            "impactedLanes": [],
            "locationQualifier": "at",
            "mainStreet": "Sturt Highway",
            "quadrant": "",
            "queueLength": 0,
            "region": "Riverina",
            "secondLocation": "",
            "suburb": "Darlington Point",
            "trafficVolume": ""
          }
        ],
        "isLocalRoad": "State road",
        "CategoryIcon": "Roadworks"
      }
    },
    {
      "type": "Feature",
      "id": 290474,
      "geometry": {
        "type": "Point",
        "coordinates": [
          147.7098623,
          -35.8762058
        ],
        "collections": []
      },
      "properties": {
        "webLinks": [],
        "headline": "",
        "periods": [
          {
            "closureType": "ROAD_CLOSURE",
            "roadextent": "Affected",
            "roadtype": "",
            "direction": "Both directions",
            "finishTime": "",
            "fromDay": "Every Day",
            "startTime": "all day",
            "toDay": ""
          }
        ],
        "speedLimit": 40,
        "weblinkUrl": null,
        "expectedDelay": -1,
        "ended": false,
        "isNewIncident": true,
        "publicTransport": "",
        "impactingNetwork": false,
        "subCategoryB": null,
        "arrangementAttachments": [],
        "isInitialReport": false,
        "created": 1791520316000,
        "isMajor": false,
        "name": null,
        "subCategoryA": "null",
        "adviceA": "Reduced speed limit",
        "adviceB": "Check signage",
        "adviceC": " ",
        "end": 1792154700000,
        "hideEndDate": false,
        "incidentKind": "Planned",
        "mainCategory": "SCHEDULED ROADWORK",
        "lastUpdated": 1791520316535,
        "otherAdvice": "<p>Portable traffic lights will allow motorists to pass in one direction at a time. </p><p>Motorists are advised to allow approximately 5 minutes of additional travel time. </p>",
        "arrangementElements": [],
        "diversions": "",
        "additionalInfo": [],
        "weblinkName": null,
        "attendingGroups": null,
        "encodedPolylines": [],
        "duration": null,
        "start": 1791723600000,
        "displayName": "SCHEDULED ROADWORK",
        "roads": [
          {
            "conditionTendency": "",
            "crossStreet": "Lower Bago Road",
            "delay": "",
            "impactedLanes": [],
            "locationQualifier": "at",
            "mainStreet": "Jingellic Road",
            "quadrant": "",
            "queueLength": 0,
            "region": "Snowy Mountains",
            "secondLocation": "",
            "suburb": "Jingellic",
            "trafficVolume": ""
          }
        ],
        "isLocalRoad": "State road",
        "CategoryIcon": "Roadworks"
      }
    },
    {
      "type": "Feature",
      "id": 288341,
      "geometry": {
        "type": "Point",
        "coordinates": [
          150.9492419,
          -33.8986269
        ],
        "collections": []
      },
      "properties": {
        "webLinks": [],
        "headline": "",
        "periods": [
          {
            "closureType": "ROAD_CLOSURE",
            "roadextent": "Affected",
            "roadtype": "",
            "direction": "Both directions",
            "finishTime": "5:00am",
            "fromDay": "Sunday",
            "startTime": "10:30pm",
            "toDay": ""
          },
          {
            "closureType": "ROAD_CLOSURE",
            "roadextent": "Affected",
            "roadtype": "",
            "direction": "Both directions",
            "finishTime": "5:00am",
            "fromDay": "Monday",
            "startTime": "10:30pm",
            "toDay": ""
          },
          {
            "closureType": "ROAD_CLOSURE",
            "roadextent": "Affected",
            "roadtype": "",
            "direction": "Both directions",
            "finishTime": "5:00am",
            "fromDay": "Tuesday",
            "startTime": "10:30pm",
            "toDay": ""
          },
          {
            "closureType": "ROAD_CLOSURE",
            "roadextent": "Affected",
            "roadtype": "",
            "direction": "Both directions",
            "finishTime": "5:00am",
            "fromDay": "Wednesday",
            "startTime": "10:30pm",
            "toDay": ""
          },
          {
            "closureType": "ROAD_CLOSURE",
            "roadextent": "Affected",
            "roadtype": "",
            "direction": "Both directions",
            "finishTime": "5:00am",
            "fromDay": "Thursday",
            "startTime": "11:30pm",
            "toDay": ""
          }
        ],
        "speedLimit": 40,
        "weblinkUrl": null,
        "expectedDelay": -1,
        "ended": false,
        "isNewIncident": false,
        "publicTransport": "",
        "impactingNetwork": false,
        "subCategoryB": null,
        "arrangementAttachments": [],
        "isInitialReport": false,
        "created": 1789614522000,
        "isMajor": false,
        "name": null,
        "subCategoryA": "Resurfacing",
        "adviceA": "Reduced speed limit",
        "adviceB": "Follow directions on site",
        "adviceC": "Allow extra travel time",
        "end": 1794507300000,
        "hideEndDate": false,
        "incidentKind": "Planned",
        "mainCategory": "SCHEDULED ROADWORK",
        "lastUpdated": 1791520341466,
        "otherAdvice": "<p>Traffic lights at the intersection of Hume Hwy and Cabramatta Rd East will be blacked out or flashing, and portable traffic lights will allow motorists to pass in one direction at a time.</p><p>No work will take place on the nights on Sun 4, Mon 5, Sun 11 and Mon 12 Oct.</p>",
        "arrangementElements": [],
        "diversions": "",
        "additionalInfo": [],
        "weblinkName": null,
        "attendingGroups": null,
        "encodedPolylines": [],
        "duration": null,
        "start": 1790166600000,
        "displayName": "SCHEDULED ROADWORK Resurfacing",
        "roads": [
          {
            "conditionTendency": "",
            "crossStreet": "Longfield Street",
            "delay": "",
            "impactedLanes": [],
            "locationQualifier": "between",
            "mainStreet": "Hume Highway",
            "quadrant": "",
            "queueLength": 0,
            "region": "Sydney",
            "secondLocation": "Junction Street",
            "suburb": "Cabramatta",
            "trafficVolume": ""
          }
        ],
        "isLocalRoad": "State road",
        "CategoryIcon": "Roadworks"
      }
    },
    {
      "type": "Feature",
      "id": 290480,
      "geometry": {
        "type": "Point",
        "coordinates": [
          151.0714367,
          -33.8068404
        ],
        "collections": []
      },
      "properties": {
        "webLinks": [],
        "headline": "",
        "periods": [
          {
            "closureType": "ROAD_CLOSURE",
            "roadextent": "Affected",
            "roadtype": "",
            "direction": "Both directions",
            "finishTime": "5:00am",
            "fromDay": "Sunday",
            "startTime": "9:30pm",
            "toDay": ""
          },
          {
            "closureType": "ROAD_CLOSURE",
            "roadextent": "Affected",
            "roadtype": "",
            "direction": "Both directions",
            "finishTime": "5:00am",
            "fromDay": "Monday",
            "startTime": "9:30pm",
            "toDay": ""
          },
          {
            "closureType": "ROAD_CLOSURE",
            "roadextent": "Affected",
            "roadtype": "",
            "direction": "Both directions",
            "finishTime": "5:00am",
            "fromDay": "Tuesday",
            "startTime": "9:30pm",
            "toDay": ""
          },
          {
            "closureType": "ROAD_CLOSURE",
            "roadextent": "Affected",
            "roadtype": "",
            "direction": "Both directions",
            "finishTime": "5:00am",
            "fromDay": "Wednesday",
            "startTime": "9:30pm",
            "toDay": ""
          },
          {
            "closureType": "ROAD_CLOSURE",
            "roadextent": "Affected",
            "roadtype": "",
            "direction": "Both directions",
            "finishTime": "5:00am",
            "fromDay": "Thursday",
            "startTime": "10:00pm",
            "toDay": ""
          }
        ],
        "speedLimit": 40,
        "weblinkUrl": null,
        "expectedDelay": -1,
        "ended": false,
        "isNewIncident": true,
        "publicTransport": "",
        "impactingNetwork": false,
        "subCategoryB": null,
        "arrangementAttachments": [],
        "isInitialReport": false,
        "created": 1791522480000,
        "isMajor": false,
        "name": null,
        "subCategoryA": "null",
        "adviceA": "Follow directions on site",
        "adviceB": "Allow extra travel time",
        "adviceC": "Reduced speed limit",
        "end": 1793902500000,
        "hideEndDate": false,
        "incidentKind": "Planned",
        "mainCategory": "SCHEDULED ROADWORK",
        "lastUpdated": 1791522481172,
        "otherAdvice": "<p>Alternating (stop/slow) traffic conditions will be in place to allow motorists to pass in one direction at a time.</p><p>Traffic lights in the area may be blacked out or flashing yellow.</p>",
        "arrangementElements": [],
        "diversions": "",
        "additionalInfo": [],
        "weblinkName": null,
        "attendingGroups": null,
        "encodedPolylines": [],
        "duration": null,
        "start": 1791714600000,
        "displayName": "SCHEDULED ROADWORK",
        "roads": [
          {
            "conditionTendency": "",
            "crossStreet": "Kissing Point Road",
            "delay": "",
            "impactedLanes": [],
            "locationQualifier": "between",
            "mainStreet": "Victoria Road",
            "quadrant": "",
            "queueLength": 0,
            "region": "Sydney",
            "secondLocation": "Glenayr Avenue",
            "suburb": "Melrose Park",
            "trafficVolume": ""
          }
        ],
        "isLocalRoad": "State road",
        "CategoryIcon": "Roadworks"
      }
    },
    {
      "type": "Feature",
      "id": 289820,
      "geometry": {
        "type": "Point",
        "coordinates": [
          151.0372217,
          -33.940907
        ],
        "collections": []
      },
      "properties": {
        "webLinks": [],
        "headline": "",
        "periods": [
          {
            "closureType": "ROAD_CLOSURE",
            "roadextent": "Closed",
            "roadtype": "Off-ramp",
            "direction": "Westbound",
            "finishTime": "5:00am",
            "fromDay": "Thursday",
            "startTime": "10:00pm",
            "toDay": ""
          },
          {
            "closureType": "ROAD_CLOSURE",
            "roadextent": "Closed",
            "roadtype": "Off-ramp",
            "direction": "Westbound",
            "finishTime": "5:00am",
            "fromDay": "Sunday",
            "startTime": "10:00pm",
            "toDay": ""
          },
          {
            "closureType": "ROAD_CLOSURE",
            "roadextent": "Closed",
            "roadtype": "Off-ramp",
            "direction": "Westbound",
            "finishTime": "5:00am",
            "fromDay": "Monday",
            "startTime": "10:00pm",
            "toDay": ""
          },
          {
            "closureType": "ROAD_CLOSURE",
            "roadextent": "Closed",
            "roadtype": "Off-ramp",
            "direction": "Westbound",
            "finishTime": "5:00am",
            "fromDay": "Tuesday",
            "startTime": "10:00pm",
            "toDay": ""
          }
        ],
        "speedLimit": -1,
        "weblinkUrl": null,
        "expectedDelay": -1,
        "ended": false,
        "isNewIncident": false,
        "publicTransport": "",
        "impactingNetwork": false,
        "subCategoryB": null,
        "arrangementAttachments": [],
        "isInitialReport": false,
        "created": 1790927667000,
        "isMajor": false,
        "name": null,
        "subCategoryA": "Maintenance",
        "adviceA": "Use an alternative route",
        "adviceB": "Plan your journey",
        "adviceC": "Allow extra travel time",
        "end": 1792520100000,
        "hideEndDate": false,
        "incidentKind": "Planned",
        "mainCategory": "SCHEDULED ROADWORK",
        "lastUpdated": 1791522760177,
        "otherAdvice": "<p>Only this ramp is closing; the motorway will remain open with <strong>lane closures in the westbound direction </strong>and a reduced speed limit in place.</p>",
        "arrangementElements": [],
        "diversions": "<p>M5 Mwy, The River Rd, Canterbury Rd, Fairford Rd or Belmore Rd N, Canterbury Rd, Fairford Rd. </p>",
        "additionalInfo": [],
        "weblinkName": null,
        "attendingGroups": null,
        "encodedPolylines": [],
        "duration": null,
        "start": 1792062000000,
        "displayName": "SCHEDULED ROADWORK Maintenance",
        "roads": [
          {
            "conditionTendency": "",
            "crossStreet": "Fairford Road",
            "delay": "",
            "impactedLanes": [],
            "locationQualifier": "to",
            "mainStreet": "M5 Motorway westbound off-ramp",
            "quadrant": "",
            "queueLength": 0,
            "region": "Sydney",
            "secondLocation": "",
            "suburb": "Padstow",
            "trafficVolume": ""
          }
        ],
        "isLocalRoad": "State road",
        "CategoryIcon": "Roadworks"
      }
    },
    {
      "type": "Feature",
      "id": 290481,
      "geometry": {
        "type": "Point",
        "coordinates": [
          151.018724,
          -33.9413629
        ],
        "collections": []
      },
      "properties": {
        "webLinks": [],
        "headline": "",
        "periods": [
          {
            "closureType": "ROAD_CLOSURE",
            "roadextent": "Closed",
            "roadtype": "Off-ramp",
            "direction": "Westbound",
            "finishTime": "5:00am",
            "fromDay": "Wednesday",
            "startTime": "10:00pm",
            "toDay": ""
          },
          {
            "closureType": "ROAD_CLOSURE",
            "roadextent": "Closed",
            "roadtype": "Off-ramp",
            "direction": "Westbound",
            "finishTime": "5:00am",
            "fromDay": "Thursday",
            "startTime": "10:00pm",
            "toDay": ""
          }
        ],
        "speedLimit": -1,
        "weblinkUrl": null,
        "expectedDelay": -1,
        "ended": false,
        "isNewIncident": true,
        "publicTransport": "",
        "impactingNetwork": false,
        "subCategoryB": null,
        "arrangementAttachments": [],
        "isInitialReport": false,
        "created": 1791522945000,
        "isMajor": false,
        "name": null,
        "subCategoryA": "Maintenance",
        "adviceA": "Use an alternative route",
        "adviceB": "Plan your journey",
        "adviceC": "Allow extra travel time",
        "end": 1792692900000,
        "hideEndDate": false,
        "incidentKind": "Planned",
        "mainCategory": "SCHEDULED ROADWORK",
        "lastUpdated": 1791522946060,
        "otherAdvice": "<p>Only this ramp is closing; the motorway will remain open with a reduced speed limit in place.</p>",
        "arrangementElements": [],
        "diversions": "<p>Fairford Rd, Canterbury Rd, The River Rd or M5 Mtwy, Henry Lawson Dr, Milperra Rd, The River Rd.</p>",
        "additionalInfo": [],
        "weblinkName": null,
        "attendingGroups": null,
        "encodedPolylines": [],
        "duration": null,
        "start": 1792580400000,
        "displayName": "SCHEDULED ROADWORK Maintenance",
        "roads": [
          {
            "conditionTendency": "",
            "crossStreet": "The River Road",
            "delay": "",
            "impactedLanes": [],
            "locationQualifier": "to",
            "mainStreet": "M5 Motorway westbound off-ramp",
            "quadrant": "",
            "queueLength": 0,
            "region": "Sydney",
            "secondLocation": "",
            "suburb": "Revesby",
            "trafficVolume": ""
          }
        ],
        "isLocalRoad": "State road",
        "CategoryIcon": "Roadworks"
      }
    },
    {
      "type": "Feature",
      "id": 270405,
      "geometry": {
        "type": "Point",
        "coordinates": [
          151.152982,
          -33.756644
        ],
        "collections": []
      },
      "properties": {
        "webLinks": [],
        "headline": "",
        "periods": [
          {
            "closureType": "ROAD_CLOSURE",
            "roadextent": "Affected",
            "roadtype": "",
            "direction": "Both directions",
            "finishTime": "5:00am",
            "fromDay": "Monday",
            "startTime": "10:00pm",
            "toDay": ""
          },
          {
            "closureType": "ROAD_CLOSURE",
            "roadextent": "Affected",
            "roadtype": "",
            "direction": "Both directions",
            "finishTime": "5:00am",
            "fromDay": "Tuesday",
            "startTime": "10:00pm",
            "toDay": ""
          },
          {
            "closureType": "ROAD_CLOSURE",
            "roadextent": "Affected",
            "roadtype": "",
            "direction": "Both directions",
            "finishTime": "5:00am",
            "fromDay": "Wednesday",
            "startTime": "10:00pm",
            "toDay": ""
          },
          {
            "closureType": "ROAD_CLOSURE",
            "roadextent": "Affected",
            "roadtype": "",
            "direction": "Both directions",
            "finishTime": "5:00am",
            "fromDay": "Thursday",
            "startTime": "10:00pm",
            "toDay": ""
          },
          {
            "closureType": "ROAD_CLOSURE",
            "roadextent": "Affected",
            "roadtype": "",
            "direction": "Both directions",
            "finishTime": "5:00am",
            "fromDay": "Sunday",
            "startTime": "10:00pm",
            "toDay": ""
          }
        ],
        "speedLimit": 40,
        "weblinkUrl": null,
        "expectedDelay": -1,
        "ended": false,
        "isNewIncident": false,
        "publicTransport": "",
        "impactingNetwork": true,
        "subCategoryB": null,
        "arrangementAttachments": [],
        "isInitialReport": false,
        "created": 1775658940000,
        "isMajor": false,
        "name": null,
        "subCategoryA": "Maintenance",
        "adviceA": "Reduced speed limit",
        "adviceB": "Check signage",
        "adviceC": "Allow extra travel time",
        "end": 1793297700000,
        "hideEndDate": false,
        "incidentKind": "Planned",
        "mainCategory": "SCHEDULED ROADWORK",
        "lastUpdated": 1791523460448,
        "otherAdvice": "<p>Alternating (stop/slow) traffic conditions will be in place to allow motorists to pass in one direction at a time.</p><p><br></p>",
        "arrangementElements": [],
        "diversions": "",
        "additionalInfo": [],
        "weblinkName": null,
        "attendingGroups": null,
        "encodedPolylines": [],
        "duration": null,
        "start": 1788346800000,
        "displayName": "SCHEDULED ROADWORK Maintenance",
        "roads": [
          {
            "conditionTendency": "",
            "crossStreet": "Cecil Street",
            "delay": "",
            "impactedLanes": [],
            "locationQualifier": "between",
            "mainStreet": "Pacific Highway",
            "quadrant": "",
            "queueLength": 0,
            "region": "Sydney",
            "secondLocation": "McIntyre Street",
            "suburb": "Gordon",
            "trafficVolume": ""
          }
        ],
        "isLocalRoad": "State road",
        "CategoryIcon": "Roadworks"
      }
    },
    {
      "type": "Feature",
      "id": 290482,
      "geometry": {
        "type": "Point",
        "coordinates": [
          151.075639,
          -33.9436268
        ],
        "collections": []
      },
      "properties": {
        "webLinks": [],
        "headline": "",
        "periods": [
          {
            "closureType": "ROAD_CLOSURE",
            "roadextent": "Closed",
            "roadtype": "Off-ramp",
            "direction": "Westbound",
            "finishTime": "5:00am",
            "fromDay": "Sunday",
            "startTime": "10:00pm",
            "toDay": ""
          },
          {
            "closureType": "ROAD_CLOSURE",
            "roadextent": "Closed",
            "roadtype": "Off-ramp",
            "direction": "Westbound",
            "finishTime": "5:00am",
            "fromDay": "Monday",
            "startTime": "10:00pm",
            "toDay": ""
          },
          {
            "closureType": "ROAD_CLOSURE",
            "roadextent": "Closed",
            "roadtype": "Off-ramp",
            "direction": "Westbound",
            "finishTime": "5:00am",
            "fromDay": "Tuesday",
            "startTime": "10:00pm",
            "toDay": ""
          },
          {
            "closureType": "ROAD_CLOSURE",
            "roadextent": "Closed",
            "roadtype": "Off-ramp",
            "direction": "Westbound",
            "finishTime": "5:00am",
            "fromDay": "Wednesday",
            "startTime": "10:00pm",
            "toDay": ""
          },
          {
            "closureType": "ROAD_CLOSURE",
            "roadextent": "Closed",
            "roadtype": "Off-ramp",
            "direction": "Westbound",
            "finishTime": "5:00am",
            "fromDay": "Thursday",
            "startTime": "10:00pm",
            "toDay": ""
          }
        ],
        "speedLimit": -1,
        "weblinkUrl": null,
        "expectedDelay": -1,
        "ended": false,
        "isNewIncident": true,
        "publicTransport": "",
        "impactingNetwork": false,
        "subCategoryB": null,
        "arrangementAttachments": [],
        "isInitialReport": false,
        "created": 1791524298000,
        "isMajor": false,
        "name": null,
        "subCategoryA": "Maintenance",
        "adviceA": "Use an alternative route",
        "adviceB": "Plan your journey",
        "adviceC": "Allow extra travel time",
        "end": 1792692900000,
        "hideEndDate": false,
        "incidentKind": "Planned",
        "mainCategory": "SCHEDULED ROADWORK",
        "lastUpdated": 1791524299393,
        "otherAdvice": "<p>Only this ramp is closing; the motorway will remain open.</p>",
        "arrangementElements": [],
        "diversions": "<p><strong>Northbound: </strong>King Georges Rd, Canterbury Rd, Belmore Rd N to rejoin on M5 Mwy.</p><p><strong>Southbound:</strong> King Georges Rd, Broadarrow Rd, Hannans Rd, Belmore Rd N to rejoin on M5 Mwy</p>",
        "additionalInfo": [],
        "weblinkName": null,
        "attendingGroups": null,
        "encodedPolylines": [],
        "duration": null,
        "start": 1792321200000,
        "displayName": "SCHEDULED ROADWORK Maintenance",
        "roads": [
          {
            "conditionTendency": "",
            "crossStreet": "King Georges Road",
            "delay": "",
            "impactedLanes": [],
            "locationQualifier": "from",
            "mainStreet": "M5 Motorway westbound on-ramp",
            "quadrant": "",
            "queueLength": 0,
            "region": "Sydney",
            "secondLocation": "",
            "suburb": "Beverly Hills",
            "trafficVolume": ""
          }
        ],
        "isLocalRoad": "State road",
        "CategoryIcon": "Roadworks"
      }
    },
    {
      "type": "Feature",
      "id": 290484,
      "geometry": {
        "type": "Point",
        "coordinates": [
          151.1281396,
          -33.7334281
        ],
        "collections": []
      },
      "properties": {
        "webLinks": [],
        "headline": "",
        "periods": [
          {
            "closureType": "ROAD_CLOSURE",
            "roadextent": "Affected",
            "roadtype": "",
            "direction": "Both directions",
            "finishTime": "5:00am",
            "fromDay": "Sunday",
            "startTime": "11:00pm",
            "toDay": ""
          }
        ],
        "speedLimit": 40,
        "weblinkUrl": null,
        "expectedDelay": -1,
        "ended": false,
        "isNewIncident": true,
        "publicTransport": "",
        "impactingNetwork": false,
        "subCategoryB": null,
        "arrangementAttachments": [],
        "isInitialReport": false,
        "created": 1791524638000,
        "isMajor": false,
        "name": null,
        "subCategoryA": "Power pole/line repairs",
        "adviceA": "Allow extra travel time",
        "adviceB": "Follow directions on site",
        "adviceC": "Reduced speed limit",
        "end": 1791741600000,
        "hideEndDate": false,
        "incidentKind": "Planned",
        "mainCategory": "SCHEDULED ROADWORK",
        "lastUpdated": 1791524639171,
        "otherAdvice": "<p>Alternating (stop/slow) traffic conditions will be in place to allow motorists to pass in one direction at a time.</p><p>Traffic lights in the area may be blacked out or flashing yellow.</p>",
        "arrangementElements": [],
        "diversions": "",
        "additionalInfo": [],
        "weblinkName": null,
        "attendingGroups": null,
        "encodedPolylines": [],
        "duration": null,
        "start": 1791720000000,
        "displayName": "SCHEDULED ROADWORK Power pole/line repairs",
        "roads": [
          {
            "conditionTendency": "",
            "crossStreet": "Winton Street",
            "delay": "",
            "impactedLanes": [],
            "locationQualifier": "between",
            "mainStreet": "Pacific Highway",
            "quadrant": "",
            "queueLength": 0,
            "region": "Sydney",
            "secondLocation": "Womerah Street",
            "suburb": "Turramurra",
            "trafficVolume": ""
          }
        ],
        "isLocalRoad": "State road",
        "CategoryIcon": "Roadworks"
      }
    },
    {
      "type": "Feature",
      "id": 285812,
      "geometry": {
        "type": "Point",
        "coordinates": [
          150.8471368,
          -33.9291406
        ],
        "collections": []
      },
      "properties": {
        "webLinks": [],
        "headline": "",
        "periods": [
          {
            "closureType": "ROAD_CLOSURE",
            "roadextent": "Affected",
            "roadtype": "",
            "direction": "Both directions",
            "finishTime": "5:00am",
            "fromDay": "Sunday",
            "startTime": "10:00pm",
            "toDay": ""
          },
          {
            "closureType": "ROAD_CLOSURE",
            "roadextent": "Affected",
            "roadtype": "",
            "direction": "Both directions",
            "finishTime": "5:00am",
            "fromDay": "Monday",
            "startTime": "10:00pm",
            "toDay": ""
          },
          {
            "closureType": "ROAD_CLOSURE",
            "roadextent": "Affected",
            "roadtype": "",
            "direction": "Both directions",
            "finishTime": "5:00am",
            "fromDay": "Tuesday",
            "startTime": "10:00pm",
            "toDay": ""
          },
          {
            "closureType": "ROAD_CLOSURE",
            "roadextent": "Affected",
            "roadtype": "",
            "direction": "Both directions",
            "finishTime": "5:00am",
            "fromDay": "Wednesday",
            "startTime": "10:00pm",
            "toDay": ""
          },
          {
            "closureType": "ROAD_CLOSURE",
            "roadextent": "Affected",
            "roadtype": "",
            "direction": "Both directions",
            "finishTime": "5:00am",
            "fromDay": "Thursday",
            "startTime": "10:30pm",
            "toDay": ""
          }
        ],
        "speedLimit": 40,
        "weblinkUrl": null,
        "expectedDelay": -1,
        "ended": false,
        "isNewIncident": false,
        "publicTransport": "",
        "impactingNetwork": false,
        "subCategoryB": null,
        "arrangementAttachments": [],
        "isInitialReport": false,
        "created": 1787547229000,
        "isMajor": false,
        "name": null,
        "subCategoryA": "null",
        "adviceA": "Reduced speed limit",
        "adviceB": "Follow directions on site",
        "adviceC": "Allow extra travel time",
        "end": 1792347300000,
        "hideEndDate": false,
        "incidentKind": "Planned",
        "mainCategory": "SCHEDULED ROADWORK",
        "lastUpdated": 1791413250961,
        "otherAdvice": "<p>Traffic lights at the intersection of Cowpasture Rd and Mannow Rd will be blacked out or flashing, and alternating (stop/slow) traffic conditions will be in place to allow motorists to pass in one direction at a time.</p>",
        "arrangementElements": [],
        "diversions": "",
        "additionalInfo": [],
        "weblinkName": null,
        "attendingGroups": null,
        "encodedPolylines": [],
        "duration": null,
        "start": 1791111600000,
        "displayName": "SCHEDULED ROADWORK",
        "roads": [
          {
            "conditionTendency": "",
            "crossStreet": "Collarenebri Road",
            "delay": "",
            "impactedLanes": [],
            "locationQualifier": "between",
            "mainStreet": "Cowpasture Road",
            "quadrant": "",
            "queueLength": 0,
            "region": "Sydney",
            "secondLocation": "Main Street",
            "suburb": "Hinchinbrook to Carnes Hill",
            "trafficVolume": ""
          }
        ],
        "isLocalRoad": "State road",
        "CategoryIcon": "Roadworks"
      }
    },
    {
      "type": "Feature",
      "id": 290486,
      "geometry": {
        "type": "Point",
        "coordinates": [
          151.0995552,
          -33.8873837
        ],
        "collections": []
      },
      "properties": {
        "webLinks": [],
        "headline": "",
        "periods": [
          {
            "closureType": "ROAD_CLOSURE",
            "roadextent": "Affected",
            "roadtype": "",
            "direction": "Both directions",
            "finishTime": "5:00am",
            "fromDay": "Thursday",
            "startTime": "10:30pm",
            "toDay": ""
          },
          {
            "closureType": "ROAD_CLOSURE",
            "roadextent": "Affected",
            "roadtype": "",
            "direction": "Both directions",
            "finishTime": "5:00am",
            "fromDay": "Sunday",
            "startTime": "10:30pm",
            "toDay": ""
          }
        ],
        "speedLimit": 40,
        "weblinkUrl": null,
        "expectedDelay": -1,
        "ended": false,
        "isNewIncident": true,
        "publicTransport": "",
        "impactingNetwork": false,
        "subCategoryB": null,
        "arrangementAttachments": [],
        "isInitialReport": false,
        "created": 1791525316000,
        "isMajor": false,
        "name": null,
        "subCategoryA": "Power pole/line repairs",
        "adviceA": "Follow directions on site",
        "adviceB": "Allow extra travel time",
        "adviceC": "Reduced speed limit",
        "end": 1792347300000,
        "hideEndDate": false,
        "incidentKind": "Planned",
        "mainCategory": "SCHEDULED ROADWORK",
        "lastUpdated": 1791525317004,
        "otherAdvice": "<p>Alternating (stop/slow) traffic conditions will be in place to allow motorists to pass in one direction at a time.</p><p>Traffic lights at the intersection of Liverpool Rd and Burwood Rd may be blacked out or flashing yellow.</p>",
        "arrangementElements": [],
        "diversions": "",
        "additionalInfo": [],
        "weblinkName": null,
        "attendingGroups": null,
        "encodedPolylines": [],
        "duration": null,
        "start": 1792063800000,
        "displayName": "SCHEDULED ROADWORK Power pole/line repairs",
        "roads": [
          {
            "conditionTendency": "",
            "crossStreet": "Wentworth Road",
            "delay": "",
            "impactedLanes": [],
            "locationQualifier": "between",
            "mainStreet": "Hume Highway (Liverpool Road/Rememberance Driveway)",
            "quadrant": "",
            "queueLength": 0,
            "region": "Sydney",
            "secondLocation": "Appian Way",
            "suburb": "Strathfield",
            "trafficVolume": ""
          }
        ],
        "isLocalRoad": "State road",
        "CategoryIcon": "Roadworks"
      }
    },
    {
      "type": "Feature",
      "id": 285329,
      "geometry": {
        "type": "Point",
        "coordinates": [
          151.192423,
          -33.8128124
        ],
        "collections": []
      },
      "properties": {
        "webLinks": [],
        "headline": "",
        "periods": [],
        "speedLimit": -1,
        "weblinkUrl": null,
        "expectedDelay": -1,
        "ended": false,
        "isNewIncident": false,
        "publicTransport": "",
        "impactingNetwork": true,
        "subCategoryB": null,
        "arrangementAttachments": [],
        "isInitialReport": false,
        "created": 1787208401000,
        "isMajor": false,
        "name": null,
        "subCategoryA": "Warringah Freeway Upgrade",
        "adviceA": "Use an alternative route",
        "adviceB": "Plan your journey",
        "adviceC": "Allow extra travel time",
        "end": 1830190500000,
        "hideEndDate": true,
        "incidentKind": "Planned",
        "mainCategory": "SCHEDULED ROADWORK",
        "lastUpdated": 1791534864169,
        "otherAdvice": "<p>The southbound on-ramps from Longueville Rd, Pacific Hwy, Lane Cove Tunnel, Reserve Rd, Willoughby Rd, Brook St, Miller St, Ernest St and Falcon St (Military Rd) to the Warringah Fwy southbound will also be closed.</p><p>The <a href=\"https://www.livetraffic.com/incident-details/244943\" rel=\"noopener noreferrer\" target=\"_blank\">Sydney Harbour Tunnel</a> will also be closed southbound during this time.</p><p><br></p>",
        "arrangementElements": [
          {
            "html": "<p>Fri 9 Oct 10:30pm to 6am</p><p>Tue 13 Oct 10pm to 5am</p><p>Wed 14 Oct 10pm to 5am</p><p>Fri 16 Oct 10:30pm to 6am</p><p>Wed 21 Oct 10pm to 5am</p><p>Fri 30 Oct 10:30pm to 6am</p>",
            "title": "Southbound full closures",
            "id": "923312"
          }
        ],
        "diversions": "<p>All southbound motorists must use the Pacific Hwy, Berry St, Arthur St and Mount St on-ramp to access the Sydney Harbour Bridge</p><p>Motorists heading to Mosman/Manly must also use the Pacific Hwy southbound and turn left at Falcon St.</p>",
        "additionalInfo": [],
        "weblinkName": null,
        "attendingGroups": null,
        "encodedPolylines": [],
        "duration": null,
        "start": 1767265200000,
        "displayName": "SCHEDULED ROADWORK Warringah Freeway Upgrade",
        "roads": [
          {
            "conditionTendency": "",
            "crossStreet": "Pacific Highway",
            "delay": "",
            "impactedLanes": [],
            "locationQualifier": "between",
            "mainStreet": "Gore Hill Freeway & Warringah Freeway",
            "quadrant": "",
            "queueLength": 0,
            "region": "Sydney",
            "secondLocation": "Mount Street",
            "suburb": "Artarmon to North Sydney",
            "trafficVolume": ""
          }
        ],
        "isLocalRoad": "State road",
        "CategoryIcon": "Roadworks"
      }
    },
    {
      "type": "Feature",
      "id": 290507,
      "geometry": {
        "type": "Point",
        "coordinates": [
          151.2014353,
          -33.817422
        ],
        "collections": []
      },
      "properties": {
        "webLinks": [],
        "headline": "",
        "periods": [
          {
            "closureType": "ROAD_CLOSURE",
            "roadextent": "Affected",
            "roadtype": "",
            "direction": "Northbound",
            "finishTime": "5:00am",
            "fromDay": "Monday",
            "startTime": "9:00pm",
            "toDay": ""
          },
          {
            "closureType": "ROAD_CLOSURE",
            "roadextent": "Affected",
            "roadtype": "",
            "direction": "Northbound",
            "finishTime": "5:00am",
            "fromDay": "Tuesday",
            "startTime": "9:00pm",
            "toDay": ""
          },
          {
            "closureType": "ROAD_CLOSURE",
            "roadextent": "Affected",
            "roadtype": "",
            "direction": "Northbound",
            "finishTime": "5:00am",
            "fromDay": "Wednesday",
            "startTime": "9:00pm",
            "toDay": ""
          },
          {
            "closureType": "ROAD_CLOSURE",
            "roadextent": "Affected",
            "roadtype": "",
            "direction": "Northbound",
            "finishTime": "5:00am",
            "fromDay": "Thursday",
            "startTime": "9:00pm",
            "toDay": ""
          },
          {
            "closureType": "ROAD_CLOSURE",
            "roadextent": "Affected",
            "roadtype": "",
            "direction": "Northbound",
            "finishTime": "5:00am",
            "fromDay": "Sunday",
            "startTime": "9:00pm",
            "toDay": ""
          }
        ],
        "speedLimit": -1,
        "weblinkUrl": null,
        "expectedDelay": -1,
        "ended": false,
        "isNewIncident": true,
        "publicTransport": "",
        "impactingNetwork": true,
        "subCategoryB": null,
        "arrangementAttachments": [],
        "isInitialReport": false,
        "created": 1791544749000,
        "isMajor": false,
        "name": null,
        "subCategoryA": "Resurfacing",
        "adviceA": "Check signage",
        "adviceB": "Allow extra travel time",
        "adviceC": " ",
        "end": 1793556900000,
        "hideEndDate": false,
        "incidentKind": "Planned",
        "mainCategory": "SCHEDULED ROADWORK",
        "lastUpdated": 1791544749549,
        "otherAdvice": "<p>Alternating (stop/slow) traffic conditions will be in place to allow motorists to pass in one direction at a time.</p><p>Traffic lights in the area may be blacked out or flashing yellow.</p>",
        "arrangementElements": [],
        "diversions": "",
        "additionalInfo": [],
        "weblinkName": null,
        "attendingGroups": null,
        "encodedPolylines": [],
        "duration": null,
        "start": 1791883800000,
        "displayName": "SCHEDULED ROADWORK Resurfacing",
        "roads": [
          {
            "conditionTendency": "",
            "crossStreet": "Willoughby Road",
            "delay": "",
            "impactedLanes": [],
            "locationQualifier": "to",
            "mainStreet": "Warringah Freeway Off Ramp",
            "quadrant": "",
            "queueLength": 0,
            "region": "Sydney",
            "secondLocation": "",
            "suburb": "Naremburn",
            "trafficVolume": ""
          }
        ],
        "isLocalRoad": "State road",
        "CategoryIcon": "Roadworks"
      }
    },
    {
      "type": "Feature",
      "id": 290338,
      "geometry": {
        "type": "Point",
        "coordinates": [
          151.2586574,
          -33.8931762
        ],
        "collections": []
      },
      "properties": {
        "webLinks": [],
        "headline": "",
        "periods": [
          {
            "closureType": "ROAD_CLOSURE",
            "roadextent": "Affected",
            "roadtype": "",
            "direction": "Both directions",
            "finishTime": "5:00am",
            "fromDay": "Sunday",
            "startTime": "9:30pm",
            "toDay": ""
          },
          {
            "closureType": "ROAD_CLOSURE",
            "roadextent": "Affected",
            "roadtype": "",
            "direction": "Both directions",
            "finishTime": "5:00am",
            "fromDay": "Monday",
            "startTime": "9:30pm",
            "toDay": ""
          },
          {
            "closureType": "ROAD_CLOSURE",
            "roadextent": "Affected",
            "roadtype": "",
            "direction": "Both directions",
            "finishTime": "5:00am",
            "fromDay": "Tuesday",
            "startTime": "9:30pm",
            "toDay": ""
          },
          {
            "closureType": "ROAD_CLOSURE",
            "roadextent": "Affected",
            "roadtype": "",
            "direction": "Both directions",
            "finishTime": "5:00am",
            "fromDay": "Wednesday",
            "startTime": "9:30pm",
            "toDay": ""
          },
          {
            "closureType": "ROAD_CLOSURE",
            "roadextent": "Affected",
            "roadtype": "",
            "direction": "Both directions",
            "finishTime": "5:00am",
            "fromDay": "Thursday",
            "startTime": "9:30pm",
            "toDay": ""
          }
        ],
        "speedLimit": 40,
        "weblinkUrl": null,
        "expectedDelay": -1,
        "ended": false,
        "isNewIncident": true,
        "publicTransport": "",
        "impactingNetwork": false,
        "subCategoryB": null,
        "arrangementAttachments": [],
        "isInitialReport": false,
        "created": 1791432630000,
        "isMajor": false,
        "name": null,
        "subCategoryA": "Resurfacing",
        "adviceA": "Reduced speed limit",
        "adviceB": "Allow extra travel time",
        "adviceC": "Check signage",
        "end": 1793556000000,
        "hideEndDate": false,
        "incidentKind": "Planned",
        "mainCategory": "SCHEDULED ROADWORK",
        "lastUpdated": 1791432630823,
        "otherAdvice": "<p>Alternating (stop/slow) traffic conditions will be in place to allow motorists to pass in one direction at a time. Traffic lights in the area may be blacked out or flashing yellow.</p>",
        "arrangementElements": [],
        "diversions": "",
        "additionalInfo": [],
        "weblinkName": null,
        "attendingGroups": null,
        "encodedPolylines": [],
        "duration": null,
        "start": 1791714600000,
        "displayName": "SCHEDULED ROADWORK Resurfacing",
        "roads": [
          {
            "conditionTendency": "",
            "crossStreet": "Oxford Street",
            "delay": "",
            "impactedLanes": [],
            "locationQualifier": "between",
            "mainStreet": "Bondi Road",
            "quadrant": "",
            "queueLength": 0,
            "region": "Sydney",
            "secondLocation": "Penkivil Street",
            "suburb": "Bondi Junction",
            "trafficVolume": ""
          }
        ],
        "isLocalRoad": "State road",
        "CategoryIcon": "Roadworks"
      }
    },
    {
      "type": "Feature",
      "id": 288838,
      "geometry": {
        "type": "Point",
        "coordinates": [
          150.7789697,
          -33.6336245
        ],
        "collections": []
      },
      "properties": {
        "webLinks": [],
        "headline": "",
        "periods": [],
        "speedLimit": -1,
        "weblinkUrl": null,
        "expectedDelay": -1,
        "ended": false,
        "isNewIncident": false,
        "publicTransport": "",
        "impactingNetwork": false,
        "subCategoryB": null,
        "arrangementAttachments": [],
        "isInitialReport": false,
        "created": 1790074648000,
        "isMajor": false,
        "name": null,
        "subCategoryA": "null",
        "adviceA": "Plan your journey",
        "adviceB": "Check signage",
        "adviceC": "Follow directions on site",
        "end": 1792343700000,
        "hideEndDate": false,
        "incidentKind": "Planned",
        "mainCategory": "SCHEDULED ROADWORK",
        "lastUpdated": 1791545662928,
        "otherAdvice": "<p><strong>7pm Fri 16 October to 4am Mon 19 Oct</strong></p><p>From 7pm Fri 16 Oct, the existing alignment of The Driftway between Reynolds Rd and Blacktown Rd will be closed for five months. Eastbound access to Blacktown Road will be detoured via Carrington Rd.</p><p>From 7pm Fri 16 Oct, westbound traffic from Blacktown Rd will be switched to the new bridge alignment of The Driftway. No eastbound access will be permitted. This arrangement will be in place for five months. Local access to The Driftway between Luxford Rd and Reynolds Rd will be maintained. Right turn access to The Driftway from Blacktown Road southbound will be detoured via the George St roundabout to face Blacktown Rd northbound before turning left onto the new bridge alignment of The Driftway.</p><p>From 4pm Sat 17 Oct to 8am Sun 18 Oct and 4pm Sun 18 Oct to 4am Mon 19 Oct, Racecourse Rd will be closed at Blacktown Rd with traffic detoured via George St and Hawkesbury Valley Way.</p>",
        "arrangementElements": [],
        "diversions": "",
        "additionalInfo": [],
        "weblinkName": null,
        "attendingGroups": null,
        "encodedPolylines": [],
        "duration": null,
        "start": 1792135800000,
        "displayName": "SCHEDULED ROADWORK New Richmond Bridge Upgrade (The Driftway) Stage 1",
        "roads": [
          {
            "conditionTendency": "",
            "crossStreet": "The Driftway",
            "delay": "",
            "impactedLanes": [],
            "locationQualifier": "between",
            "mainStreet": "Blacktown Road",
            "quadrant": "",
            "queueLength": 0,
            "region": "Sydney",
            "secondLocation": "Racecourse Road",
            "suburb": "South Windsor",
            "trafficVolume": ""
          }
        ],
        "isLocalRoad": "State road",
        "CategoryIcon": "Roadworks"
      }
    },
    {
      "type": "Feature",
      "id": 281796,
      "geometry": {
        "type": "Point",
        "coordinates": [
          147.2138763,
          -35.2141592
        ],
        "collections": []
      },
      "properties": {
        "webLinks": [],
        "headline": "",
        "periods": [
          {
            "closureType": "ROAD_CLOSURE",
            "roadextent": "Affected",
            "roadtype": "",
            "direction": "Both directions",
            "finishTime": "4:00pm",
            "fromDay": "Weekdays",
            "startTime": "7:00am",
            "toDay": ""
          },
          {
            "closureType": "ROAD_CLOSURE",
            "roadextent": "Affected",
            "roadtype": "",
            "direction": "Both directions",
            "finishTime": "4:00pm",
            "fromDay": "Saturday",
            "startTime": "7:00am",
            "toDay": ""
          }
        ],
        "speedLimit": 40,
        "weblinkUrl": null,
        "expectedDelay": -1,
        "ended": true,
        "isNewIncident": false,
        "publicTransport": "",
        "impactingNetwork": false,
        "subCategoryB": null,
        "arrangementAttachments": [],
        "isInitialReport": false,
        "created": 1784268103000,
        "isMajor": false,
        "name": null,
        "subCategoryA": "Resurfacing",
        "adviceA": "Allow extra travel time",
        "adviceB": "Reduced speed limit",
        "adviceC": " ",
        "end": 1791608400000,
        "hideEndDate": false,
        "incidentKind": "Planned",
        "mainCategory": "SCHEDULED ROADWORK",
        "lastUpdated": 1791608407457,
        "otherAdvice": "<p>Single lane closures will be in place. Portable traffic lights will allow motorists to pass in one direction at a time.</p><p>Motorists are advised to allow approximately 5 minutes of additional travel time.</p><p>Reduced speed limits will also be in place outside of work hours. Motorists should follow directions of signs.</p>",
        "arrangementElements": [],
        "diversions": "",
        "additionalInfo": [],
        "weblinkName": null,
        "attendingGroups": null,
        "encodedPolylines": [],
        "duration": null,
        "start": 1784494800000,
        "displayName": "SCHEDULED ROADWORK Resurfacing",
        "roads": [
          {
            "conditionTendency": "",
            "crossStreet": "Ben Street",
            "delay": "",
            "impactedLanes": [],
            "locationQualifier": "between",
            "mainStreet": "Olympic Highway",
            "quadrant": "",
            "queueLength": 0,
            "region": "Riverina",
            "secondLocation": "Burkes Creek Road",
            "suburb": "Uranquinty",
            "trafficVolume": ""
          }
        ],
        "isLocalRoad": "State road",
        "CategoryIcon": "Roadworks"
      }
    },
    {
      "type": "Feature",
      "id": 277422,
      "geometry": {
        "type": "Point",
        "coordinates": [
          147.172682,
          -31.550352
        ],
        "collections": []
      },
      "properties": {
        "webLinks": [],
        "headline": "",
        "periods": [
          {
            "closureType": "ROAD_CLOSURE",
            "roadextent": "Affected",
            "roadtype": "",
            "direction": "Both directions",
            "finishTime": "5:00pm",
            "fromDay": "Weekdays",
            "startTime": "7:00am",
            "toDay": ""
          }
        ],
        "speedLimit": 40,
        "weblinkUrl": null,
        "expectedDelay": -1,
        "ended": true,
        "isNewIncident": false,
        "publicTransport": "",
        "impactingNetwork": false,
        "subCategoryB": null,
        "arrangementAttachments": [
          {
            "displayName": "NynganMitchellHwyWorkLocation",
            "fileName": "NynganMitchellHwyWorkLocation.png",
            "fileType": "PNG",
            "linkName": "NynganMitchellHwyWorkLocation",
            "sizeInBytes": 54187,
            "uniqueFileName": "928658_1780973802002_NynganMitchellHwyWorkLocation.png"
          }
        ],
        "isInitialReport": false,
        "created": 1781236803000,
        "isMajor": false,
        "name": null,
        "subCategoryA": "null",
        "adviceA": "Reduced speed limit",
        "adviceB": "Check signage",
        "adviceC": "Exercise caution",
        "end": 1791612000000,
        "hideEndDate": true,
        "incidentKind": "Planned",
        "mainCategory": "SCHEDULED ROADWORK",
        "lastUpdated": 1791612004775,
        "otherAdvice": "<p>Motorists are advised to allow approximately 5 minutes of additional travel time. </p>",
        "arrangementElements": [],
        "diversions": "",
        "additionalInfo": [],
        "weblinkName": null,
        "attendingGroups": null,
        "encodedPolylines": [],
        "duration": null,
        "start": 1781470800000,
        "displayName": "SCHEDULED ROADWORK",
        "roads": [
          {
            "conditionTendency": "",
            "crossStreet": "John Butler Road",
            "delay": "",
            "impactedLanes": [],
            "locationQualifier": "at",
            "mainStreet": "Mitchell Highway",
            "quadrant": "",
            "queueLength": 0,
            "region": "Far West NSW",
            "secondLocation": "",
            "suburb": "Nyngan",
            "trafficVolume": ""
          }
        ],
        "isLocalRoad": "State road",
        "CategoryIcon": "Roadworks"
      }
    },
    {
      "type": "Feature",
      "id": 278364,
      "geometry": {
        "type": "Point",
        "coordinates": [
          150.6666878,
          -33.775024
        ],
        "collections": []
      },
      "properties": {
        "webLinks": [
          {
            "linkText": "Mulgoa Road upgrade",
            "linkURL": "https://www.transport.nsw.gov.au/projects/current-projects/mulgoa-road-upgrade-between-glenmore-parkway-and-jeanette-street"
          }
        ],
        "headline": "",
        "periods": [
          {
            "closureType": "ROAD_CLOSURE",
            "roadextent": "Affected",
            "roadtype": "",
            "direction": "Both directions",
            "finishTime": "5:00am",
            "fromDay": "Every Day",
            "startTime": "8:30am",
            "toDay": ""
          }
        ],
        "speedLimit": 40,
        "weblinkUrl": null,
        "expectedDelay": -1,
        "ended": true,
        "isNewIncident": false,
        "publicTransport": "",
        "impactingNetwork": false,
        "subCategoryB": null,
        "arrangementAttachments": [],
        "isInitialReport": false,
        "created": 1781711529000,
        "isMajor": false,
        "name": null,
        "subCategoryA": "null",
        "adviceA": "Reduced speed limit",
        "adviceB": "Check signage",
        "adviceC": "Allow extra travel time",
        "end": 1791613800000,
        "hideEndDate": false,
        "incidentKind": "Planned",
        "mainCategory": "SCHEDULED ROADWORK",
        "lastUpdated": 1791613803763,
        "otherAdvice": "<p>Mulgoa Rd between the Glenmore Pkwy roundabout and Factory Rd will be reduced to 1 lane in each direction during the school holiday period. Schoolhouse Rd will be entry only from Mulgoa Rd with all traffic to exit out of Jeanette St with a left turn only. Use Glenmore Pkwy roundabout to travel north on Mulgoa Road.</p><p><strong>Full closure of Schoolhouse Rd at Mulgoa Rd  9pm to 5am each night from Mon 28 Sep to Sat 10 Oct.</strong></p><p>Detour via Jeanette Street. Northbound traffic will turn around at the Wolseley Street roundabout and travel west on Mulgoa Rd to access Jeanette Street</p>",
        "arrangementElements": [],
        "diversions": "",
        "additionalInfo": [],
        "weblinkName": null,
        "attendingGroups": null,
        "encodedPolylines": [],
        "duration": null,
        "start": 1790548200000,
        "displayName": "SCHEDULED ROADWORK Mulgoa Road Upgrade",
        "roads": [
          {
            "conditionTendency": "",
            "crossStreet": "Glenmore Parkway",
            "delay": "",
            "impactedLanes": [],
            "locationQualifier": "between",
            "mainStreet": "Mulgoa Road",
            "quadrant": "",
            "queueLength": 0,
            "region": "Sydney",
            "secondLocation": "Factory Road / Jeanette Street",
            "suburb": "Regentville",
            "trafficVolume": ""
          }
        ],
        "isLocalRoad": "State road",
        "CategoryIcon": "Roadworks"
      }
    },
    {
      "type": "Feature",
      "id": 287626,
      "geometry": {
        "type": "Point",
        "coordinates": [
          151.215341,
          -33.8290358
        ],
        "collections": []
      },
      "properties": {
        "webLinks": [],
        "headline": "",
        "periods": [
          {
            "closureType": "ROAD_CLOSURE",
            "roadextent": "Affected",
            "roadtype": "",
            "direction": "All directions",
            "finishTime": "11:59pm",
            "fromDay": "Friday",
            "startTime": "8:00pm",
            "toDay": ""
          },
          {
            "closureType": "ROAD_CLOSURE",
            "roadextent": "Affected",
            "roadtype": "",
            "direction": "All directions",
            "finishTime": "6:00pm",
            "fromDay": "Saturday",
            "startTime": "12:00am",
            "toDay": ""
          }
        ],
        "speedLimit": 40,
        "weblinkUrl": null,
        "expectedDelay": -1,
        "ended": true,
        "isNewIncident": false,
        "publicTransport": "",
        "impactingNetwork": false,
        "subCategoryB": null,
        "arrangementAttachments": [],
        "isInitialReport": false,
        "created": 1788922886000,
        "isMajor": false,
        "name": null,
        "subCategoryA": "null",
        "adviceA": "Reduced speed limit",
        "adviceB": "Check signage",
        "adviceC": " ",
        "end": 1791615600000,
        "hideEndDate": false,
        "incidentKind": "Planned",
        "mainCategory": "SCHEDULED ROADWORK",
        "lastUpdated": 1791615664563,
        "otherAdvice": "",
        "arrangementElements": [],
        "diversions": "<p>Ben Boyd Road and Ernest Street.</p>",
        "additionalInfo": [],
        "weblinkName": null,
        "attendingGroups": null,
        "encodedPolylines": [],
        "duration": null,
        "start": 1791498600000,
        "displayName": "SCHEDULED ROADWORK",
        "roads": [
          {
            "conditionTendency": "",
            "crossStreet": "Falcon Street",
            "delay": "",
            "impactedLanes": [],
            "locationQualifier": "between",
            "mainStreet": "Merlin Street",
            "quadrant": "",
            "queueLength": 0,
            "region": "Sydney",
            "secondLocation": "Ernest Street",
            "suburb": "Neutral Bay",
            "trafficVolume": ""
          }
        ],
        "isLocalRoad": "State road",
        "CategoryIcon": "Roadworks"
      }
    },
    {
      "type": "Feature",
      "id": 287203,
      "geometry": {
        "type": "Point",
        "coordinates": [
          151.1631067,
          -33.7924969
        ],
        "collections": []
      },
      "properties": {
        "webLinks": [],
        "headline": "",
        "periods": [
          {
            "closureType": "ROAD_CLOSURE",
            "roadextent": "Affected",
            "roadtype": "",
            "direction": "Both directions",
            "finishTime": "5:00am",
            "fromDay": "Every Day",
            "startTime": "8:00pm",
            "toDay": ""
          }
        ],
        "speedLimit": -1,
        "weblinkUrl": null,
        "expectedDelay": -1,
        "ended": true,
        "isNewIncident": false,
        "publicTransport": "",
        "impactingNetwork": false,
        "subCategoryB": null,
        "arrangementAttachments": [],
        "isInitialReport": false,
        "created": 1788514479000,
        "isMajor": false,
        "name": null,
        "subCategoryA": "null",
        "adviceA": "Exercise caution",
        "adviceB": "Expect delays",
        "adviceC": " ",
        "end": 1791620940000,
        "hideEndDate": false,
        "incidentKind": "Planned",
        "mainCategory": "SCHEDULED ROADWORK",
        "lastUpdated": 1791621007524,
        "otherAdvice": "<p>Alternating (stop/slow) traffic conditions will be in place to allow motorists to pass in one direction at a time. </p><p><strong>There will be no work on Sun 13 Sep, Mon 14 Oct, Sat 19 Sep, Sun 20 Sep, Mon 21 Sep and Sun 4 Oct.</strong></p><p><strong>There will also be additional work on Mon 5 Oct between 1am to 5am.</strong></p>",
        "arrangementElements": [],
        "diversions": "",
        "additionalInfo": [],
        "weblinkName": null,
        "attendingGroups": null,
        "encodedPolylines": [],
        "duration": null,
        "start": 1789120800000,
        "displayName": "SCHEDULED ROADWORK",
        "roads": [
          {
            "conditionTendency": "",
            "crossStreet": "Lady Game Drive",
            "delay": "",
            "impactedLanes": [],
            "locationQualifier": "between",
            "mainStreet": "Millwood Avenue",
            "quadrant": "",
            "queueLength": 0,
            "region": "Sydney",
            "secondLocation": "Fullers Road",
            "suburb": "Chatswood West / Chatswood",
            "trafficVolume": ""
          }
        ],
        "isLocalRoad": "State road",
        "CategoryIcon": "Roadworks"
      }
    },
    {
      "type": "Feature",
      "id": 289733,
      "geometry": {
        "type": "Point",
        "coordinates": [
          149.8385723,
          -36.6001473
        ],
        "collections": []
      },
      "properties": {
        "webLinks": [],
        "headline": "",
        "periods": [
          {
            "closureType": "ROAD_CLOSURE",
            "roadextent": "Affected",
            "roadtype": "",
            "direction": "Both directions",
            "finishTime": "5:00pm",
            "fromDay": "Weekdays",
            "startTime": "7:00am",
            "toDay": ""
          }
        ],
        "speedLimit": 40,
        "weblinkUrl": null,
        "expectedDelay": -1,
        "ended": false,
        "isNewIncident": true,
        "publicTransport": "",
        "impactingNetwork": false,
        "subCategoryB": null,
        "arrangementAttachments": [],
        "isInitialReport": false,
        "created": 1791658863000,
        "isMajor": false,
        "name": null,
        "subCategoryA": "Bridge work",
        "adviceA": "Reduced speed limit",
        "adviceB": "Exercise caution",
        "adviceC": " ",
        "end": 1793858400000,
        "hideEndDate": false,
        "incidentKind": "Planned",
        "mainCategory": "SCHEDULED ROADWORK",
        "lastUpdated": 1791658863751,
        "otherAdvice": "",
        "arrangementElements": [],
        "diversions": "",
        "additionalInfo": [],
        "weblinkName": null,
        "attendingGroups": null,
        "encodedPolylines": [],
        "duration": null,
        "start": 1792267200000,
        "displayName": "SCHEDULED ROADWORK Bridge work",
        "roads": [
          {
            "conditionTendency": "",
            "crossStreet": "Greendale Road",
            "delay": "",
            "impactedLanes": [],
            "locationQualifier": "near",
            "mainStreet": "Princes Highway",
            "quadrant": "",
            "queueLength": 0,
            "region": "South Coast",
            "secondLocation": "",
            "suburb": "Stony Creek",
            "trafficVolume": ""
          }
        ],
        "isLocalRoad": "State road",
        "CategoryIcon": "Roadworks"
      }
    },
    {
      "type": "Feature",
      "id": 289640,
      "geometry": {
        "type": "Point",
        "coordinates": [
          150.558784,
          -33.700712
        ],
        "collections": []
      },
      "properties": {
        "webLinks": [],
        "headline": "",
        "periods": [
          {
            "closureType": "ROAD_CLOSURE",
            "roadextent": "Affected",
            "roadtype": "",
            "direction": "Both directions",
            "finishTime": "5:00am",
            "fromDay": "Sunday",
            "startTime": "8:00pm",
            "toDay": ""
          },
          {
            "closureType": "ROAD_CLOSURE",
            "roadextent": "Affected",
            "roadtype": "",
            "direction": "Both directions",
            "finishTime": "5:00am",
            "fromDay": "Monday",
            "startTime": "8:00pm",
            "toDay": ""
          },
          {
            "closureType": "ROAD_CLOSURE",
            "roadextent": "Affected",
            "roadtype": "",
            "direction": "Both directions",
            "finishTime": "5:00am",
            "fromDay": "Tuesday",
            "startTime": "8:00pm",
            "toDay": ""
          },
          {
            "closureType": "ROAD_CLOSURE",
            "roadextent": "Affected",
            "roadtype": "",
            "direction": "Both directions",
            "finishTime": "5:00am",
            "fromDay": "Wednesday",
            "startTime": "8:00pm",
            "toDay": ""
          },
          {
            "closureType": "ROAD_CLOSURE",
            "roadextent": "Affected",
            "roadtype": "",
            "direction": "Both directions",
            "finishTime": "5:00am",
            "fromDay": "Thursday",
            "startTime": "8:00pm",
            "toDay": ""
          }
        ],
        "speedLimit": 40,
        "weblinkUrl": null,
        "expectedDelay": -1,
        "ended": false,
        "isNewIncident": true,
        "publicTransport": "",
        "impactingNetwork": false,
        "subCategoryB": null,
        "arrangementAttachments": [],
        "isInitialReport": false,
        "created": 1791658862000,
        "isMajor": false,
        "name": null,
        "subCategoryA": "null",
        "adviceA": "Reduced speed limit",
        "adviceB": "Check signage",
        "adviceC": " ",
        "end": 1792692000000,
        "hideEndDate": false,
        "incidentKind": "Planned",
        "mainCategory": "SCHEDULED ROADWORK",
        "lastUpdated": 1791658863751,
        "otherAdvice": "",
        "arrangementElements": [],
        "diversions": "",
        "additionalInfo": [],
        "weblinkName": null,
        "attendingGroups": null,
        "encodedPolylines": [],
        "duration": null,
        "start": 1792314000000,
        "displayName": "SCHEDULED ROADWORK",
        "roads": [
          {
            "conditionTendency": "",
            "crossStreet": "Ferguson Road",
            "delay": "",
            "impactedLanes": [],
            "locationQualifier": "at",
            "mainStreet": "Great Western Highway",
            "quadrant": "",
            "queueLength": 0,
            "region": "Blue Mountains",
            "secondLocation": "",
            "suburb": "Springwood",
            "trafficVolume": ""
          }
        ],
        "isLocalRoad": "State road",
        "CategoryIcon": "Roadworks"
      }
    },
    {
      "type": "Feature",
      "id": 290318,
      "geometry": {
        "type": "Point",
        "coordinates": [
          150.384564,
          -33.724633
        ],
        "collections": []
      },
      "properties": {
        "webLinks": [],
        "headline": "",
        "periods": [
          {
            "closureType": "ROAD_CLOSURE",
            "roadextent": "Affected",
            "roadtype": "",
            "direction": "Both directions",
            "finishTime": "",
            "fromDay": "Every Night",
            "startTime": "all day",
            "toDay": ""
          }
        ],
        "speedLimit": 40,
        "weblinkUrl": null,
        "expectedDelay": -1,
        "ended": false,
        "isNewIncident": true,
        "publicTransport": "",
        "impactingNetwork": false,
        "subCategoryB": null,
        "arrangementAttachments": [],
        "isInitialReport": false,
        "created": 1791658862000,
        "isMajor": false,
        "name": null,
        "subCategoryA": "null",
        "adviceA": "Reduced speed limit",
        "adviceB": "Check signage",
        "adviceC": " ",
        "end": 1792692000000,
        "hideEndDate": false,
        "incidentKind": "Planned",
        "mainCategory": "SCHEDULED ROADWORK",
        "lastUpdated": 1791658863754,
        "otherAdvice": "",
        "arrangementElements": [],
        "diversions": "",
        "additionalInfo": [],
        "weblinkName": null,
        "attendingGroups": null,
        "encodedPolylines": [],
        "duration": null,
        "start": 1792314000000,
        "displayName": "SCHEDULED ROADWORK",
        "roads": [
          {
            "conditionTendency": "",
            "crossStreet": "Tableland Road",
            "delay": "",
            "impactedLanes": [],
            "locationQualifier": "near",
            "mainStreet": "Great Western Highway",
            "quadrant": "",
            "queueLength": 0,
            "region": "Blue Mountains",
            "secondLocation": "",
            "suburb": "Wentworth Falls",
            "trafficVolume": ""
          }
        ],
        "isLocalRoad": "State road",
        "CategoryIcon": "Roadworks"
      }
    },
    {
      "type": "Feature",
      "id": 289729,
      "geometry": {
        "type": "Point",
        "coordinates": [
          150.546017,
          -33.692371
        ],
        "collections": []
      },
      "properties": {
        "webLinks": [],
        "headline": "",
        "periods": [
          {
            "closureType": "ROAD_CLOSURE",
            "roadextent": "Affected",
            "roadtype": "",
            "direction": "Both directions",
            "finishTime": "",
            "fromDay": "Every Day",
            "startTime": "all day",
            "toDay": ""
          }
        ],
        "speedLimit": 40,
        "weblinkUrl": null,
        "expectedDelay": -1,
        "ended": false,
        "isNewIncident": true,
        "publicTransport": "",
        "impactingNetwork": false,
        "subCategoryB": null,
        "arrangementAttachments": [],
        "isInitialReport": false,
        "created": 1791658863000,
        "isMajor": false,
        "name": null,
        "subCategoryA": "null",
        "adviceA": "Reduced speed limit",
        "adviceB": "Check signage",
        "adviceC": " ",
        "end": 1792692000000,
        "hideEndDate": false,
        "incidentKind": "Planned",
        "mainCategory": "SCHEDULED ROADWORK",
        "lastUpdated": 1791658863753,
        "otherAdvice": "",
        "arrangementElements": [],
        "diversions": "",
        "additionalInfo": [],
        "weblinkName": null,
        "attendingGroups": null,
        "encodedPolylines": [],
        "duration": null,
        "start": 1792314000000,
        "displayName": "SCHEDULED ROADWORK",
        "roads": [
          {
            "conditionTendency": "",
            "crossStreet": "Grose Road",
            "delay": "",
            "impactedLanes": [],
            "locationQualifier": "near",
            "mainStreet": "Great Western Highway",
            "quadrant": "",
            "queueLength": 0,
            "region": "Blue Mountains",
            "secondLocation": "",
            "suburb": "Faulconbridge",
            "trafficVolume": ""
          }
        ],
        "isLocalRoad": "State road",
        "CategoryIcon": "Roadworks"
      }
    },
    {
      "type": "Feature",
      "id": 290490,
      "geometry": {
        "type": "Point",
        "coordinates": [
          151.104976,
          -33.9774965
        ],
        "collections": []
      },
      "properties": {
        "webLinks": [],
        "headline": "",
        "periods": [
          {
            "closureType": "ROAD_CLOSURE",
            "roadextent": "Affected",
            "roadtype": "",
            "direction": "Both directions",
            "finishTime": "6:00am",
            "fromDay": "Friday",
            "startTime": "10:00pm",
            "toDay": ""
          },
          {
            "closureType": "ROAD_CLOSURE",
            "roadextent": "Affected",
            "roadtype": "",
            "direction": "Both directions",
            "finishTime": "7:00am",
            "fromDay": "Saturday",
            "startTime": "10:00pm",
            "toDay": ""
          }
        ],
        "speedLimit": -1,
        "weblinkUrl": null,
        "expectedDelay": -1,
        "ended": true,
        "isNewIncident": false,
        "publicTransport": "",
        "impactingNetwork": false,
        "subCategoryB": null,
        "arrangementAttachments": [],
        "isInitialReport": false,
        "created": 1791527246000,
        "isMajor": false,
        "name": null,
        "subCategoryA": "Power pole/line repairs",
        "adviceA": "Check signage",
        "adviceB": "Allow extra travel time",
        "adviceC": " ",
        "end": 1791663300000,
        "hideEndDate": false,
        "incidentKind": "Planned",
        "mainCategory": "SCHEDULED ROADWORK",
        "lastUpdated": 1791663346439,
        "otherAdvice": "<p>Contraflow traffic conditions will be in place to allow motorists to pass in both directions. </p><p>Access to Culwulla St &amp; Joffre St will be via Connells Point Rd during works.</p>",
        "arrangementElements": [],
        "diversions": "",
        "additionalInfo": [],
        "weblinkName": null,
        "attendingGroups": null,
        "encodedPolylines": [],
        "duration": null,
        "start": 1791541800000,
        "displayName": "SCHEDULED ROADWORK Power pole/line repairs",
        "roads": [
          {
            "conditionTendency": "",
            "crossStreet": "Maher Street",
            "delay": "",
            "impactedLanes": [],
            "locationQualifier": "between",
            "mainStreet": "King Georges Road",
            "quadrant": "",
            "queueLength": 0,
            "region": "Sydney",
            "secondLocation": "Cheddar Street",
            "suburb": "Hurstville to Blakehurst",
            "trafficVolume": ""
          }
        ],
        "isLocalRoad": "State road",
        "CategoryIcon": "Roadworks"
      }
    }
  ]
}